Trivial Name|BatchNo|Conc uM|Smiles|Rel Cell Count|Induction|Cluster AKT/PI3K/MTOR|Cluster Aurora|Cluster BET|Cluster DNA Synthesis|Cluster HDAC|Cluster HSP90|Cluster L/CH|Cluster Na+/K+ ATPase|Cluster Protein Synthesis|Cluster Pyrimidine Synthesis|Cluster Tubulin|Cluster Uncoupling
Centrocountin 1|1|10.0|COC(=O)C1=CC(C(=O)c2ccccc2O)=CN2CCc3c([nH]c4ccccc34)[C@@]12C(=O)OC|79|5.4|0.0|6.2|26.4|4.3|21.6|31.2|38.8|7.2|0.0|0.0|59.9|5.6
Centrocountin 1|1|30.0|COC(=O)C1=CC(C(=O)c2ccccc2O)=CN2CCc3c([nH]c4ccccc34)[C@@]12C(=O)OC|75|54.2|0.0|0.0|72.1|0.0|71.6|52.0|63.7|53.8|50.3|0.0|91.9|57.5
Centrocountin 1|1|30.0|COC(=O)C1=CC(C(=O)c2ccccc2O)=CN2CCc3c([nH]c4ccccc34)[C@@]12C(=O)OC|76|71.0|0.0|0.0|77.3|0.0|76.7|47.8|62.4|55.5|59.0|0.0|88.9|52.8
Centrocountin 1|1|50.0|COC(=O)C1=CC(C(=O)c2ccccc2O)=CN2CCc3c([nH]c4ccccc34)[C@@]12C(=O)OC|72|59.6|0.0|0.0|77.6|0.0|76.0|48.0|68.0|56.1|50.9|0.0|92.4|61.5
Centrocountin 1|1|50.0|COC(=O)C1=CC(C(=O)c2ccccc2O)=CN2CCc3c([nH]c4ccccc34)[C@@]12C(=O)OC|75|58.7|0.0|0.0|76.7|0.0|75.1|45.8|61.9|55.7|55.7|0.0|86.2|53.3
Centrocountin 1|1|30.0|COC(=O)C1=CC(C(=O)c2ccccc2O)=CN2CCc3c([nH]c4ccccc34)[C@]12C(=O)OC|96|13.3|14.1|0.0|20.0|0.0|18.8|58.3|29.7|7.2|1.0|0.0|31.6|18.9
Centrocountin 1|1|30.0|COC(=O)C1=CC(C(=O)c2ccccc2O)=CN2CCc3c([nH]c4ccccc34)[C@]12C(=O)OC|89|30.9|0.0|0.0|48.3|0.0|47.0|57.4|49.3|21.1|41.1|0.0|58.9|34.5
Centrocountin 1|1|50.0|COC(=O)C1=CC(C(=O)c2ccccc2O)=CN2CCc3c([nH]c4ccccc34)[C@]12C(=O)OC|85|17.1|17.8|0.0|24.8|0.0|23.0|64.7|30.9|8.4|21.5|0.0|42.0|34.6
Centrocountin 1|1|50.0|COC(=O)C1=CC(C(=O)c2ccccc2O)=CN2CCc3c([nH]c4ccccc34)[C@]12C(=O)OC|91|32.8|0.0|0.0|56.1|0.0|51.6|55.3|54.8|23.4|49.3|0.0|66.4|41.0
Tubulexin A|2|3.0|COc1ccc(CC[C@H]2C[C@@H](OC(C)=O)C[C@@H](c3ccc(OCc4ccccc4)c(O)c3)O2)cc1|88|12.8|0.0|0.0|48.6|0.0|53.6|28.0|37.6|28.8|61.1|0.0|81.8|32.5
Tubulexin A|2|10.0|COc1ccc(CC[C@H]2C[C@@H](OC(C)=O)C[C@@H](c3ccc(OCc4ccccc4)c(O)c3)O2)cc1|64|33.2|0.0|0.0|67.0|0.0|67.1|50.6|49.0|56.6|61.7|0.0|89.1|48.9
Tubulexin A|2|30.0|COc1ccc(CC[C@H]2C[C@@H](OC(C)=O)C[C@@H](c3ccc(OCc4ccccc4)c(O)c3)O2)cc1|66|63.7|0.0|2.1|74.3|0.0|81.3|55.3|69.0|55.8|57.0|0.0|91.6|52.6
Tubulexin A|2|50.0|COc1ccc(CC[C@H]2C[C@@H](OC(C)=O)C[C@@H](c3ccc(OCc4ccccc4)c(O)c3)O2)cc1|60|68.9|0.0|0.0|77.4|0.0|81.3|53.0|73.9|54.1|58.7|0.0|92.4|53.2
AG-1478|2|10.0|COc1cc2ncnc(Nc3cccc(Cl)c3)c2cc1OC|98|11.4|81.6|0.0|0.0|62.0|0.0|25.3|15.8|0.0|0.0|40.2|0.0|32.9
AG-1478|2|30.0|COc1cc2ncnc(Nc3cccc(Cl)c3)c2cc1OC|80|60.8|9.6|0.0|52.8|0.0|50.4|57.9|40.1|25.8|63.4|0.0|61.9|70.7
Dynarrestin|1|10.0|CCOC(=O)c1sc(Nc2ccc(F)cc2F)nc1-c1ccc(N(CC)CC)cc1|87|20.4|0.0|0.0|32.1|0.0|26.4|19.7|37.8|24.1|24.2|0.0|36.2|0.6
Dynarrestin|1|30.0|CCOC(=O)c1sc(Nc2ccc(F)cc2F)nc1-c1ccc(N(CC)CC)cc1|85|42.8|0.0|0.0|32.0|0.0|30.4|29.6|40.1|26.9|30.2|0.0|39.5|7.2
Vatalanib|2|10.0|Clc1ccc(Nc2nnc(Cc3ccncc3)c3ccccc23)cc1|95|37.0|0.0|0.0|78.7|0.0|74.2|36.4|77.3|38.0|58.4|0.0|75.1|59.4
Vatalanib|2|30.0|Clc1ccc(Nc2nnc(Cc3ccncc3)c3ccccc23)cc1|79|75.0|0.0|0.0|78.2|0.0|78.6|51.9|72.0|46.0|64.8|0.0|85.1|64.1
Rutaecarpine|2|30.0|O=c1c2ccccc2nc2n1CCc1c-2[nH]c2ccccc12|76|55.4|0.0|2.7|72.0|0.0|72.5|38.2|64.0|50.9|72.1|0.0|83.9|55.1
|2|30.0|COc1ccc2[nH]c3c(c2c1)CCNC3|103|14.2|0.0|0.0|49.3|0.0|49.2|35.4|60.8|18.8|37.8|0.0|59.9|35.8
Metergoline|2|3.0|CN1C[C@H](CNC(=O)OCc2ccccc2)C[C@@H]2c3cccc4c3c(cn4C)C[C@H]21|99|28.5|0.0|0.0|70.9|0.0|74.9|19.8|85.1|33.0|58.5|0.0|70.1|39.8
Metergoline|2|10.0|CN1C[C@H](CNC(=O)OCc2ccccc2)C[C@@H]2c3cccc4c3c(cn4C)C[C@H]21|99|57.2|0.0|0.0|80.7|0.0|78.6|3.9|94.0|40.3|49.3|0.0|69.1|49.5
Nomifensine (maleate)|2|30.0|CN1Cc2c(N)cccc2C(c2ccccc2)C1|98|5.4|14.8|0.0|36.6|28.3|26.6|2.9|67.7|1.3|18.4|0.0|47.0|27.9
Trequinsin hydrochloride HL 725|2|10.0|COc1cc2c(cc1OC)-c1c/c(=N\c3c(C)cc(C)cc3C)n(C)c(=O)n1CC2|93|29.5|0.0|0.0|81.3|0.0|74.6|8.7|88.6|37.3|57.8|0.0|77.4|44.9
Trequinsin hydrochloride HL 725|2|30.0|COc1cc2c(cc1OC)-c1c/c(=N\c3c(C)cc(C)cc3C)n(C)c(=O)n1CC2|106|46.3|0.0|0.0|63.6|0.0|63.9|32.5|75.7|21.8|43.3|0.0|65.8|48.4
Nicotinamide|10|0.2|NC(=O)c1cccnc1|96|16.2|52.8|0.0|29.8|25.8|25.6|13.5|52.6|0.0|25.4|0.0|31.1|66.6
Nicotinamide|10|2.0|NC(=O)c1cccnc1|87|57.9|0.0|0.0|81.1|0.0|77.0|12.1|80.1|45.9|71.7|0.0|77.3|71.2
Dopamine hydrochloride|2|10.0|NCCc1ccc(O)c(O)c1|99|5.2|7.0|0.0|59.9|0.0|48.7|31.6|63.0|16.3|39.6|0.0|64.6|58.8
Dopamine hydrochloride|2|30.0|NCCc1ccc(O)c(O)c1|104|7.9|0.0|0.0|73.0|0.0|66.0|0.0|69.6|42.5|39.8|0.0|65.6|55.9
Authipyrin|2|10.0|O=C(c1ccc2c(c1)OCCO2)C1CCN(c2ncnc3sccc23)CC1|96|5.5|46.7|0.0|0.0|66.0|0.0|7.7|0.0|0.0|0.0|46.7|10.1|23.3
Reserpine, Methyl reserpate|2|10.0|COC(=O)[C@H]1[C@H]2C[C@@H]3c4[nH]c5cc(OC)ccc5c4CCN3C[C@H]2C[C@@H](OC(=O)c2cc(OC)c(OC)c(OC)c2)[C@@H]1OC|97|51.3|0.0|0.0|74.2|0.0|75.8|36.5|84.1|35.1|50.6|0.0|67.9|55.0
Reserpine, Methyl reserpate|2|30.0|COC(=O)[C@H]1[C@H]2C[C@@H]3c4[nH]c5cc(OC)ccc5c4CCN3C[C@H]2C[C@@H](OC(=O)c2cc(OC)c(OC)c(OC)c2)[C@@H]1OC|81|74.1|0.0|0.0|77.8|0.0|77.3|20.4|91.7|36.1|46.5|0.0|71.6|59.0
Reserpine, Methyl reserpate|3|1.0|COC(=O)[C@H]1[C@H]2C[C@@H]3c4[nH]c5cc(OC)ccc5c4CCN3C[C@H]2C[C@@H](OC(=O)c2cc(OC)c(OC)c(OC)c2)[C@@H]1OC|106|8.1|0.0|0.0|33.0|0.0|28.4|34.5|47.3|0.1|20.6|0.0|39.6|5.6
Reserpine, Methyl reserpate|3|3.0|COC(=O)[C@H]1[C@H]2C[C@@H]3c4[nH]c5cc(OC)ccc5c4CCN3C[C@H]2C[C@@H](OC(=O)c2cc(OC)c(OC)c(OC)c2)[C@@H]1OC|91|5.9|0.0|0.0|31.4|0.0|32.8|32.4|54.7|8.5|6.3|0.0|34.7|4.8
Reserpine, Methyl reserpate|3|10.0|COC(=O)[C@H]1[C@H]2C[C@@H]3c4[nH]c5cc(OC)ccc5c4CCN3C[C@H]2C[C@@H](OC(=O)c2cc(OC)c(OC)c(OC)c2)[C@@H]1OC|87|42.7|0.0|0.0|70.6|0.0|72.3|38.5|88.1|30.3|45.9|0.0|65.9|49.2
Reserpine, Methyl reserpate|3|30.0|COC(=O)[C@H]1[C@H]2C[C@@H]3c4[nH]c5cc(OC)ccc5c4CCN3C[C@H]2C[C@@H](OC(=O)c2cc(OC)c(OC)c(OC)c2)[C@@H]1OC|67|80.5|0.0|0.0|68.9|0.0|68.9|29.1|81.3|30.2|52.3|0.0|70.3|55.4
Praziquantel|3|30.0|O=C(C1CCCCC1)N1CC(=O)N2CCc3ccccc3C2C1|97|18.1|0.0|0.0|22.5|0.0|22.3|39.6|42.2|0.6|24.3|0.0|35.7|0.0
(S)-(+)-Camptothecin|1|1.0|CC[C@@]1(O)C(=O)OCc2c1cc1n(c2=O)Cc2cc3ccccc3nc2-1|65|22.8|31.4|41.9|0.0|78.9|0.0|7.2|0.0|0.0|0.0|70.1|0.0|0.0
(S)-(+)-Camptothecin|1|3.0|CC[C@@]1(O)C(=O)OCc2c1cc1n(c2=O)Cc2cc3ccccc3nc2-1|61|39.2|52.1|8.8|0.0|86.5|0.0|6.6|0.0|0.0|0.0|72.8|0.0|0.0
(S)-(+)-Camptothecin|2|10.0|CC[C@@]1(O)C(=O)OCc2c1cc1n(c2=O)Cc2cc3ccccc3nc2-1|65|28.5|43.4|32.2|0.0|93.0|0.0|0.0|0.0|0.0|0.0|83.0|0.0|0.0
(S)-(+)-Camptothecin|2|30.0|CC[C@@]1(O)C(=O)OCc2c1cc1n(c2=O)Cc2cc3ccccc3nc2-1|55|39.0|48.7|18.4|0.0|87.0|0.0|11.8|0.0|0.0|0.0|60.2|0.0|0.0
Cantharidin|3|3.0|C[C@]12C(=O)OC(=O)[C@@]1(C)[C@@H]1CC[C@H]2O1|90|51.5|0.0|0.0|82.1|0.0|76.6|11.1|59.3|55.5|77.9|0.0|83.1|47.0
Nocodazole|3|0.1|COC(=O)Nc1nc2cc(C(=O)c3cccs3)ccc2[nH]1|67|58.2|0.0|0.0|75.9|0.0|75.3|25.2|61.8|57.6|67.3|0.0|93.9|53.5
Nocodazole|3|0.1|COC(=O)Nc1nc2cc(C(=O)c3cccs3)ccc2[nH]1|69|61.3|0.0|0.0|75.2|0.0|74.2|30.4|57.8|61.8|66.4|0.0|94.0|57.4
Benfluorex (hydrochloride)|2|30.0|CC(Cc1cccc(C(F)(F)F)c1)NCCOC(=O)c1ccccc1|98|23.5|0.0|0.0|43.0|0.0|44.2|25.6|52.9|11.0|36.8|0.0|48.5|25.1
Colchicine|3|0.03|COc1cc2c(c(OC)c1OC)-c1ccc(OC)c(=O)cc1[C@@H](NC(C)=O)CC2|80|23.0|0.0|30.1|19.2|0.0|43.7|57.9|11.9|33.2|32.8|0.0|38.4|13.3
Colchicine|3|0.1|COc1cc2c(c(OC)c1OC)-c1ccc(OC)c(=O)cc1[C@@H](NC(C)=O)CC2|51|55.8|0.0|13.9|51.6|0.0|63.9|48.0|50.6|36.0|60.7|0.0|60.7|48.9
Berberine (chloride hydrate)|2|10.0|COc1ccc2cc3[n+](cc2c1OC)CCc1cc2c(cc1-3)OCO2|93|18.1|3.8|9.2|0.0|31.5|0.0|29.2|5.5|0.0|3.9|29.1|8.3|0.0
Berberine (chloride hydrate)|2|30.0|COc1ccc2cc3[n+](cc2c1OC)CCc1cc2c(cc1-3)OCO2|91|25.4|0.9|5.0|3.8|12.6|0.0|23.8|21.4|7.4|12.7|0.0|17.2|0.0
Berberine (chloride hydrate)|2|50.0|COc1ccc2cc3[n+](cc2c1OC)CCc1cc2c(cc1-3)OCO2|97|31.8|1.9|6.3|0.0|21.1|0.0|23.0|17.8|3.4|8.6|6.9|13.8|0.0
Perphenazine|1|3.0|OCCN1CCN(CCCN2c3ccccc3Sc3ccc(Cl)cc32)CC1|91|10.7|0.0|0.0|77.5|0.0|78.6|18.4|87.0|40.3|52.6|0.0|75.8|43.0
Perphenazine|2|10.0|OCCN1CCN(CCCN2c3ccccc3Sc3ccc(Cl)cc32)CC1|102|54.4|0.0|0.0|84.6|0.0|83.3|14.2|93.4|44.7|56.9|0.0|74.8|56.3
Perphenazine|3|10.0|OCCN1CCN(CCCN2c3ccccc3Sc3ccc(Cl)cc32)CC1|85|79.1|0.0|0.0|86.4|0.0|82.5|3.6|90.6|44.8|57.3|0.0|77.0|61.1
Oxybutynin Chloride|2|10.0|CCN(CC)CC#CCOC(=O)C(O)(c1ccccc1)C1CCCCC1|105|7.3|0.0|0.0|53.1|0.1|46.9|0.0|77.6|14.6|13.2|0.0|57.7|35.8
Oxybutynin Chloride|2|30.0|CCN(CC)CC#CCOC(=O)C(O)(c1ccccc1)C1CCCCC1|94|42.8|0.0|0.0|73.3|0.0|70.7|19.2|93.8|35.4|46.1|0.0|72.3|49.4
Oxybutynin Chloride|3|10.0|CCN(CC)CC#CCOC(=O)C(O)(c1ccccc1)C1CCCCC1|103|7.3|0.0|0.0|70.4|0.0|67.3|10.0|85.2|26.6|43.7|0.0|62.7|41.5
Oxybutynin Chloride|3|30.0|CCN(CC)CC#CCOC(=O)C(O)(c1ccccc1)C1CCCCC1|104|77.2|0.0|0.0|69.2|0.0|69.3|31.8|83.6|25.3|51.9|0.0|69.2|44.8
Flunarizine dihydrochloride|2|10.0|Fc1ccc(C(c2ccc(F)cc2)N2CCN(C/C=C/c3ccccc3)CC2)cc1|107|6.2|0.0|0.0|60.7|0.0|55.6|10.6|72.7|20.4|38.4|0.0|59.6|40.4
Flunarizine dihydrochloride|2|30.0|Fc1ccc(C(c2ccc(F)cc2)N2CCN(C/C=C/c3ccccc3)CC2)cc1|100|40.1|0.0|0.0|63.8|0.0|55.9|1.2|89.3|18.5|29.6|0.0|55.5|33.8
Flunarizine dihydrochloride|3|10.0|Fc1ccc(C(c2ccc(F)cc2)N2CCN(C/C=C/c3ccccc3)CC2)cc1|99|15.9|0.0|0.0|35.3|0.0|31.5|23.1|59.1|0.0|21.3|0.0|39.1|0.0
Flunarizine dihydrochloride|3|30.0|Fc1ccc(C(c2ccc(F)cc2)N2CCN(C/C=C/c3ccccc3)CC2)cc1|100|51.5|0.0|0.0|57.6|0.0|55.0|23.0|73.7|19.5|38.8|0.0|57.7|31.4
Xylometazoline (hydrochloride)|2|30.0|Cc1cc(C(C)(C)C)cc(C)c1CC1=NCCN1|102|16.8|0.0|0.0|75.1|0.0|72.7|4.2|93.3|39.6|44.9|0.0|70.2|46.9
Xylometazoline (hydrochloride)|3|10.0|Cc1cc(C(C)(C)C)cc(C)c1CC1=NCCN1|103|5.0|0.0|0.0|46.6|0.0|48.9|0.0|57.2|33.8|0.0|0.0|26.1|25.8
Xylometazoline (hydrochloride)|3|30.0|Cc1cc(C(C)(C)C)cc(C)c1CC1=NCCN1|102|15.2|0.0|0.0|67.4|0.0|61.0|0.0|88.9|32.9|22.7|0.0|55.1|26.8
Hycanthone|2|3.0|CCN(CC)CCNc1ccc(CO)c2sc3ccccc3c(=O)c12|86|15.4|24.7|45.2|0.0|82.3|0.0|2.7|0.0|0.0|0.0|66.4|0.0|0.0
Hycanthone|2|10.0|CCN(CC)CCNc1ccc(CO)c2sc3ccccc3c(=O)c12|66|56.0|0.0|12.7|33.3|33.6|37.1|3.5|72.5|6.6|1.3|0.0|41.1|13.2
Clozapine|2|10.0|CN1CCN(C2=Nc3cc(Cl)ccc3Nc3ccccc32)CC1|103|18.0|0.0|0.0|83.8|0.0|80.4|20.1|85.6|45.4|59.1|0.0|78.2|59.9
Clozapine|2|30.0|CN1CCN(C2=Nc3cc(Cl)ccc3Nc3ccccc32)CC1|102|72.9|0.0|0.0|72.5|0.0|71.4|22.5|89.1|23.9|48.4|0.0|68.1|49.5
Clozapine|3|10.0|CN1CCN(C2=Nc3cc(Cl)ccc3Nc3ccccc32)CC1|110|7.8|0.0|0.0|75.5|0.0|69.6|5.9|79.2|42.8|33.3|0.0|64.9|51.7
Clozapine|3|30.0|CN1CCN(C2=Nc3cc(Cl)ccc3Nc3ccccc32)CC1|93|66.0|0.0|0.0|76.7|0.0|76.5|28.4|92.4|32.9|51.7|0.0|71.7|48.3
Tolnaftate|2|30.0|Cc1cccc(N(C)C(=S)Oc2ccc3ccccc3c2)c1|104|15.9|6.2|12.5|0.0|17.1|0.0|37.4|13.9|0.0|0.0|22.3|11.3|0.0
Procyclidine (hydrochloride)|2|10.0|OC(CCN1CCCC1)(c1ccccc1)C1CCCCC1|105|5.7|0.0|0.0|61.4|0.0|53.8|20.5|57.1|29.3|50.7|0.0|59.9|44.5
Procyclidine (hydrochloride)|2|30.0|OC(CCN1CCCC1)(c1ccccc1)C1CCCCC1|96|40.6|0.0|0.0|72.1|0.0|77.2|32.8|81.6|27.3|51.6|0.0|67.5|48.0
Niclosamide|2|3.0|O=C(Nc1ccc([N+](=O)[O-])cc1Cl)c1cc(Cl)ccc1O|82|49.6|19.9|0.0|57.9|0.0|61.9|26.8|47.0|33.7|71.0|0.0|55.7|79.7
Niclosamide|2|10.0|O=C(Nc1ccc([N+](=O)[O-])cc1Cl)c1cc(Cl)ccc1O|75|40.4|12.0|0.0|64.6|0.0|67.5|24.9|43.7|44.7|59.0|0.0|52.9|80.5
Niclosamide|3|10.0|O=C(Nc1ccc([N+](=O)[O-])cc1Cl)c1cc(Cl)ccc1O|92|17.8|24.4|0.0|45.3|0.0|51.7|33.6|26.9|33.8|47.6|0.0|36.5|72.6
Niclosamide|3|30.0|O=C(Nc1ccc([N+](=O)[O-])cc1Cl)c1cc(Cl)ccc1O|74|65.6|1.5|0.0|76.7|0.0|72.4|27.6|57.9|50.8|70.1|0.0|73.2|86.6
Emodin|5|2.0|Cc1cc(O)c2c(c1)C(=O)c1cc(O)cc(O)c1C2=O|96|7.4|1.7|0.0|0.0|0.0|0.0|0.0|0.0|19.3|0.0|20.8|0.0|0.0
Haloperidol|1|3.0|O=C(CCCN1CCC(O)(c2ccc(Cl)cc2)CC1)c1ccc(F)cc1|89|6.0|0.0|0.0|60.3|0.0|77.4|23.2|52.8|34.2|58.5|0.0|77.8|30.5
Haloperidol|2|10.0|O=C(CCCN1CCC(O)(c2ccc(Cl)cc2)CC1)c1ccc(F)cc1|101|56.5|0.0|0.0|79.9|0.0|78.1|16.6|94.9|38.1|52.5|0.0|75.1|46.3
Haloperidol|3|10.0|O=C(CCCN1CCC(O)(c2ccc(Cl)cc2)CC1)c1ccc(F)cc1|93|68.4|0.0|0.0|82.7|0.0|80.2|7.3|95.3|38.9|55.5|0.0|72.1|47.3
Haloperidol|3|30.0|O=C(CCCN1CCC(O)(c2ccc(Cl)cc2)CC1)c1ccc(F)cc1|97|62.0|0.0|0.0|76.0|0.0|74.4|18.5|94.7|34.1|45.8|0.0|70.6|39.5
Norcantharidin|2|10.0|O=C1OC(=O)C2C3CCC(O3)C12|92|7.8|0.0|0.0|66.2|0.0|66.0|0.0|58.1|50.1|47.4|0.0|59.0|30.3
Norcantharidin|2|30.0|O=C1OC(=O)C2C3CCC(O3)C12|115|40.6|0.0|0.0|78.2|0.0|71.5|0.0|62.5|52.4|65.2|0.0|78.7|33.7
|2|50.0|CCCCCC(=O)c1c(O)c(-c2ccc(O)cc2)c[nH]c1=O|100|5.0|68.9|0.0|0.0|47.6|0.0|30.8|0.0|0.0|0.0|51.6|0.0|2.9
Azaguanine-8|1|10.0|Nc1nc2[nH]nnc2c(=O)[nH]1|79|30.2|0.0|45.0|0.0|43.2|0.0|0.0|0.0|17.9|0.0|26.5|0.0|0.0
Alexidine dihydrochloride|1|1.0|CCCCC(CC)CNC(=N)NC(=N)NCCCCCCNC(=N)NC(=N)NCC(CC)CCCC|97|8.8|0.0|0.0|39.9|0.0|35.4|27.8|41.7|19.9|34.1|0.0|48.8|15.8
Alexidine dihydrochloride|1|3.0|CCCCC(CC)CNC(=N)NC(=N)NCCCCCCNC(=N)NC(=N)NCC(CC)CCCC|86|33.2|0.0|0.0|31.6|3.1|21.8|0.0|7.9|25.0|56.8|0.0|38.1|43.6
Erlotinib|1|2.0|C#Cc1cccc(Nc2ncnc3cc(OCCOC)c(OCCOC)cc23)c1|96|15.4|77.2|0.0|0.0|75.9|0.0|10.5|0.0|0.0|0.0|66.5|0.0|0.0
Erlotinib|1|10.0|C#Cc1cccc(Nc2ncnc3cc(OCCOC)c(OCCOC)cc23)c1|91|33.0|86.2|0.0|0.0|84.1|0.0|16.3|0.0|0.0|0.0|72.8|0.0|0.0
Erlotinib|1|30.0|C#Cc1cccc(Nc2ncnc3cc(OCCOC)c(OCCOC)cc23)c1|76|38.0|55.7|0.0|5.4|53.4|2.9|37.5|57.8|0.0|0.0|16.8|25.7|23.9
Calcipotriene|1|30.0|C=C1/C(=C\C=C2/CCC[C@@]3(C)[C@H]2CC[C@@H]3[C@H](C)/C=C/[C@@H](O)C2CC2)C[C@@H](O)C[C@@H]1O|92|10.9|42.2|0.0|8.7|22.0|3.0|37.5|41.6|0.0|20.3|0.0|20.9|11.0
Cloperastine hydrochloride|1|10.0|Clc1ccc(C(OCCN2CCCCC2)c2ccccc2)cc1|100|27.6|0.0|0.0|74.7|0.0|73.1|23.4|90.4|27.3|53.1|0.0|65.5|52.4
Cloperastine hydrochloride|1|30.0|Clc1ccc(C(OCCN2CCCCC2)c2ccccc2)cc1|93|77.7|0.0|0.0|74.9|0.0|71.7|17.3|89.4|26.9|52.8|0.0|69.3|57.5
Hexestrol|1|30.0|CCC(c1ccc(O)cc1)C(CC)c1ccc(O)cc1|85|11.6|0.0|0.0|68.9|0.0|67.0|8.6|66.8|45.4|24.9|0.0|78.2|36.5
Monensin A sodium salt, Rumensin, Coban 45|1|1.0|CC[C@@]1([C@@H]2O[C@@H]([C@H]3O[C@@](O)(CO)[C@H](C)C[C@@H]3C)C[C@@H]2C)CC[C@H]([C@]2(C)CC[C@]3(C[C@H](O)[C@@H](C)[C@@H]([C@@H](C)[C@@H](OC)[C@H](C)C(=O)O)O3)O2)O1|95|77.5|0.0|0.0|72.8|0.0|74.3|26.3|71.9|41.3|65.2|0.0|72.7|65.6
Monensin A sodium salt, Rumensin, Coban 45|1|3.0|CC[C@@]1([C@@H]2O[C@@H]([C@H]3O[C@@](O)(CO)[C@H](C)C[C@@H]3C)C[C@@H]2C)CC[C@H]([C@]2(C)CC[C@]3(C[C@H](O)[C@@H](C)[C@@H]([C@@H](C)[C@@H](OC)[C@H](C)C(=O)O)O3)O2)O1|79|81.9|0.0|0.0|82.3|0.0|82.0|24.4|80.2|46.6|70.8|0.0|77.6|67.4
Monensin A sodium salt, Rumensin, Coban 45|1|10.0|CC[C@@]1([C@@H]2O[C@@H]([C@H]3O[C@@](O)(CO)[C@H](C)C[C@@H]3C)C[C@@H]2C)CC[C@H]([C@]2(C)CC[C@]3(C[C@H](O)[C@@H](C)[C@@H]([C@@H](C)[C@@H](OC)[C@H](C)C(=O)O)O3)O2)O1|90|63.2|0.0|0.0|62.9|0.0|65.3|32.3|52.8|45.2|58.4|0.0|58.3|61.8
Monensin A sodium salt, Rumensin, Coban 45|1|30.0|CC[C@@]1([C@@H]2O[C@@H]([C@H]3O[C@@](O)(CO)[C@H](C)C[C@@H]3C)C[C@@H]2C)CC[C@H]([C@]2(C)CC[C@]3(C[C@H](O)[C@@H](C)[C@@H]([C@@H](C)[C@@H](OC)[C@H](C)C(=O)O)O3)O2)O1|90|69.6|0.0|0.0|67.5|0.0|67.2|27.7|63.8|41.0|58.6|0.0|69.5|64.8
Merbromin|1|30.0|O=C1OC2(c3cc(Br)c(O)cc3Oc3c2cc(Br)c(O)c3[Hg]O)c2ccccc21|99|10.4|0.1|0.0|40.3|0.0|36.4|1.8|23.2|12.6|47.0|0.0|39.7|60.6
Dihydroergotamine tartrate|1|10.0|CN1C[C@H](C(=O)N[C@]2(C)O[C@@]3(O)[C@@H]4CCCN4C(=O)[C@H](Cc4ccccc4)N3C2=O)CC2c3cccc4[nH]cc(c34)C[C@H]21|92|20.0|0.0|0.0|42.6|0.0|42.4|33.5|65.1|1.5|13.7|0.0|51.1|23.7
Dihydroergotamine tartrate|1|30.0|CN1C[C@H](C(=O)N[C@]2(C)O[C@@]3(O)[C@@H]4CCCN4C(=O)[C@H](Cc4ccccc4)N3C2=O)CC2c3cccc4[nH]cc(c34)C[C@H]21|100|68.9|0.0|0.0|66.8|0.0|66.2|23.5|90.4|16.9|40.4|0.0|64.7|41.0
Dilazep dihydrochloride|1|3.0|COc1cc(C(=O)OCCCN2CCCN(CCCOC(=O)c3cc(OC)c(OC)c(OC)c3)CC2)cc(OC)c1OC|101|9.5|0.0|0.0|54.7|0.0|56.8|29.8|79.6|15.1|26.1|0.0|51.1|26.8
Dilazep dihydrochloride|1|10.0|COc1cc(C(=O)OCCCN2CCCN(CCCOC(=O)c3cc(OC)c(OC)c(OC)c3)CC2)cc(OC)c1OC|102|53.5|0.0|0.0|74.1|0.0|76.2|27.1|85.9|36.4|48.2|0.0|69.5|47.7
Epirizole|1|10.0|COc1cc(C)nc(-n2nc(C)cc2OC)n1|94|5.5|0.0|13.6|42.7|11.1|40.8|0.0|53.5|24.9|8.1|0.0|45.0|18.4
Etofenamate|1|30.0|O=C(OCCOCCO)c1ccccc1Nc1cccc(C(F)(F)F)c1|82|30.9|0.0|0.0|72.1|0.0|70.1|37.2|72.1|32.5|57.6|0.0|77.8|39.6
Drofenine hydrochloride|1|10.0|CCN(CC)CCOC(=O)C(c1ccccc1)C1CCCCC1|113|19.3|0.0|0.0|75.4|0.0|75.9|25.3|79.1|35.0|44.8|0.0|69.3|44.0
Drofenine hydrochloride|1|30.0|CCN(CC)CCOC(=O)C(c1ccccc1)C1CCCCC1|98|63.6|0.0|0.0|77.8|0.0|75.0|12.4|96.8|27.7|49.5|0.0|68.0|47.6
Thiethylperazine malate|1|10.0|CCSc1ccc2c(c1)N(CCCN1CCN(C)CC1)c1ccccc1S2|103|59.4|0.0|0.0|78.3|0.0|77.6|18.4|90.8|36.8|58.7|0.0|71.3|55.7
Tiletamine hydrochloride|1|30.0|CCNC1(c2cccs2)CCCCC1=O|87|5.9|0.0|21.1|34.9|20.5|29.2|0.0|42.4|24.8|4.8|0.0|44.0|11.7
Harmaline hydrochloride dihydrate|1|30.0|COc1ccc2c3c([nH]c2c1)C(C)=NCC3|89|14.3|0.0|0.0|50.7|0.0|50.7|24.4|78.8|19.8|40.4|0.0|57.9|35.4
Harmalol hydrochloride dihydrate|1|30.0|CC1=NCCc2c1[nH]c1cc(O)ccc21|87|5.0|26.9|0.0|15.2|13.6|18.0|26.7|20.7|8.0|14.1|0.0|25.1|31.4
Harmane hydrochloride|1|30.0|Cc1nccc2c1[nH]c1ccccc12|100|10.4|0.0|0.0|53.9|0.0|49.4|24.2|76.8|2.9|36.2|0.0|54.8|37.8
Harmine hydrochloride|1|10.0|COc1ccc2c(c1)[nH]c1c(C)nccc12|82|12.6|0.0|15.0|44.0|10.4|51.2|20.9|68.8|3.4|37.2|0.0|48.9|29.0
Harmine hydrochloride|1|30.0|COc1ccc2c(c1)[nH]c1c(C)nccc12|79|33.2|32.3|6.4|10.6|54.0|21.0|33.7|57.4|0.0|2.3|9.2|28.9|22.8
Harmol hydrochloride|1|10.0|Cc1nccc2c1[nH]c1cc(O)ccc12|101|9.8|0.0|15.9|54.1|0.0|61.7|14.2|70.6|32.8|28.4|0.0|54.0|27.6
Harmol hydrochloride|1|30.0|Cc1nccc2c1[nH]c1cc(O)ccc12|83|14.5|19.0|10.4|21.2|26.9|30.9|15.0|48.9|3.7|32.1|0.0|24.6|25.1
Heptaminol (hydrochloride)|1|30.0|CC(N)CCCC(C)(C)O|98|14.3|4.6|7.3|0.0|41.1|0.0|33.8|14.6|0.0|0.0|34.2|8.0|0.0
Hydroxyzine dihydrochloride|1|30.0|OCCOCCN1CCN(C(c2ccccc2)c2ccc(Cl)cc2)CC1|90|37.5|0.0|0.0|67.7|0.0|70.2|30.0|88.4|27.3|46.7|0.0|71.8|42.0
Tracazolate hydrochloride|1|30.0|CCCCNc1c(C(=O)OCC)c(C)nc2c1cnn2CC|99|26.9|0.0|0.0|42.4|0.0|47.8|59.4|55.8|4.4|36.1|0.0|55.0|33.0
Lobelanidine hydrochloride|1|30.0|CN1C(CC(O)c2ccccc2)CCCC1CC(O)c1ccccc1|102|20.9|0.0|0.0|46.9|0.0|50.4|34.4|65.2|12.6|38.3|0.0|58.9|25.3
Topotecan|1|10.0|CC[C@@]1(O)C(=O)OCc2c1cc1n(c2=O)Cc2cc3c(CN(C)C)c(O)ccc3nc2-1|69|29.9|42.3|33.4|0.0|94.6|0.0|0.0|0.0|0.0|0.0|79.5|0.0|0.0
Topotecan|1|30.0|CC[C@@]1(O)C(=O)OCc2c1cc1n(c2=O)Cc2cc3c(CN(C)C)c(O)ccc3nc2-1|67|32.6|63.9|5.4|0.0|93.4|0.0|18.6|0.0|0.0|0.0|80.3|0.0|0.0
Methoxy-6-harmalan|1|10.0|COc1ccc2[nH]c3c(c2c1)CCN=C3C|93|5.0|0.0|11.9|39.6|0.0|45.5|14.0|68.6|15.9|10.9|0.0|43.0|1.0
Methoxy-6-harmalan|1|30.0|COc1ccc2[nH]c3c(c2c1)CCN=C3C|95|43.4|0.0|0.0|68.6|0.0|65.9|20.8|93.3|28.4|39.3|0.0|67.2|41.8
Acitretin|1|10.0|COc1cc(C)c(/C=C/C(C)=C/C=C/C(C)=C/C(=O)O)c(C)c1C|94|11.1|0.0|0.0|55.5|0.0|54.6|21.0|51.4|23.6|50.3|0.0|52.6|41.6
Acitretin|1|30.0|COc1cc(C)c(/C=C/C(C)=C/C=C/C(C)=C/C(=O)O)c(C)c1C|101|16.1|11.1|0.0|40.4|0.0|42.2|39.9|49.7|0.0|39.9|0.0|43.5|36.7
Rifapentine|1|30.0|CO[C@H]1/C=C/O[C@@]2(C)Oc3c(C)c(O)c4c(O)c(c(/C=N/N5CCN(C6CCCC6)CC5)c(O)c4c3C2=O)NC(=O)/C(C)=C\C=C\[C@H](C)[C@H](O)[C@@H](C)[C@@H](O)[C@@H](C)[C@H](OC(C)=O)[C@@H]1C|95|15.9|11.9|0.0|47.3|0.0|39.2|45.4|63.0|2.7|34.3|0.0|55.6|48.7
Nefazodone (hydrochloride)|1|30.0|CCc1nn(CCCN2CCN(c3cccc(Cl)c3)CC2)c(=O)n1CCOc1ccccc1|97|52.5|0.0|0.0|65.8|0.0|68.0|32.0|84.3|23.9|43.9|0.0|67.5|43.0
Carbadox|1|10.0|COC(=O)N/N=C/c1c[n+]([O-])c2ccccc2[n+]1[O-]|100|13.8|22.3|10.8|0.0|31.5|0.0|0.0|0.0|0.0|0.0|48.3|0.0|0.0
Liranaftate|1|30.0|COc1cccc(N(C)C(=S)Oc2ccc3c(c2)CCCC3)n1|105|16.2|3.2|0.0|1.7|8.8|0.0|5.2|29.9|0.0|0.0|4.6|9.9|0.0
Itraconazole|1|1.0|CCC(C)n1ncn(-c2ccc(N3CCN(c4ccc(OCC5COC(Cn6cncn6)(c6ccc(Cl)cc6Cl)O5)cc4)CC3)cc2)c1=O|92|22.1|0.0|0.0|45.3|0.0|48.9|32.0|71.2|13.6|31.0|0.0|51.8|22.7
Itraconazole|1|3.0|CCC(C)n1ncn(-c2ccc(N3CCN(c4ccc(OCC5COC(Cn6cncn6)(c6ccc(Cl)cc6Cl)O5)cc4)CC3)cc2)c1=O|96|73.1|0.0|0.0|79.5|0.0|79.7|16.0|91.0|38.3|66.1|0.0|71.7|53.4
Itraconazole|1|10.0|CCC(C)n1ncn(-c2ccc(N3CCN(c4ccc(OCC5COC(Cn6cncn6)(c6ccc(Cl)cc6Cl)O5)cc4)CC3)cc2)c1=O|97|71.5|0.0|0.0|81.2|0.0|79.5|19.9|91.0|37.7|59.3|0.0|71.6|61.7
Itraconazole|1|30.0|CCC(C)n1ncn(-c2ccc(N3CCN(c4ccc(OCC5COC(Cn6cncn6)(c6ccc(Cl)cc6Cl)O5)cc4)CC3)cc2)c1=O|106|5.2|0.0|0.0|33.8|2.2|31.2|0.0|65.2|0.0|10.2|0.0|37.6|6.7
Docetaxel|1|10.0|CC(=O)O[C@@]12CO[C@@H]1C[C@H](O)[C@@]1(C)C(=O)[C@H](O)C3=C(C)[C@@H](OC(=O)[C@H](O)[C@@H](NC(=O)OC(C)(C)C)c4ccccc4)C[C@](O)([C@@H](OC(=O)c4ccccc4)[C@@H]12)C3(C)C|57|61.1|0.0|26.7|38.8|0.0|47.9|56.3|31.2|41.6|48.5|0.0|69.8|32.0
Docetaxel|1|30.0|CC(=O)O[C@@]12CO[C@@H]1C[C@H](O)[C@@]1(C)C(=O)[C@H](O)C3=C(C)[C@@H](OC(=O)[C@H](O)[C@@H](NC(=O)OC(C)(C)C)c4ccccc4)C[C@](O)([C@@H](OC(=O)c4ccccc4)[C@@H]12)C3(C)C|63|64.2|0.0|30.1|23.5|0.0|34.6|73.2|29.6|17.5|43.6|0.0|59.8|24.4
Cladribine|1|10.0|Nc1nc(Cl)nc2c1ncn2[C@H]1C[C@H](O)[C@@H](CO)O1|71|33.5|52.4|11.9|0.0|95.5|0.0|0.0|0.0|0.0|0.0|64.9|0.0|0.0
Cladribine|1|30.0|Nc1nc(Cl)nc2c1ncn2[C@H]1C[C@H](O)[C@@H](CO)O1|66|41.3|41.1|22.7|0.0|90.6|0.0|0.0|0.0|0.0|0.0|51.1|0.0|0.0
Thioguanosine|1|10.0|Nc1nc(S)c2ncn([C@@H]3O[C@H](CO)[C@@H](O)[C@H]3O)c2n1|70|43.5|53.3|0.0|24.4|13.1|19.3|36.6|24.6|18.0|44.8|0.0|42.4|69.9
Thioguanosine|1|30.0|Nc1nc(S)c2ncn([C@@H]3O[C@H](CO)[C@@H](O)[C@H]3O)c2n1|94|26.9|77.2|0.0|0.0|20.1|0.3|35.8|8.3|0.0|21.9|19.9|0.0|54.6
Josamycin|1|30.0|CO[C@@H]1[C@@H](O[C@@H]2O[C@H](C)[C@@H](O[C@H]3C[C@@](C)(OC(=O)CC(C)C)[C@@H](O)[C@H](C)O3)[C@H](N(C)C)[C@H]2O)[C@@H](CC=O)C[C@@H](C)[C@@H](O)/C=C/C=C/C[C@@H](C)OC(=O)C[C@H]1OC(C)=O|98|18.0|8.2|0.0|31.0|0.0|35.2|60.8|48.5|1.1|39.4|0.0|45.3|30.1
Idoxuridine|1|10.0|O=c1[nH]c(=O)n([C@H]2C[C@H](O)[C@@H](CO)O2)cc1I|98|15.0|63.5|0.0|0.0|84.1|0.0|0.0|0.0|0.0|0.0|65.7|0.0|0.0
Idoxuridine|1|30.0|O=c1[nH]c(=O)n([C@H]2C[C@H](O)[C@@H](CO)O2)cc1I|100|14.5|62.0|0.0|0.0|86.5|0.0|0.0|0.0|0.0|0.0|71.7|0.0|0.0
Isoconazole|1|30.0|Clc1ccc(C(Cn2ccnc2)OCc2c(Cl)cccc2Cl)c(Cl)c1|91|15.2|5.5|0.0|67.1|0.0|71.3|43.2|80.7|35.6|55.8|0.0|61.9|66.3
Thioproperazine dimesylate|1|10.0|CN1CCN(CCCN2c3ccccc3Sc3ccc(S(=O)(=O)N(C)C)cc32)CC1|96|50.3|0.0|0.0|73.0|0.0|71.6|17.6|95.2|29.1|42.5|0.0|69.4|46.6
Thioproperazine dimesylate|1|30.0|CN1CCN(CCCN2c3ccccc3Sc3ccc(S(=O)(=O)N(C)C)cc32)CC1|93|83.2|0.0|0.0|72.5|0.0|70.1|16.3|88.6|27.9|46.7|0.0|70.0|49.9
Fendiline (hydrochloride)|1|3.0|CC(NCCC(c1ccccc1)c1ccccc1)c1ccccc1|101|7.4|0.0|0.0|74.5|0.0|71.8|24.4|80.8|39.2|56.1|0.0|73.4|51.4
Fendiline (hydrochloride)|1|10.0|CC(NCCC(c1ccccc1)c1ccccc1)c1ccccc1|94|76.2|0.0|0.0|83.0|0.0|79.4|24.8|84.2|38.9|74.4|0.0|75.1|69.0
Quinidine hydrochloride monohydrate|1|10.0|C=C[C@H]1CN2CC[C@H]1C[C@@H]2[C@@H](O)c1ccnc2ccc(OC)cc12|96|10.4|13.5|5.7|0.0|33.0|0.0|31.1|25.5|0.0|11.9|15.6|15.0|0.0
Quinidine hydrochloride monohydrate|1|30.0|C=C[C@H]1CN2CC[C@H]1C[C@@H]2[C@@H](O)c1ccnc2ccc(OC)cc12|94|37.0|0.0|0.0|42.0|0.0|42.8|25.5|67.7|13.3|29.2|0.0|47.2|13.7
Quinidine hydrochloride monohydrate|1|30.0|C=C[C@H]1CN2CC[C@H]1C[C@@H]2[C@@H](O)c1ccnc2ccc(OC)cc12|89|37.3|0.0|0.0|35.5|0.0|33.1|24.9|59.7|0.0|25.2|0.0|42.6|7.8
Quinidine hydrochloride monohydrate|1|50.0|C=C[C@H]1CN2CC[C@H]1C[C@@H]2[C@@H](O)c1ccnc2ccc(OC)cc12|91|45.9|0.9|0.0|43.5|0.0|46.1|28.7|66.2|12.8|35.6|0.0|45.1|20.9
Metaraminol bitartrate|1|10.0|C[C@H](N)[C@H](O)c1cccc(O)c1|85|11.4|0.0|0.0|70.2|0.0|74.9|16.6|59.7|42.5|51.4|0.0|61.7|45.6
Metaraminol bitartrate|1|30.0|C[C@H](N)[C@H](O)c1cccc(O)c1|99|6.7|0.0|0.0|70.7|0.0|58.8|0.0|71.1|28.8|49.6|0.0|63.2|47.0
Homochlorcyclizine dihydrochloride|1|10.0|CN1CCCN(C(c2ccccc2)c2ccc(Cl)cc2)CC1|95|42.0|0.0|0.0|77.1|0.0|73.4|1.4|90.3|37.4|48.9|0.0|64.5|50.1
Homochlorcyclizine dihydrochloride|1|30.0|CN1CCCN(C(c2ccccc2)c2ccc(Cl)cc2)CC1|74|83.8|0.0|0.0|77.7|0.0|77.9|26.9|89.6|37.0|54.5|0.0|78.6|57.9
Trichlorfon|1|30.0|COP(=O)(OC)C(O)C(Cl)(Cl)Cl|94|9.7|0.0|0.0|46.2|0.0|37.7|0.0|43.3|22.7|32.4|0.0|41.1|42.3
Mebhydrolin (napadisylate)|1|30.0|CN1CCc2c(c3ccccc3n2Cc2ccccc2)C1|96|36.6|0.0|0.0|70.7|0.0|72.0|26.4|88.1|23.0|44.1|0.0|63.2|47.4
Glafenine (hydrochloride)|1|10.0|O=C(OCC(O)CO)c1ccccc1Nc1ccnc2cc(Cl)ccc12|90|17.8|0.0|0.0|82.5|0.0|77.5|17.9|87.0|42.1|57.7|0.0|74.3|63.7
Glafenine (hydrochloride)|1|30.0|O=C(OCC(O)CO)c1ccccc1Nc1ccnc2cc(Cl)ccc12|92|41.3|0.0|0.0|68.6|0.0|68.7|41.6|83.0|17.3|54.1|0.0|70.4|61.3
Riluzole hydrochloride|1|30.0|Nc1nc2ccc(OC(F)(F)F)cc2s1|93|26.8|0.0|0.0|81.1|0.0|73.6|6.4|68.1|50.4|65.6|0.0|83.4|57.8
Quinacrine (dihydrochloride)|1|1.0|CCN(CC)CCCC(C)Nc1c2ccc(Cl)cc2nc2ccc(OC)cc12|101|9.2|0.0|0.0|45.2|0.2|48.1|25.0|68.1|11.4|41.7|0.0|49.2|38.6
Quinacrine (dihydrochloride)|1|3.0|CCN(CC)CCCC(C)Nc1c2ccc(Cl)cc2nc2ccc(OC)cc12|88|52.0|10.3|0.0|40.2|34.6|39.2|1.5|80.4|3.9|11.2|0.0|48.7|26.5
Quinacrine (dihydrochloride)|1|30.0|CCN(CC)CCCC(C)Nc1c2ccc(Cl)cc2nc2ccc(OC)cc12|74|59.9|0.0|0.0|53.4|5.5|53.3|8.5|82.5|20.2|21.7|0.0|62.3|30.0
Pimethixene maleate|1|10.0|CN1CCC(=C2c3ccccc3Sc3ccccc32)CC1|94|30.4|0.0|0.0|74.9|0.0|70.9|11.2|91.8|29.2|47.0|0.0|66.3|46.6
Pimethixene maleate|1|30.0|CN1CCC(=C2c3ccccc3Sc3ccccc32)CC1|87|63.6|0.0|0.0|72.5|0.0|73.4|25.0|92.4|31.2|43.2|0.0|70.9|50.6
Diperodon hydrochloride|1|10.0|O=C(Nc1ccccc1)OCC(CN1CCCCC1)OC(=O)Nc1ccccc1|106|14.3|0.0|0.0|72.3|0.0|67.8|16.5|84.8|22.9|36.4|0.0|66.2|51.4
Diperodon hydrochloride|1|30.0|O=C(Nc1ccccc1)OCC(CN1CCCCC1)OC(=O)Nc1ccccc1|102|56.1|0.0|0.0|68.7|0.0|65.8|24.0|89.4|17.1|42.4|0.0|64.9|44.4
Bufexamac|1|30.0|CCCCOc1ccc(CC(=O)NO)cc1|101|6.9|0.0|0.0|71.9|0.0|71.2|0.0|74.9|44.0|26.8|0.0|60.9|23.7
Amodiaquine (dihydrochloride dihydrate)|1|3.0|CCN(CC)Cc1cc(Nc2ccnc3cc(Cl)ccc23)ccc1O|103|16.2|0.0|0.0|52.7|0.0|57.8|19.0|86.0|16.0|29.3|0.0|53.0|20.7
Amodiaquine (dihydrochloride dihydrate)|1|10.0|CCN(CC)Cc1cc(Nc2ccnc3cc(Cl)ccc23)ccc1O|87|78.2|0.0|0.0|73.1|0.0|71.1|6.4|88.8|30.8|41.8|0.0|68.7|44.6
Amodiaquine (dihydrochloride dihydrate)|2|2.0|CCN(CC)Cc1cc(Nc2ccnc3cc(Cl)ccc23)ccc1O|104|12.6|0.0|0.0|71.8|0.0|72.0|17.9|91.7|27.6|39.8|0.0|61.8|48.1
Clofilium tosylate|1|10.0|CCCCCCC[N+](CC)(CC)CCCCc1ccc(Cl)cc1|101|7.3|32.4|0.0|0.0|48.0|0.0|35.7|5.9|0.0|0.0|39.4|4.6|0.0
Clofilium tosylate|1|30.0|CCCCCCC[N+](CC)(CC)CCCCc1ccc(Cl)cc1|89|21.2|0.0|0.0|38.9|0.0|37.6|24.9|47.4|8.8|45.9|0.0|40.9|25.8
Dextromethorphan hydrobromide monohydrate|1|30.0|COc1ccc2c(c1)[C@]13CCCC[C@@H]1[C@H](C2)N(C)CC3|101|22.8|0.0|0.0|67.9|0.0|65.8|26.3|77.2|38.9|48.0|0.0|70.6|47.2
Lidoflazine|1|3.0|Cc1cccc(C)c1NC(=O)CN1CCN(CCCC(c2ccc(F)cc2)c2ccc(F)cc2)CC1|106|9.7|14.9|0.0|37.3|0.0|39.5|43.3|61.2|0.0|28.1|0.0|37.9|28.2
Lidoflazine|1|10.0|Cc1cccc(C)c1NC(=O)CN1CCN(CCCC(c2ccc(F)cc2)c2ccc(F)cc2)CC1|103|70.1|0.0|0.0|79.7|0.0|76.8|19.1|93.1|32.6|55.4|0.0|70.0|58.2
Ambroxol hydrochloride|1|30.0|Nc1c(Br)cc(Br)cc1CN[C@H]1CC[C@H](O)CC1|102|5.9|0.0|0.0|73.8|0.0|65.0|10.4|79.1|26.9|48.1|0.0|74.6|48.6
Ketanserin tartrate hydrate|1|10.0|O=C(c1ccc(F)cc1)C1CCN(CCn2c(=O)[nH]c3ccccc3c2=O)CC1|101|8.1|0.0|0.0|38.5|0.0|38.6|32.2|59.9|0.0|13.9|0.0|47.2|13.6
Ketanserin tartrate hydrate|1|30.0|O=C(c1ccc(F)cc1)C1CCN(CCn2c(=O)[nH]c3ccccc3c2=O)CC1|100|29.5|0.0|0.0|52.9|0.0|51.8|27.3|81.5|1.5|27.5|0.0|52.4|20.3
Methiothepin maleate|1|3.0|CSc1ccc2c(c1)C(N1CCN(C)CC1)Cc1ccccc1S2|86|25.9|0.0|0.0|71.3|0.0|77.5|15.4|72.6|45.0|61.6|0.0|74.4|28.4
Methiothepin maleate|1|10.0|CSc1ccc2c(c1)C(N1CCN(C)CC1)Cc1ccccc1S2|93|68.0|0.0|0.0|77.3|0.0|74.3|18.6|93.1|29.6|55.2|0.0|69.4|56.1
Clebopride maleate|1|30.0|COc1cc(N)c(Cl)cc1C(=O)NC1CCN(Cc2ccccc2)CC1|93|32.5|0.0|0.0|60.6|0.0|57.8|26.9|60.9|28.2|44.3|0.0|67.5|22.3
Clenbuterol hydrochloride|1|10.0|CC(C)(C)NCC(O)c1cc(Cl)c(N)c(Cl)c1|102|5.9|22.8|0.0|50.0|3.2|39.5|18.3|63.4|3.2|37.3|0.0|59.2|55.0
Clenbuterol hydrochloride|1|30.0|CC(C)(C)NCC(O)c1cc(Cl)c(N)c(Cl)c1|105|12.1|0.0|0.0|62.5|0.0|52.5|25.1|67.6|11.4|52.1|0.0|67.1|50.0
Benperidol|1|10.0|O=C(CCCN1CCC(n2c(=O)[nH]c3ccccc32)CC1)c1ccc(F)cc1|99|20.9|0.0|0.0|73.7|0.0|72.7|10.4|88.8|37.0|45.8|0.0|65.9|41.5
Benperidol|1|30.0|O=C(CCCN1CCC(n2c(=O)[nH]c3ccccc32)CC1)c1ccc(F)cc1|106|56.3|0.0|0.0|60.9|0.0|66.3|28.8|85.3|21.0|37.0|0.0|63.4|31.2
Cisapride|1|3.0|COc1cc(N)c(Cl)cc1C(=O)N[C@H]1CCN(CCCOc2ccc(F)cc2)C[C@H]1OC|99|8.5|0.0|8.2|20.2|0.0|16.7|32.7|46.9|0.0|18.8|0.0|33.8|0.0
Cisapride|1|10.0|COc1cc(N)c(Cl)cc1C(=O)N[C@H]1CCN(CCCOc2ccc(F)cc2)C[C@H]1OC|97|35.8|0.0|0.0|76.5|0.0|75.3|15.1|91.4|36.9|41.4|0.0|71.2|38.7
Cisapride|1|30.0|COc1cc(N)c(Cl)cc1C(=O)N[C@H]1CCN(CCCOc2ccc(F)cc2)C[C@H]1OC|95|16.6|0.0|9.8|2.4|14.4|0.0|27.3|25.0|0.0|0.0|14.6|21.1|0.0
Cyclizine hydrochloride|1|30.0|CN1CCN(C(c2ccccc2)c2ccccc2)CC1|96|15.2|0.0|0.0|70.6|0.0|68.4|18.0|77.5|30.9|56.4|0.0|72.5|58.3
Daunorubicin hydrochloride|1|1.0|COc1cccc2c1C(=O)c1c(O)c3c(c(O)c1C2=O)C[C@@](O)(C(C)=O)C[C@@H]3O[C@H]1C[C@H](N)[C@H](O)[C@H](C)O1|52|53.0|61.8|0.0|0.0|88.6|0.0|23.8|0.0|0.0|0.0|59.0|0.0|2.2
Dosulepin hydrochloride|1|10.0|CN(C)CC/C=C1\c2ccccc2CSc2ccccc21|92|24.4|0.0|0.0|75.3|0.0|73.7|16.0|93.3|26.1|50.6|0.0|68.3|47.1
Dosulepin hydrochloride|1|30.0|CN(C)CC/C=C1\c2ccccc2CSc2ccccc21|76|74.6|0.0|0.0|77.6|0.0|75.7|15.4|94.7|37.1|47.1|0.0|74.6|51.8
Metixene hydrochloride hydrate|1|3.0|CN1CCCC(CC2c3ccccc3Sc3ccccc32)C1|105|8.6|0.0|0.0|71.7|0.0|67.9|10.5|84.5|18.4|39.3|0.0|63.5|36.8
Metixene hydrochloride hydrate|1|10.0|CN1CCCC(CC2c3ccccc3Sc3ccccc32)C1|100|55.3|0.0|0.0|79.6|0.0|76.3|0.0|93.0|38.7|47.9|0.0|69.7|53.1
Norcyclobenzaprine|1|10.0|CNCCC=C1c2ccccc2C=Cc2ccccc21|96|67.0|0.0|0.0|81.9|0.0|79.3|3.5|89.7|42.7|50.4|0.0|71.8|54.7
Terconazole|1|3.0|CC(C)N1CCN(c2ccc(OC[C@H]3CO[C@](Cn4cncn4)(c4ccc(Cl)cc4Cl)O3)cc2)CC1|102|42.1|0.0|0.0|63.9|0.0|70.5|19.5|87.4|25.0|45.6|0.0|63.8|26.5
Terconazole|1|10.0|CC(C)N1CCN(c2ccc(OC[C@H]3CO[C@](Cn4cncn4)(c4ccc(Cl)cc4Cl)O3)cc2)CC1|94|79.1|0.0|0.0|80.9|0.0|78.8|1.9|92.0|41.6|53.9|0.0|72.7|48.8
Terconazole|1|30.0|CC(C)N1CCN(c2ccc(OC[C@H]3CO[C@](Cn4cncn4)(c4ccc(Cl)cc4Cl)O3)cc2)CC1|107|49.9|0.0|0.0|68.9|0.0|69.0|15.8|90.7|28.9|42.9|0.0|69.1|41.8
Ampicillin trihydrate|1|10.0|CC1(C)S[C@@H]2[C@H](NC(=O)[C@H](N)c3ccccc3)C(=O)N2[C@H]1C(=O)O|100|8.1|0.0|0.0|60.5|0.0|58.2|0.0|65.6|47.0|23.5|0.0|59.8|29.9
Direct Blue 1|1|10.0|COc1cc(-c2ccc(/N=N/c3ccc4c(S(=O)(=O)O)cc(S(=O)(=O)O)c(N)c4c3O)c(OC)c2)ccc1/N=N/c1ccc2c(S(=O)(=O)O)cc(S(=O)(=O)O)c(N)c2c1O|107|6.9|24.9|0.0|0.0|5.6|0.0|0.0|7.2|0.0|0.0|13.1|0.0|0.0
Mesoridazine besylate|1|10.0|CN1CCCCC1CCN1c2ccccc2Sc2ccc(S(C)=O)cc21|95|11.7|0.0|0.0|65.5|0.0|66.5|6.5|81.9|32.7|32.1|0.0|55.6|36.0
Mesoridazine besylate|1|30.0|CN1CCCCC1CCN1c2ccccc2Sc2ccc(S(C)=O)cc21|100|42.3|0.0|0.0|66.4|0.0|64.6|22.8|95.2|22.6|33.3|0.0|64.6|40.9
Pentamidine isethionate|1|10.0|N=C(N)c1ccc(OCCCCCOc2ccc(C(=N)N)cc2)cc1|92|9.5|0.0|8.6|47.8|0.0|46.6|0.0|55.8|35.0|25.2|0.0|62.0|15.1
Pentamidine isethionate|1|30.0|N=C(N)c1ccc(OCCCCCOc2ccc(C(=N)N)cc2)cc1|93|17.6|0.0|0.0|26.3|0.0|25.3|29.3|46.3|6.6|22.4|0.0|43.3|0.9
DO 897/99|1|10.0|COc1ccccc1N1CCN(CCCCNC(=O)c2ccc3ccccc3c2)CC1|94|56.5|0.0|0.0|80.0|0.0|79.9|15.9|95.6|41.3|55.8|0.0|72.6|50.3
DO 897/99|1|30.0|COc1ccccc1N1CCN(CCCCNC(=O)c2ccc3ccccc3c2)CC1|94|84.1|0.0|0.0|75.4|0.0|74.4|20.6|91.6|31.3|48.1|0.0|74.2|45.9
Nifuroxazide|1|30.0|O=C(N/N=C/c1ccc([N+](=O)[O-])o1)c1ccc(O)cc1|74|27.3|38.8|28.5|0.0|88.1|0.0|16.7|0.0|0.0|0.0|66.9|0.0|0.0
Prenylamine lactate|1|10.0|CC(Cc1ccccc1)NCCC(c1ccccc1)c1ccccc1|86|59.9|0.0|0.0|75.2|0.0|73.1|14.9|92.1|31.4|61.7|0.0|69.1|61.7
Diphenidol (hydrochloride)|1|30.0|OC(CCCN1CCCCC1)(c1ccccc1)c1ccccc1|100|12.4|0.0|0.0|69.4|0.0|68.9|28.3|73.1|27.7|55.3|0.0|71.0|35.4
Oxybuprocaine hydrochloride|1|30.0|CCCCOc1cc(C(=O)OCCN(CC)CC)ccc1N|103|16.1|0.0|0.0|76.6|0.0|66.8|1.5|90.7|26.2|37.6|0.0|67.8|45.0
1,4-Chrysenequinone|1|10.0|O=C1C=CC(=O)c2c1ccc1c2ccc2ccccc21|97|19.7|0.0|7.7|2.1|0.0|0.0|27.0|20.0|11.0|6.1|0.0|15.1|0.0
Zimelidine dihydrochloride monohydrate|1|30.0|CN(C)C/C=C(\c1ccc(Br)cc1)c1cccnc1|101|24.2|0.0|0.0|80.4|0.0|78.6|19.1|90.9|41.9|48.3|0.0|75.0|47.7
Dicloxacillin sodium salt|1|30.0|Cc1onc(-c2c(Cl)cccc2Cl)c1C(=O)N[C@@H]1C(=O)N2[C@@H](C(=O)O)C(C)(C)S[C@H]12|101|8.1|0.0|0.0|40.9|0.0|36.4|14.8|62.0|9.6|9.5|0.0|49.2|3.6
Mometasone furoate|1|10.0|C[C@@H]1C[C@H]2[C@@H]3CCC4=CC(=O)C=C[C@]4(C)[C@@]3(Cl)[C@@H](O)C[C@]2(C)[C@@]1(OC(=O)c1ccco1)C(=O)CCl|85|27.1|67.9|0.0|0.0|71.9|0.0|42.8|0.0|0.0|0.0|75.5|0.0|0.0
Mometasone furoate|1|30.0|C[C@@H]1C[C@H]2[C@@H]3CCC4=CC(=O)C=C[C@]4(C)[C@@]3(Cl)[C@@H](O)C[C@]2(C)[C@@]1(OC(=O)c1ccco1)C(=O)CCl|79|30.2|50.3|11.0|0.0|76.2|0.0|58.4|0.0|0.0|0.0|78.6|0.0|0.0
Racecadotril|1|30.0|CC(=O)SCC(Cc1ccccc1)C(=O)NCC(=O)OCc1ccccc1|105|18.7|0.0|0.0|50.1|0.0|51.3|37.1|66.3|10.7|35.5|0.0|58.7|29.5
Chloropyramine hydrochloride|1|30.0|CN(C)CCN(Cc1ccc(Cl)cc1)c1ccccn1|94|34.7|0.0|0.0|76.7|0.0|75.0|16.4|96.7|32.8|47.3|0.0|68.0|52.2
Methotrimeprazine maleat salt|1|10.0|COc1ccc2c(c1)N(C[C@H](C)CN(C)C)c1ccccc1S2|96|28.2|0.0|0.0|73.4|0.0|72.0|16.4|92.0|32.8|40.1|0.0|65.5|49.2
Methotrimeprazine maleat salt|1|30.0|COc1ccc2c(c1)N(C[C@H](C)CN(C)C)c1ccccc1S2|101|67.9|0.0|0.0|75.7|0.0|71.2|5.7|91.3|30.5|44.2|0.0|66.8|52.6
Propidium iodide|1|10.0|CC[N+](C)(CC)CCC[n+]1c(-c2ccccc2)c2cc(N)ccc2c2ccc(N)cc21|95|23.0|0.0|0.0|24.7|14.0|19.3|0.0|29.1|34.9|0.0|0.0|29.9|5.3
Propidium iodide|1|30.0|CC[N+](C)(CC)CCC[n+]1c(-c2ccccc2)c2cc(N)ccc2c2ccc(N)cc21|103|11.7|0.0|0.0|17.6|0.0|12.0|0.0|18.7|17.6|0.0|0.0|14.8|0.0
Fluvastatin sodium salt|1|3.0|CC(C)n1c(/C=C/[C@H](O)C[C@H](O)CC(=O)O)c(-c2ccc(F)cc2)c2ccccc21|97|34.5|0.0|0.0|82.5|0.0|80.9|26.1|67.8|48.8|74.6|0.0|80.7|62.7
Fluvastatin sodium salt|1|10.0|CC(C)n1c(/C=C/[C@H](O)C[C@H](O)CC(=O)O)c(-c2ccc(F)cc2)c2ccccc21|102|77.9|0.0|0.0|89.8|0.0|86.0|27.4|81.2|52.0|68.4|0.0|85.4|72.5
Fluvastatin sodium salt|1|30.0|CC(C)n1c(/C=C/[C@H](O)C[C@H](O)CC(=O)O)c(-c2ccc(F)cc2)c2ccccc21|93|83.2|0.0|0.0|85.3|0.0|82.3|3.8|75.6|60.0|67.4|0.0|86.4|59.9
Fluvastatin sodium salt|2|6.0|CC(C)n1c(/C=C/[C@H](O)C[C@H](O)CC(=O)O)c(-c2ccc(F)cc2)c2ccccc21|95|65.5|0.0|0.0|89.9|0.0|85.8|19.7|70.1|59.3|68.7|0.0|85.7|69.1
Fluvastatin sodium salt|2|10.0|CC(C)n1c(/C=C/[C@H](O)C[C@H](O)CC(=O)O)c(-c2ccc(F)cc2)c2ccccc21|107|77.9|0.0|0.0|90.6|0.0|89.0|12.2|73.1|61.5|70.1|0.0|87.7|60.9
Ethoxyquin|1|30.0|CCOc1ccc2c(c1)C(C)=CC(C)(C)N2|108|5.0|8.4|2.1|0.0|0.0|0.0|0.0|6.6|0.0|0.0|0.4|0.0|0.0
Atracurium (besylate)|1|30.0|COc1ccc(CC2c3cc(OC)c(OC)cc3CC[N+]2(C)CCC(=O)OCCCCCOC(=O)CC[N+]2(C)CCc3cc(OC)c(OC)cc3C2Cc2ccc(OC)c(OC)c2)cc1OC|92|13.3|0.0|25.4|0.0|42.0|0.0|39.7|28.0|0.0|0.0|23.1|24.0|0.0
Butoconazole (nitrate)|1|30.0|Clc1ccc(CCC(Cn2ccnc2)Sc2c(Cl)cccc2Cl)cc1|88|40.8|8.1|0.0|62.3|0.0|60.6|45.1|83.7|17.3|45.7|0.0|66.2|59.3
Carteolol hydrochloride|1|30.0|CC(C)(C)NCC(O)COc1cccc2c1CCC(=O)N2|99|5.2|0.0|10.7|17.9|0.0|10.7|36.0|34.0|0.0|9.0|0.0|33.8|0.0
Clocortolone pivalate|1|10.0|C[C@@H]1C[C@H]2[C@@H]3C[C@H](F)C4=CC(=O)C=C[C@]4(C)[C@@]3(Cl)[C@@H](O)C[C@]2(C)[C@H]1C(=O)COC(=O)C(C)(C)C|106|5.5|57.6|9.9|0.0|65.7|0.0|19.0|0.0|0.0|0.0|79.5|0.0|0.0
Clocortolone pivalate|1|30.0|C[C@@H]1C[C@H]2[C@@H]3C[C@H](F)C4=CC(=O)C=C[C@]4(C)[C@@]3(Cl)[C@@H](O)C[C@]2(C)[C@H]1C(=O)COC(=O)C(C)(C)C|92|19.5|75.9|0.0|0.0|79.5|0.0|0.4|0.0|0.0|0.0|87.3|0.0|0.0
Diflorasone Diacetate|1|10.0|CC(=O)OCC(=O)[C@@]1(OC(C)=O)[C@@H](C)C[C@H]2[C@@H]3C[C@H](F)C4=CC(=O)C=C[C@]4(C)[C@@]3(F)[C@@H](O)C[C@@]21C|100|5.2|58.0|0.0|0.0|36.6|0.0|25.2|0.0|0.0|0.0|61.5|0.0|0.0
Diflorasone Diacetate|1|30.0|CC(=O)OCC(=O)[C@@]1(OC(C)=O)[C@@H](C)C[C@H]2[C@@H]3C[C@H](F)C4=CC(=O)C=C[C@]4(C)[C@@]3(F)[C@@H](O)C[C@@]21C|95|5.4|36.4|0.0|0.0|52.5|0.0|31.3|15.2|0.0|0.0|51.2|0.0|0.0
Dimethisoquin hydrochloride|1|10.0|CCCCc1cc2ccccc2c(OCCN(C)C)n1|95|28.2|0.0|0.0|79.9|0.0|75.0|0.0|90.7|40.1|56.1|0.0|67.9|53.0
Dimethisoquin hydrochloride|1|30.0|CCCCc1cc2ccccc2c(OCCN(C)C)n1|95|59.8|0.0|0.0|78.6|0.0|75.0|12.7|96.2|37.1|56.3|0.0|72.5|58.6
Dipivefrin hydrochloride|1|10.0|CNCC(O)c1ccc(OC(=O)C(C)(C)C)c(OC(=O)C(C)(C)C)c1|96|18.5|5.1|0.0|49.9|15.6|44.2|3.6|78.3|2.5|19.4|0.0|56.3|39.5
Dipivefrin hydrochloride|1|30.0|CNCC(O)c1ccc(OC(=O)C(C)(C)C)c(OC(=O)C(C)(C)C)c1|90|50.6|0.0|0.0|62.1|0.0|61.5|23.5|89.1|18.6|40.8|0.0|67.2|39.9
Beta-Escin|1|10.0|CC(=O)O[C@H]1C(OC=C(C)C(=O)O)C(C)(C)CC2C3=CCC4C5(C)CCC(OC6O[C@H](C(=O)O)[C@@H](O[C@@H]7O[C@H](CO)[C@@H](O)[C@H](O)[C@H]7O)[C@H](O)[C@H]6O[C@@H]6O[C@H](CO)[C@@H](O)[C@H](O)[C@H]6O)[C@](C)(CO)C5CCC4(C)[C@]3(C)C[C@@H](O)C21CO|98|28.3|38.9|0.0|18.3|58.1|17.2|15.2|62.3|0.0|0.0|9.2|31.2|24.9
Beta-Escin|1|30.0|CC(=O)O[C@H]1C(OC=C(C)C(=O)O)C(C)(C)CC2C3=CCC4C5(C)CCC(OC6O[C@H](C(=O)O)[C@@H](O[C@@H]7O[C@H](CO)[C@@H](O)[C@H](O)[C@H]7O)[C@H](O)[C@H]6O[C@@H]6O[C@H](CO)[C@@H](O)[C@H](O)[C@H]6O)[C@](C)(CO)C5CCC4(C)[C@]3(C)C[C@@H](O)C21CO|82|81.7|0.0|0.0|74.7|0.0|70.0|11.3|86.0|33.9|51.6|0.0|77.1|55.0
"Proscillaridin;A"|1|10.0|C[C@@H]1O[C@@H](O[C@@H]2C=C3CC[C@@H]4[C@H](CC[C@]5(C)[C@@H](c6ccc(=O)oc6)CC[C@]45O)[C@@]3(C)CC2)[C@H](O)[C@H](O)[C@H]1O|53|39.9|0.0|5.8|37.9|0.0|47.1|0.0|5.9|92.2|28.2|0.0|43.9|19.9
Adrenosterone|1|30.0|C[C@]12CC(=O)[C@H]3[C@@H](CCC4=CC(=O)CC[C@@]43C)[C@@H]1CCC2=O|99|12.6|0.0|0.0|41.4|0.0|40.3|13.7|66.5|0.0|21.3|0.0|44.4|20.4
Dehydroisoandrosterone 3-acetate|1|10.0|CC(=O)O[C@H]1CC[C@@]2(C)C(=CC[C@H]3[C@@H]4CCC(=O)[C@@]4(C)CC[C@@H]32)C1|95|12.8|0.0|1.5|49.1|0.0|50.4|0.0|76.2|25.7|0.0|0.0|42.5|13.0
Methiazole|1|1.0|COC(=O)Nc1nc2cc(SC(C)C)ccc2[nH]1|80|17.6|0.0|0.0|53.7|0.0|44.7|34.1|49.2|36.8|38.9|0.0|79.8|53.4
Methiazole|1|30.0|COC(=O)Nc1nc2cc(SC(C)C)ccc2[nH]1|52|67.4|0.0|26.7|69.2|0.0|77.0|31.3|54.5|58.0|60.2|0.0|81.0|37.4
S(-)Eticlopride hydrochloride|1|10.0|CCc1cc(Cl)c(OC)c(C(=O)NC[C@@H]2CCCN2CC)c1O|93|47.2|0.0|0.0|81.3|0.0|78.4|4.2|89.1|40.0|53.1|0.0|72.5|51.5
S(-)Eticlopride hydrochloride|1|30.0|CCc1cc(Cl)c(OC)c(C(=O)NC[C@@H]2CCCN2CC)c1O|102|65.5|0.0|0.0|70.3|0.0|71.1|26.2|87.8|25.2|50.2|0.0|70.6|49.9
Alfadolone acetate|1|10.0|CC(=O)OCC(=O)[C@H]1CC[C@H]2[C@@H]3CC[C@H]4C[C@H](O)CC[C@]4(C)[C@H]3C(=O)C[C@]12C|104|10.9|0.0|0.0|52.8|0.0|56.2|14.5|88.9|7.3|20.7|0.0|48.5|35.9
Alfadolone acetate|1|30.0|CC(=O)OCC(=O)[C@H]1CC[C@H]2[C@@H]3CC[C@H]4C[C@H](O)CC[C@]4(C)[C@H]3C(=O)C[C@]12C|88|28.7|0.0|0.0|60.9|0.0|60.7|16.2|94.1|20.0|26.5|0.0|57.7|37.8
Benzathine benzylpenicillin|1|30.0|CC1(C)S[C@@H]2[C@H](NC(=O)COc3ccccc3)C(=O)N2C1C(=O)O|97|8.6|33.1|0.0|0.0|41.6|0.0|0.0|0.0|0.0|0.0|47.0|0.0|0.0
Deptropine citrate|1|10.0|CN1[C@H]2CC[C@@H]1CC(OC1c3ccccc3CCc3ccccc31)C2|103|36.3|0.0|0.0|79.5|0.0|78.2|2.7|93.7|40.8|53.6|0.0|67.9|51.3
Deptropine citrate|1|30.0|CN1[C@H]2CC[C@@H]1CC(OC1c3ccccc3CCc3ccccc31)C2|87|81.9|0.0|0.0|79.4|0.0|76.2|15.6|92.7|36.9|50.0|0.0|76.8|55.1
Fluticasone (propionate)|1|10.0|CCC(=O)O[C@]1(C(=O)SCF)[C@H](C)C[C@H]2[C@@H]3C[C@H](F)C4=CC(=O)C=C[C@]4(C)[C@@]3(F)[C@@H](O)C[C@@]21C|103|8.6|69.1|0.0|0.0|67.0|0.0|12.7|0.0|0.0|0.0|79.6|0.0|0.0
Gabexate mesilate|1|10.0|CCOC(=O)c1ccc(OC(=O)CCCCCNC(=N)N)cc1|98|15.2|26.4|0.0|0.0|16.3|0.0|0.0|0.0|0.0|0.0|32.8|0.0|0.0
Halofantrine hydrochloride|1|1.0|CCCCN(CCCC)CCC(O)c1cc2c(Cl)cc(Cl)cc2c2cc(C(F)(F)F)ccc12|106|18.1|0.0|2.7|15.0|0.0|6.8|32.8|29.7|0.0|19.0|0.0|25.0|0.0
Halofantrine hydrochloride|1|3.0|CCCCN(CCCC)CCC(O)c1cc2c(Cl)cc(Cl)cc2c2cc(C(F)(F)F)ccc12|91|23.8|0.0|0.0|42.6|0.0|41.9|27.8|58.7|14.6|43.6|0.0|48.1|13.7
Halofantrine hydrochloride|1|10.0|CCCCN(CCCC)CCC(O)c1cc2c(Cl)cc(Cl)cc2c2cc(C(F)(F)F)ccc12|90|52.7|0.0|0.0|68.4|0.0|65.8|21.0|80.8|26.9|61.1|0.0|66.8|45.7
Halofantrine hydrochloride|1|30.0|CCCCN(CCCC)CCC(O)c1cc2c(Cl)cc(Cl)cc2c2cc(C(F)(F)F)ccc12|79|74.1|0.0|0.0|75.0|0.0|70.9|13.5|87.7|37.4|57.1|0.0|75.6|57.5
Isradipine|1|30.0|COC(=O)C1=C(C)NC(C)=C(C(=O)OC(C)C)C1c1cccc2nonc12|110|11.1|0.0|0.0|30.7|0.0|30.0|48.6|50.2|2.1|16.1|0.0|43.5|4.7
Levopropoxyphene napsylate|1|30.0|CCC(=O)OC(Cc1ccccc1)(c1ccccc1)C(C)CN(C)C|104|9.5|0.0|0.0|68.0|0.0|61.3|0.0|86.5|37.4|31.0|0.0|62.8|35.8
Moricizine hydrochloride|1|30.0|CCOC(=O)Nc1ccc2c(c1)N(C(=O)CCN1CCOCC1)c1ccccc1S2|90|20.2|0.0|0.0|51.1|0.0|55.0|49.3|63.7|11.2|33.9|0.0|60.1|31.3
Nomegestrol acetate|1|30.0|CC(=O)O[C@]1(C(C)=O)CC[C@H]2[C@@H]3C=C(C)C4=CC(=O)CC[C@@H]4[C@H]3CC[C@@]21C|98|14.9|2.1|0.0|30.2|0.0|39.6|56.4|51.5|0.0|30.0|0.0|47.3|30.5
Oxprenolol (hydrochloride)|1|30.0|C=CCOc1ccccc1OCC(O)CNC(C)C|106|12.4|7.9|0.0|0.0|17.8|0.0|0.0|7.3|0.0|0.0|23.4|0.0|0.0
Parbendazole|1|30.0|CCCCc1ccc2[nH]c(NC(=O)OC)nc2c1|50|69.1|0.0|0.0|81.3|0.0|83.6|29.8|71.2|56.1|70.3|0.0|80.1|66.2
Penbutolol sulfate|1|10.0|CC(C)(C)NCC(O)COc1ccccc1C1CCCC1|107|26.4|0.0|0.0|71.1|0.0|69.0|0.0|90.8|31.3|38.5|0.0|55.5|43.7
Penbutolol sulfate|1|30.0|CC(C)(C)NCC(O)COc1ccccc1C1CCCC1|91|79.3|0.0|0.0|82.7|0.0|79.0|17.3|94.6|39.3|54.2|0.0|78.2|60.1
Piperacetazine|1|10.0|CC(=O)c1ccc2c(c1)N(CCCN1CCC(CCO)CC1)c1ccccc1S2|100|54.1|0.0|0.0|73.1|0.0|74.0|26.1|92.3|30.1|43.7|0.0|67.5|49.7
Piperacetazine|1|30.0|CC(=O)c1ccc2c(c1)N(CCCN1CCC(CCO)CC1)c1ccccc1S2|95|84.6|0.0|0.0|82.4|0.0|80.3|9.7|90.1|37.4|51.1|0.0|76.3|54.1
Prednicarbate|1|10.0|CCOC(=O)O[C@]1(C(=O)COC(=O)CC)CC[C@H]2[C@@H]3CCC4=CC(=O)C=C[C@]4(C)[C@H]3[C@@H](O)C[C@@]21C|95|5.4|61.8|6.6|0.0|77.0|0.0|16.1|0.0|0.0|0.0|79.8|0.0|0.0
Prednicarbate|1|30.0|CCOC(=O)O[C@]1(C(=O)COC(=O)CC)CC[C@H]2[C@@H]3CCC4=CC(=O)C=C[C@]4(C)[C@H]3[C@@H](O)C[C@@]21C|91|11.9|48.0|0.0|0.0|52.5|0.0|55.5|18.3|0.0|0.0|47.6|1.0|0.0
Rifabutin|1|10.0|CCC(C)N1CCC2(CC1)N=C1C(=C3NC(=O)/C(C)=C/C=C/[C@H](C)[C@H](O)[C@@H](C)[C@@H](O)[C@@H](C)[C@H](OC(C)=O)[C@H](C)[C@@H](OC)/C=C/O[C@@]4(C)Oc5c(C)c(O)c(c1c5C4=O)C3=O)N2|113|18.1|0.0|0.0|60.4|0.0|60.6|35.7|66.4|16.3|42.7|0.0|61.0|49.1
Rifabutin|1|30.0|CCC(C)N1CCC2(CC1)N=C1C(=C3NC(=O)/C(C)=C/C=C/[C@H](C)[C@H](O)[C@@H](C)[C@@H](O)[C@@H](C)[C@H](OC(C)=O)[C@H](C)[C@@H](OC)/C=C/O[C@@]4(C)Oc5c(C)c(O)c(c1c5C4=O)C3=O)N2|95|36.4|0.0|0.0|82.3|0.0|81.4|29.7|88.7|41.0|55.8|0.0|78.2|51.5
Rimexolone|1|30.0|CCC(=O)[C@@]1(C)[C@H](C)C[C@H]2[C@@H]3CCC4=CC(=O)C=C[C@]4(C)[C@H]3[C@@H](O)C[C@@]21C|102|14.3|68.2|0.0|0.0|77.3|0.0|0.0|0.0|0.0|0.0|82.2|0.0|0.0
Saquinavir mesylate|1|10.0|CC(C)(C)NC(=O)[C@@H]1C[C@@H]2CCCC[C@@H]2CN1C[C@@H](O)[C@H](Cc1ccccc1)NC(=O)[C@H](CC(N)=O)NC(=O)c1ccc2ccccc2n1|92|24.4|0.0|0.0|59.4|0.0|64.8|56.2|64.9|24.0|44.7|0.0|62.6|58.1
Saquinavir mesylate|1|30.0|CC(C)(C)NC(=O)[C@@H]1C[C@@H]2CCCC[C@@H]2CN1C[C@@H](O)[C@H](Cc1ccccc1)NC(=O)[C@H](CC(N)=O)NC(=O)c1ccc2ccccc2n1|87|40.1|13.3|0.0|58.7|0.0|65.9|53.3|74.5|32.4|37.4|0.0|60.2|60.9
Sertaconazole (nitrate)|1|10.0|Clc1ccc(C(Cn2ccnc2)OCc2csc3c(Cl)cccc23)c(Cl)c1|94|14.0|25.5|0.0|48.9|0.0|56.0|63.1|60.6|10.9|47.4|0.0|54.0|63.0
Sertaconazole (nitrate)|1|30.0|Clc1ccc(C(Cn2ccnc2)OCc2csc3c(Cl)cccc23)c(Cl)c1|60|74.6|0.0|0.0|61.9|0.0|65.4|54.9|69.0|35.8|61.2|0.0|72.4|52.2
Tribenoside|1|10.0|CCOC1O[C@H]([C@@H](COCc2ccccc2)OCc2ccccc2)[C@H](OCc2ccccc2)[C@H]1O|107|6.4|1.0|0.0|35.0|0.0|31.8|45.8|52.4|0.0|20.9|0.0|48.0|30.8
Tribenoside|1|30.0|CCOC1O[C@H]([C@@H](COCc2ccccc2)OCc2ccccc2)[C@H](OCc2ccccc2)[C@H]1O|95|37.0|10.7|0.0|49.5|0.0|54.2|51.8|56.6|10.6|42.9|0.0|55.4|54.0
Verteporfin, Visudyne|1|30.0|C=Cc1c(C)c2cc3nc(cc4[nH]c(cc5nc(cc1[nH]2)C(C)=C5CCC(=O)O)c(CCC(=O)OC)c4C)[C@@]1(C)C3=CC=C(C(=O)OC)[C@H]1C(=O)OC|100|6.0|0.0|5.3|6.3|34.3|0.0|35.0|29.8|0.0|12.9|2.8|26.6|0.0
Verteporfin, Visudyne|2|30.0|C=Cc1c(C)c2cc3nc(cc4[nH]c(cc5nc(cc1[nH]2)C(C)=C5CCC(=O)O)c(CCC(=O)OC)c4C)[C@@]1(C)C3=CC=C(C(=O)OC)[C@H]1C(=O)OC|94|20.0|4.1|0.0|66.6|0.0|59.7|33.8|57.7|46.8|52.1|0.0|64.8|69.0
Verteporfin, Visudyne|2|50.0|C=Cc1c(C)c2cc3nc(cc4[nH]c(cc5nc(cc1[nH]2)C(C)=C5CCC(=O)O)c(CCC(=O)OC)c4C)[C@@]1(C)C3=CC=C(C(=O)OC)[C@H]1C(=O)OC|80|23.7|6.3|0.0|42.3|0.0|39.6|18.3|30.4|39.7|31.5|0.0|31.2|48.3
Zuclopenthixol hydrochloride|1|3.0|OCCN1CCN(CC/C=C2/c3ccccc3Sc3ccc(Cl)cc32)CC1|97|11.2|0.0|0.0|64.3|0.0|73.6|24.1|72.0|28.3|59.1|0.0|72.2|33.6
Zuclopenthixol hydrochloride|1|10.0|OCCN1CCN(CC/C=C2/c3ccccc3Sc3ccc(Cl)cc32)CC1|102|58.4|0.0|0.0|78.8|0.0|77.6|21.8|92.1|38.7|47.0|0.0|72.4|55.5
Pirlindole mesylate|1|30.0|Cc1ccc2c(c1)c1c3n2CCNC3CCC1|96|21.2|0.0|0.0|71.8|0.0|71.1|14.6|94.1|30.1|32.9|0.0|63.0|39.9
Pronethalol hydrochloride|1|30.0|CC(C)NCC(O)c1ccc2ccccc2c1|95|25.6|0.0|0.0|56.0|0.0|55.8|27.0|71.0|8.1|41.4|0.0|66.2|27.0
Nandrolone|1|10.0|C[C@]12CC[C@@H]3[C@H]4CCC(=O)C=C4CC[C@H]3[C@@H]1CC[C@@H]2O|104|10.4|32.2|0.0|0.0|20.7|0.0|0.0|0.0|0.0|0.0|46.8|0.0|0.0
Irinotecan (hydrochloride)|1|10.0|CCc1c2c(nc3ccc(OC(=O)N4CCC(N5CCCCC5)CC4)cc13)-c1cc3c(c(=O)n1C2)COC(=O)[C@]3(O)CC|70|35.8|31.2|50.5|0.0|86.7|0.0|0.6|0.0|0.0|0.0|80.3|0.0|0.0
Irinotecan (hydrochloride)|1|30.0|CCc1c2c(nc3ccc(OC(=O)N4CCC(N5CCCCC5)CC4)cc13)-c1cc3c(c(=O)n1C2)COC(=O)[C@]3(O)CC|66|28.7|29.5|44.7|0.0|88.2|0.0|10.4|0.0|0.0|0.0|66.1|0.0|0.0
Irinotecan (hydrochloride)|2|2.0|CCc1c2c(nc3ccc(OC(=O)N4CCC(N5CCCCC5)CC4)cc13)-c1cc3c(c(=O)n1C2)COC(=O)[C@]3(O)CC|86|10.7|0.9|67.6|0.0|62.0|0.0|8.5|0.0|0.0|0.0|62.7|0.0|0.0
Irinotecan (hydrochloride)|2|6.0|CCc1c2c(nc3ccc(OC(=O)N4CCC(N5CCCCC5)CC4)cc13)-c1cc3c(c(=O)n1C2)COC(=O)[C@]3(O)CC|77|22.1|26.8|52.5|0.0|84.1|0.0|0.0|0.0|0.0|0.0|73.2|0.0|0.0
Irinotecan (hydrochloride)|2|10.0|CCc1c2c(nc3ccc(OC(=O)N4CCC(N5CCCCC5)CC4)cc13)-c1cc3c(c(=O)n1C2)COC(=O)[C@]3(O)CC|83|24.2|42.4|39.7|0.0|92.3|0.0|4.5|0.0|0.0|0.0|80.5|0.0|0.0
Alfacalcidol|1|10.0|C=C1/C(=C/C=C2/CCC[C@@]3(C)[C@H]2CC[C@@H]3[C@H](C)CCCC(C)C)C[C@@H](O)C[C@@H]1O|96|5.9|24.0|0.0|36.9|0.0|27.3|28.3|56.4|0.0|19.1|0.0|40.9|34.1
Alfacalcidol|1|30.0|C=C1/C(=C/C=C2/CCC[C@@]3(C)[C@H]2CC[C@@H]3[C@H](C)CCCC(C)C)C[C@@H](O)C[C@@H]1O|103|18.7|13.6|0.0|53.0|0.0|46.2|45.4|58.4|13.6|62.7|0.0|63.0|63.1
Atorvastatin|1|10.0|CC(C)c1c(C(=O)Nc2ccccc2)c(-c2ccccc2)c(-c2ccc(F)cc2)n1CC[C@@H](O)C[C@@H](O)CC(=O)O|105|49.2|0.0|0.0|86.3|0.0|82.3|31.9|81.6|44.8|63.9|0.0|79.5|70.0
Atorvastatin|1|30.0|CC(C)c1c(C(=O)Nc2ccccc2)c(-c2ccccc2)c(-c2ccc(F)cc2)n1CC[C@@H](O)C[C@@H](O)CC(=O)O|97|82.2|0.0|0.0|87.1|0.0|88.4|16.7|80.1|62.4|61.7|0.0|87.3|63.6
Gemcitabine|1|10.0|Nc1ccn([C@@H]2O[C@H](CO)[C@@H](O)C2(F)F)c(=O)n1|60|39.7|58.3|15.7|0.0|97.5|0.0|0.0|0.0|0.0|0.0|81.6|0.0|0.0
Gemcitabine|1|30.0|Nc1ccn([C@@H]2O[C@H](CO)[C@@H](O)C2(F)F)c(=O)n1|73|30.9|62.5|8.6|0.0|96.4|0.0|0.0|0.0|0.0|0.0|77.3|0.0|0.0
Gestrinone|1|30.0|C#C[C@]1(O)CC[C@H]2[C@@H]3CCC4=CC(=O)CCC4=C3C=C[C@@]21CC|94|40.6|25.2|0.0|52.5|0.0|58.6|55.2|52.7|15.3|59.7|0.0|49.4|70.9
Escitalopram|1|30.0|CN(C)CCC[C@@]1(c2ccc(F)cc2)OCc2cc(C#N)ccc21|104|16.1|0.0|0.0|65.8|0.0|59.2|6.0|90.2|14.5|35.0|0.0|56.4|40.6
Idebenone|1|30.0|COC1=C(OC)C(=O)C(CCCCCCCCCCO)=C(C)C1=O|85|16.6|64.4|0.0|0.0|73.5|0.0|8.6|0.0|0.0|0.0|57.7|0.0|0.0
Imatinib|1|3.0|Cc1ccc(NC(=O)c2ccc(CN3CCN(C)CC3)cc2)cc1Nc1nccc(-c2cccnc2)n1|92|20.2|0.0|0.0|55.8|0.0|60.2|29.3|81.1|2.2|45.6|0.0|51.5|34.8
Imatinib|1|10.0|Cc1ccc(NC(=O)c2ccc(CN3CCN(C)CC3)cc2)cc1Nc1nccc(-c2cccnc2)n1|106|56.8|0.0|0.0|76.0|0.0|78.8|27.7|89.9|33.5|51.8|0.0|69.3|50.7
Imatinib|11|2.0|Cc1ccc(NC(=O)c2ccc(CN3CCN(C)CC3)cc2)cc1Nc1nccc(-c2cccnc2)n1|94|8.8|16.1|0.0|52.3|0.8|48.5|39.2|74.2|2.4|36.7|0.0|62.1|55.3
Lacidipine|1|10.0|CCOC(=O)C1=C(C)NC(C)=C(C(=O)OCC)C1c1ccccc1/C=C/C(=O)OC(C)(C)C|99|14.2|0.0|0.0|73.4|0.0|73.0|38.8|73.9|36.4|51.6|0.0|70.3|58.5
Lapatinib (ditosylate)|2|0.2|CS(=O)(=O)CCNCc1ccc(-c2ccc3ncnc(Nc4ccc(OCc5cccc(F)c5)c(Cl)c4)c3c2)o1|107|9.8|13.5|0.0|0.0|0.0|0.0|0.0|14.8|4.0|0.0|9.4|0.0|0.0
Lapatinib (ditosylate)|2|2.0|CS(=O)(=O)CCNCc1ccc(-c2ccc3ncnc(Nc4ccc(OCc5cccc(F)c5)c(Cl)c4)c3c2)o1|103|32.1|0.0|0.0|57.4|0.0|58.7|33.8|87.0|12.8|29.2|0.0|58.3|36.9
Reboxetine mesylate|1|30.0|CCOc1ccccc1O[C@@H](c1ccccc1)[C@H]1CNCCO1|100|24.2|0.0|0.0|56.4|0.0|62.5|28.6|76.1|18.8|41.6|0.0|63.0|31.2
Sertindole|1|3.0|O=C1NCCN1CCN1CCC(c2cn(-c3ccc(F)cc3)c3ccc(Cl)cc23)CC1|89|20.6|0.0|0.0|59.2|0.0|61.9|20.6|72.6|19.9|54.3|0.0|68.8|35.1
Sertindole|1|10.0|O=C1NCCN1CCN1CCC(c2cn(-c3ccc(F)cc3)c3ccc(Cl)cc23)CC1|92|83.1|0.0|0.0|83.7|0.0|82.6|22.0|87.1|42.3|63.4|0.0|77.9|64.6
Vorinostat|1|1.0|O=C(CCCCCCC(=O)Nc1ccccc1)NO|98|10.2|0.0|0.0|48.6|0.0|70.4|14.8|33.1|45.6|32.1|0.0|44.6|55.3
Vorinostat|1|3.0|O=C(CCCCCCC(=O)Nc1ccccc1)NO|73|52.8|0.0|0.0|85.1|0.0|97.3|19.4|67.5|65.7|67.9|0.0|77.3|69.9
Vorinostat|1|10.0|O=C(CCCCCCC(=O)Nc1ccccc1)NO|64|59.1|0.0|0.0|79.5|0.0|91.2|23.3|64.9|59.1|58.1|0.0|75.0|55.1
Vorinostat|1|30.0|O=C(CCCCCCC(=O)Nc1ccccc1)NO|59|66.3|0.0|0.0|87.4|0.0|94.7|21.8|73.6|66.5|69.1|0.0|78.7|67.9
Vorinostat|7|10.0|O=C(CCCCCCC(=O)Nc1ccccc1)NO|66|67.7|0.0|0.0|78.0|0.0|93.6|35.9|66.5|65.3|63.5|0.0|79.1|56.5
Vorinostat|8|0.2|O=C(CCCCCCC(=O)Nc1ccccc1)NO|101|22.5|0.0|0.0|87.4|0.0|88.4|13.2|63.7|59.2|50.3|0.0|85.0|53.4
Vorinostat|8|2.0|O=C(CCCCCCC(=O)Nc1ccccc1)NO|76|53.5|0.0|0.0|86.5|0.0|98.8|18.2|67.7|66.3|67.1|0.0|76.7|61.7
Zotepine|1|3.0|CN(C)CCOC1=Cc2ccccc2Sc2ccc(Cl)cc21|102|12.3|0.0|0.0|79.9|0.0|78.1|30.4|79.1|32.0|69.7|0.0|74.0|54.7
Zotepine|1|10.0|CN(C)CCOC1=Cc2ccccc2Sc2ccc(Cl)cc21|101|52.7|0.0|0.0|79.2|0.0|75.8|17.5|92.6|37.0|51.8|0.0|70.4|58.9
Dibenzepine hydrochloride|1|30.0|CN(C)CCN1C(=O)c2ccccc2N(C)c2ccccc21|97|6.9|0.0|0.0|56.9|0.0|57.5|20.7|78.5|6.0|29.5|0.0|57.9|26.9
Diclazuril|1|10.0|N#CC(c1ccc(Cl)cc1)c1c(Cl)cc(-n2ncc(=O)[nH]c2=O)cc1Cl|102|5.4|50.8|8.3|0.0|73.9|0.0|0.0|0.0|0.0|0.0|78.4|0.0|0.0
Diclazuril|1|30.0|N#CC(c1ccc(Cl)cc1)c1c(Cl)cc(-n2ncc(=O)[nH]c2=O)cc1Cl|95|11.9|45.4|0.1|0.0|63.8|0.0|0.0|0.0|0.0|0.0|74.6|0.0|0.0
Efavirenz|1|30.0|O=C1Nc2ccc(Cl)cc2[C@@](C#CC2CC2)(C(F)(F)F)O1|98|30.7|0.0|0.0|53.0|0.0|50.1|56.5|61.7|15.7|44.7|0.0|67.7|40.7
Etretinate|1|30.0|CCOC(=O)/C=C(C)/C=C/C=C(C)/C=C/c1c(C)cc(OC)c(C)c1C|94|23.0|1.9|0.0|23.0|0.0|17.2|45.0|43.3|0.0|20.2|0.0|44.5|9.1
Flubendazole|1|30.0|COC(=O)Nc1nc2cc(C(=O)c3ccc(F)cc3)ccc2[nH]1|69|27.6|0.0|0.0|56.2|0.0|50.2|36.9|57.6|45.4|38.5|0.0|88.6|49.9
Fluocinolone (Acetonide)|1|10.0|CC1(C)O[C@@H]2C[C@H]3[C@@H]4C[C@H](F)C5=CC(=O)C=C[C@]5(C)[C@@]4(F)[C@@H](O)C[C@]3(C)[C@]2(C(=O)CO)O1|107|10.7|73.9|0.0|0.0|80.1|0.0|0.0|0.0|0.0|0.0|83.2|0.0|0.0
Fluocinolone (Acetonide)|1|30.0|CC1(C)O[C@@H]2C[C@H]3[C@@H]4C[C@H](F)C5=CC(=O)C=C[C@]5(C)[C@@]4(F)[C@@H](O)C[C@]3(C)[C@]2(C(=O)CO)O1|92|14.3|56.0|12.2|0.0|75.9|0.0|11.1|0.0|0.0|0.0|87.2|0.0|0.0
Formoterol fumarate|1|10.0|COc1ccc(C[C@H](C)NC[C@@H](O)c2ccc(O)c(NC=O)c2)cc1|106|8.6|4.5|0.0|59.2|0.0|49.7|4.3|57.8|17.7|33.6|0.0|56.6|59.0
Formoterol fumarate|1|30.0|COc1ccc(C[C@H](C)NC[C@@H](O)c2ccc(O)c(NC=O)c2)cc1|98|30.2|0.0|0.0|86.1|0.0|80.5|0.0|81.0|52.7|52.1|0.0|75.6|49.0
Formoterol fumarate|2|2.0|COc1ccc(C[C@H](C)NC[C@@H](O)c2ccc(O)c(NC=O)c2)cc1|94|10.0|0.0|0.0|63.8|0.0|53.5|17.6|66.2|17.6|47.5|0.0|72.5|51.1
Formoterol fumarate|2|6.0|COc1ccc(C[C@H](C)NC[C@@H](O)c2ccc(O)c(NC=O)c2)cc1|109|7.6|0.0|0.0|69.7|0.0|59.4|5.1|62.9|35.2|43.7|0.0|66.8|44.8
Formoterol fumarate|2|10.0|COc1ccc(C[C@H](C)NC[C@@H](O)c2ccc(O)c(NC=O)c2)cc1|104|17.3|0.0|0.0|80.1|0.0|74.2|0.0|71.8|45.9|46.0|0.0|75.2|37.3
Lofexidine|1|30.0|CC(Oc1c(Cl)cccc1Cl)C1=NCCN1|97|23.1|0.0|0.0|33.6|15.1|28.5|21.8|60.5|0.0|16.9|0.0|48.6|11.0
Atomoxetine (hydrochloride)|1|30.0|CNCC[C@@H](Oc1ccccc1C)c1ccccc1|105|10.5|0.0|0.0|64.8|0.0|59.2|0.0|84.0|21.5|25.9|0.0|48.2|38.0
Troglitazone|1|10.0|Cc1c(C)c2c(c(C)c1O)CCC(C)(COc1ccc(CC3SC(=O)NC3=O)cc1)O2|97|8.1|72.2|0.0|0.0|35.1|0.0|37.7|20.4|0.0|0.0|30.8|0.0|18.6
Troglitazone|1|30.0|Cc1c(C)c2c(c(C)c1O)CCC(C)(COc1ccc(CC3SC(=O)NC3=O)cc1)O2|98|22.8|44.5|0.0|20.3|0.0|25.2|46.9|53.9|0.0|1.7|0.0|19.1|26.4
Troglitazone|8|10.0|Cc1c(C)c2c(c(C)c1O)CCC(C)(COc1ccc(CC3SC(=O)NC3=O)cc1)O2|103|9.5|0.0|0.0|67.4|0.0|63.0|40.5|69.4|31.4|49.9|0.0|72.1|55.3
Nilvadipine|1|30.0|COC(=O)C1=C(C#N)NC(C)=C(C(=O)OC(C)C)C1c1cccc([N+](=O)[O-])c1|91|24.4|0.0|0.0|62.7|0.0|60.8|55.9|69.4|29.1|38.8|0.0|78.0|41.7
Oxiconazole nitrate|1|30.0|Clc1ccc(CO/N=C(\Cn2ccnc2)c2ccc(Cl)cc2Cl)c(Cl)c1|70|66.5|6.7|0.0|60.4|0.0|65.8|50.5|73.9|27.1|51.5|0.0|67.9|56.1
Fludarabine|1|10.0|Nc1nc(F)nc2c1ncn2[C@@H]1O[C@H](CO)[C@@H](O)[C@@H]1O|69|29.9|59.4|12.1|0.0|97.1|0.0|0.0|0.0|0.0|0.0|75.3|0.0|0.0
Fludarabine|1|30.0|Nc1nc(F)nc2c1ncn2[C@@H]1O[C@H](CO)[C@@H](O)[C@@H]1O|76|24.4|61.3|4.6|0.0|94.9|0.0|0.0|0.0|0.0|0.0|71.5|0.0|0.0
Felodipine, Plendil|1|30.0|CCOC(=O)C1=C(C)NC(C)=C(C(=O)OC)C1c1cccc(Cl)c1Cl|94|12.4|14.6|0.0|13.9|0.0|8.3|56.2|31.9|0.0|0.0|0.0|34.0|15.5
Felodipine, Plendil|2|30.0|CCOC(=O)C1=C(C)NC(C)=C(C(=O)OC)C1c1cccc(Cl)c1Cl|99|17.4|0.0|0.0|41.1|0.0|38.7|58.0|43.6|17.8|39.1|0.0|61.4|28.1
Dacarbazine|1|10.0|CN(C)/N=N/c1[nH]cnc1C(N)=O|96|9.7|54.2|0.0|0.0|69.7|0.0|0.0|0.0|0.0|0.0|62.5|0.0|0.0
Dirithromycin|1|30.0|CC[C@H]1OC(=O)[C@H](C)[C@@H](O[C@H]2C[C@@](C)(OC)[C@@H](O)[C@H](C)O2)[C@H](C)[C@@H](O[C@@H]2O[C@H](C)C[C@H](N(C)C)[C@H]2O)[C@](C)(O)C[C@@H](C)[C@@H]2N[C@@H](COCCOC)O[C@H]([C@H]2C)[C@]1(C)O|100|8.5|0.0|0.0|57.3|0.0|59.1|24.7|83.2|11.0|29.7|0.0|58.7|34.6
Ethynodiol diacetate|1|30.0|C#C[C@]1(OC(C)=O)CC[C@H]2[C@@H]3CCC4=C[C@@H](OC(C)=O)CC[C@@H]4[C@H]3CC[C@@]21C|100|5.5|28.8|0.0|17.0|0.0|23.0|61.9|42.8|0.0|26.9|0.0|27.2|31.0
Pyrvinium pamoate|1|1.0|Cc1cc(/C=C/c2ccc3cc(N(C)C)ccc3[n+]2C)c(C)n1-c1ccccc1|69|44.4|4.2|9.8|0.0|55.1|0.0|15.9|16.2|7.8|11.5|15.7|15.1|0.0
Pyrvinium pamoate|1|3.0|Cc1cc(/C=C/c2ccc3cc(N(C)C)ccc3[n+]2C)c(C)n1-c1ccccc1|55|70.5|0.0|0.0|52.6|1.8|54.0|10.2|65.4|31.8|50.9|0.0|62.3|36.6
Pyrvinium pamoate|2|1.0|Cc1cc(/C=C/c2ccc3cc(N(C)C)ccc3[n+]2C)c(C)n1-c1ccccc1|54|54.2|0.0|39.2|0.0|62.8|0.0|17.3|14.6|0.0|0.0|32.4|8.0|0.0
Colistin sulfate|1|10.0|CC(C)CCCCC(=O)NC(CCN)C(=O)NC(C(=O)NC(CCN)C(=O)NC1CCNC(=O)C(C(C)O)NC(=O)C(CCN)NC(=O)C(CCN)NC(=O)C(C(C)C)CNC(=O)C(CC(C)C)NC(=O)C(CCN)NC1=O)C(C)O|102|16.1|0.0|12.3|44.3|0.0|49.0|18.5|10.7|43.5|63.9|0.0|37.9|27.6
Diethylstilbestrol|1|30.0|CC/C(=C(/CC)c1ccc(O)cc1)c1ccc(O)cc1|87|44.7|0.0|0.0|77.9|0.0|73.8|34.8|73.9|54.3|54.8|0.0|92.2|55.7
Sertraline|1|1.0|CN[C@H]1CC[C@@H](c2ccc(Cl)c(Cl)c2)c2ccccc21|102|14.0|0.0|0.0|67.3|0.0|60.6|2.7|89.6|22.4|32.2|0.0|65.6|40.1
Sertraline|1|3.0|CN[C@H]1CC[C@@H](c2ccc(Cl)c(Cl)c2)c2ccccc21|93|44.0|0.0|0.0|77.6|0.0|75.5|3.4|95.3|36.2|52.2|0.0|66.6|45.4
Sertraline|1|10.0|CN[C@H]1CC[C@@H](c2ccc(Cl)c(Cl)c2)c2ccccc21|95|75.8|0.0|0.0|82.7|0.0|79.7|8.2|93.6|39.5|57.6|0.0|74.4|61.6
Alprostadil|1|30.0|CCCCC[C@H](O)/C=C/[C@H]1[C@H](O)CC(=O)[C@@H]1CCCCCCC(=O)O|89|6.9|75.2|0.0|0.0|52.7|0.0|18.0|4.1|0.0|0.0|48.2|0.0|12.7
Amoxapine|1|10.0|Clc1ccc2c(c1)C(N1CCNCC1)=Nc1ccccc1O2|107|25.4|0.0|0.0|76.1|0.0|71.8|14.0|89.7|35.7|40.6|0.0|66.5|52.0
Amoxapine|1|30.0|Clc1ccc2c(c1)C(N1CCNCC1)=Nc1ccccc1O2|101|24.4|0.0|0.0|55.3|0.0|57.9|29.2|78.1|16.4|24.6|0.0|55.8|21.6
Cyproheptadine (hydrochloride)|1|10.0|CN1CCC(=C2c3ccccc3C=Cc3ccccc32)CC1|94|20.2|0.0|0.0|72.6|0.0|71.4|14.9|70.6|43.0|56.0|0.0|63.8|52.8
Cyproheptadine (hydrochloride)|1|30.0|CN1CCC(=C2c3ccccc3C=Cc3ccccc32)CC1|99|67.9|0.0|0.0|77.6|0.0|76.2|18.7|97.6|37.3|45.7|0.0|72.1|51.2
Cyproheptadine (hydrochloride)|2|10.0|CN1CCC(=C2c3ccccc3C=Cc3ccccc32)CC1|101|30.6|0.0|0.0|77.2|0.0|74.5|8.4|73.3|39.0|51.0|0.0|60.2|49.4
Cyproheptadine (hydrochloride)|2|30.0|CN1CCC(=C2c3ccccc3C=Cc3ccccc32)CC1|91|77.0|0.0|0.0|79.5|0.0|77.7|17.7|93.9|35.2|52.2|0.0|73.3|52.1
Oxyphenbutazone|1|10.0|CCCCC1C(=O)N(c2ccccc2)N(c2ccc(O)cc2)C1=O|71|19.5|32.5|40.3|0.0|79.3|0.0|2.4|0.0|0.0|0.0|60.2|0.0|0.0
Danazol|1|30.0|C#C[C@]1(O)CC[C@H]2[C@@H]3CCC4=Cc5oncc5C[C@]4(C)[C@H]3CC[C@@]21C|91|9.8|26.1|4.3|0.0|48.1|0.0|41.3|12.1|0.0|0.0|54.3|3.3|0.0
Piperidolate (hydrochloride)|1|30.0|CCN1CCCC(OC(=O)C(c2ccccc2)c2ccccc2)C1|97|35.2|0.0|0.0|66.7|0.0|65.7|14.1|91.3|25.2|39.2|0.0|67.5|38.5
Trifluridine|1|10.0|O=c1[nH]c(=O)n([C@H]2C[C@H](O)[C@@H](CO)O2)cc1C(F)(F)F|69|32.6|59.6|14.2|0.0|96.9|0.0|0.0|0.0|0.0|0.0|77.6|0.0|0.0
Trifluridine|1|30.0|O=c1[nH]c(=O)n([C@H]2C[C@H](O)[C@@H](CO)O2)cc1C(F)(F)F|70|33.9|57.1|24.7|0.0|95.7|0.0|0.0|0.0|0.0|0.0|80.1|0.0|0.0
Cyproterone acetate|1|30.0|CC(=O)O[C@]1(C(C)=O)CC[C@H]2[C@@H]3C=C(Cl)C4=CC(=O)C5CC5[C@]4(C)[C@H]3CC[C@@]21C|102|10.5|10.1|0.0|20.6|0.0|26.4|50.7|42.8|0.0|23.0|0.0|31.5|19.6
(R)-Propranolol hydrochloride|1|10.0|CC(C)NC[C@@H](O)COc1cccc2ccccc12|97|6.2|0.0|0.0|66.8|0.0|62.7|7.1|82.5|29.8|34.6|0.0|65.2|35.5
(R)-Propranolol hydrochloride|1|30.0|CC(C)NC[C@@H](O)COc1cccc2ccccc12|102|47.5|0.0|0.0|69.7|0.0|68.9|26.4|86.9|22.3|41.6|0.0|71.3|38.7
Chlorambucil|1|10.0|O=C(O)CCCc1ccc(N(CCCl)CCCl)cc1|94|8.8|26.9|47.5|0.0|72.6|0.0|0.0|0.0|0.0|0.0|77.7|0.0|0.0
(S)-Propranolol hydrochloride|1|30.0|CC(C)NC[C@H](O)COc1cccc2ccccc12|98|24.4|0.0|0.0|78.7|0.0|75.4|12.6|94.9|33.0|48.1|0.0|72.9|46.5
(S)-Propranolol hydrochloride|2|30.0|CC(C)NC[C@H](O)COc1cccc2ccccc12|104|53.2|0.0|0.0|70.7|0.0|73.1|22.8|81.6|30.2|45.6|0.0|65.1|34.2
(±)-Synephrine|1|10.0|CNCC(O)c1ccc(O)cc1|97|5.4|0.0|0.0|59.0|0.0|54.3|35.8|66.1|8.9|38.6|0.0|61.2|43.3
(±)-Synephrine|2|30.0|CNCC(O)c1ccc(O)cc1|108|5.2|0.0|0.0|65.0|0.0|61.3|5.5|68.6|33.7|42.0|0.0|65.2|32.1
(-)-Isoproterenol hydrochloride|1|10.0|CC(C)NC[C@H](O)c1ccc(O)c(O)c1|105|5.9|18.4|0.0|53.4|0.0|49.3|39.5|61.5|6.3|57.6|0.0|55.0|61.4
(-)-Isoproterenol hydrochloride|1|30.0|CC(C)NC[C@H](O)c1ccc(O)c(O)c1|90|18.3|0.0|0.0|73.1|0.0|64.2|7.9|74.9|22.4|62.1|0.0|70.4|50.9
Azelastine hydrochloride|1|1.0|CN1CCCC(n2nc(Cc3ccc(Cl)cc3)c3ccccc3c2=O)CC1|96|9.8|0.0|7.0|12.4|0.0|6.0|35.7|22.8|1.4|19.9|0.0|29.7|0.0
Azelastine hydrochloride|1|3.0|CN1CCCC(n2nc(Cc3ccc(Cl)cc3)c3ccccc3c2=O)CC1|92|23.8|0.0|0.0|47.1|0.0|61.4|28.5|49.0|22.4|52.9|0.0|59.5|15.4
Azelastine hydrochloride|1|10.0|CN1CCCC(n2nc(Cc3ccc(Cl)cc3)c3ccccc3c2=O)CC1|94|56.1|0.0|0.0|80.4|0.0|79.9|6.7|92.3|45.0|50.3|0.0|70.0|49.2
Azelastine hydrochloride|1|30.0|CN1CCCC(n2nc(Cc3ccc(Cl)cc3)c3ccccc3c2=O)CC1|90|79.3|0.0|0.0|75.6|0.0|75.0|23.5|90.1|34.5|49.8|0.0|75.8|54.8
Cytarabine|1|10.0|Nc1ccn([C@@H]2O[C@H](CO)[C@@H](O)[C@@H]2O)c(=O)n1|67|41.5|59.7|14.0|0.0|97.1|0.0|0.0|0.0|0.0|0.0|79.8|0.0|0.0
Cytarabine|1|30.0|Nc1ccn([C@@H]2O[C@H](CO)[C@@H](O)[C@@H]2O)c(=O)n1|74|29.4|53.3|31.9|0.0|93.6|0.0|3.0|0.0|0.0|0.0|78.0|0.0|0.0
Chlorpheniramine (maleate)|2|30.0|CN(C)CCC(c1ccc(Cl)cc1)c1ccccn1|102|20.0|0.0|0.0|45.5|0.0|50.6|19.3|66.9|15.4|20.3|0.0|40.3|0.5
Aniracetam|2|30.0|COc1ccc(C(=O)N2CCCC2=O)cc1|85|7.8|0.0|9.4|33.7|0.0|30.0|19.8|39.0|21.6|28.4|0.0|54.9|19.0
Tizanidine HCl|2|30.0|Clc1ccc2nsnc2c1NC1=NCCN1|92|16.2|0.0|12.9|31.4|3.3|32.3|23.6|25.2|22.3|46.9|0.0|44.7|40.5
Ziprasidone, Hydrochloride|2|10.0|O=C1Cc2cc(CCN3CCN(c4nsc5ccccc45)CC3)c(Cl)cc2N1|88|33.9|0.0|8.2|32.8|1.0|35.3|26.1|61.0|0.0|12.0|0.0|45.0|1.9
Thimerosal|1|3.0|CC[Hg]Sc1ccccc1C(=O)O|90|9.0|0.0|3.1|51.2|0.0|66.6|13.6|54.4|34.7|46.3|0.0|67.8|32.8
Toremifene|1|3.0|CN(C)CCOc1ccc(/C(=C(/CCCl)c2ccccc2)c2ccccc2)cc1|101|8.5|0.0|0.0|76.0|0.0|75.5|24.4|87.1|26.2|48.2|0.0|69.7|57.9
Toremifene|1|10.0|CN(C)CCOc1ccc(/C(=C(/CCCl)c2ccccc2)c2ccccc2)cc1|86|61.0|0.0|0.0|81.0|0.0|79.1|0.0|91.7|46.0|55.9|0.0|69.4|53.6
5-Fluorouracil, 5-FU|1|10.0|O=c1[nH]cc(F)c(=O)[nH]1|108|9.5|41.4|1.9|0.0|47.5|0.0|0.0|0.0|0.0|0.0|72.4|0.0|0.0
5-Fluorouracil, 5-FU|1|30.0|O=c1[nH]cc(F)c(=O)[nH]1|100|41.6|49.2|0.0|0.0|58.4|0.0|0.0|0.0|0.0|0.0|67.2|0.0|0.0
5-Fluorouracil, 5-FU|2|30.0|O=c1[nH]cc(F)c(=O)[nH]1|84|31.6|45.7|0.0|0.0|63.1|0.0|0.0|0.0|0.0|0.0|73.6|0.0|0.0
Bromocryptine mesylate|1|10.0|CC(C)C[C@H]1C(=O)N2CCC[C@H]2[C@]2(O)O[C@](NC(=O)[C@@H]3C=C4c5cccc6[nH]c(Br)c(c56)C[C@H]4N(C)C3)(C(C)C)C(=O)N12|92|9.7|37.2|0.0|24.9|0.0|24.8|49.3|41.1|5.6|16.0|0.0|26.7|31.1
Bromocryptine mesylate|1|30.0|CC(C)C[C@H]1C(=O)N2CCC[C@H]2[C@]2(O)O[C@](NC(=O)[C@@H]3C=C4c5cccc6[nH]c(Br)c(c56)C[C@H]4N(C)C3)(C(C)C)C(=O)N12|76|31.1|34.2|0.0|23.4|0.2|25.0|59.2|53.1|0.0|25.5|0.0|39.9|31.0
Amlodipine|1|10.0|CCOC(=O)C1=C(COCCN)NC(C)=C(C(=O)OC)C1c1ccccc1Cl|98|15.2|7.8|0.0|57.8|0.0|59.2|24.3|79.6|18.1|35.0|0.0|57.7|53.0
Aripiprazole|1|1.0|O=C1CCc2ccc(OCCCCN3CCN(c4cccc(Cl)c4Cl)CC3)cc2N1|98|15.9|0.0|0.0|27.1|0.0|18.1|28.1|41.3|0.0|21.4|0.0|40.6|11.1
Aripiprazole|1|3.0|O=C1CCc2ccc(OCCCCN3CCN(c4cccc(Cl)c4Cl)CC3)cc2N1|95|16.2|0.0|0.0|65.3|0.0|68.5|28.0|75.1|25.4|41.7|0.0|64.0|32.6
Aripiprazole|1|10.0|O=C1CCc2ccc(OCCCCN3CCN(c4cccc(Cl)c4Cl)CC3)cc2N1|110|61.1|0.0|0.0|82.3|0.0|81.9|24.3|85.6|42.8|55.6|0.0|73.2|58.8
Azithromycin|1|3.0|CC[C@H]1OC(=O)[C@H](C)[C@@H](O[C@H]2C[C@@](C)(OC)[C@@H](O)[C@H](C)O2)[C@H](C)[C@@H](O[C@@H]2O[C@H](C)C[C@H](N(C)C)[C@H]2O)[C@](C)(O)C[C@@H](C)CN(C)[C@H](C)[C@@H](O)[C@]1(C)O|110|10.4|0.0|0.0|57.1|0.9|56.5|9.4|86.8|14.1|19.5|0.0|56.0|43.4
Azithromycin|1|10.0|CC[C@H]1OC(=O)[C@H](C)[C@@H](O[C@H]2C[C@@](C)(OC)[C@@H](O)[C@H](C)O2)[C@H](C)[C@@H](O[C@@H]2O[C@H](C)C[C@H](N(C)C)[C@H]2O)[C@](C)(O)C[C@@H](C)CN(C)[C@H](C)[C@@H](O)[C@]1(C)O|106|45.4|0.0|0.0|67.4|0.0|68.1|18.3|91.2|26.8|32.4|0.0|64.5|43.8
Azithromycin|1|30.0|CC[C@H]1OC(=O)[C@H](C)[C@@H](O[C@H]2C[C@@](C)(OC)[C@@H](O)[C@H](C)O2)[C@H](C)[C@@H](O[C@@H]2O[C@H](C)C[C@H](N(C)C)[C@H]2O)[C@](C)(O)C[C@@H](C)CN(C)[C@H](C)[C@@H](O)[C@]1(C)O|100|56.5|0.0|0.0|70.7|0.0|69.3|0.0|89.9|32.4|29.9|0.0|66.5|38.6
Benztropine mesylate|1|10.0|CN1[C@H]2CC[C@@H]1C[C@H](OC(c1ccccc1)c1ccccc1)C2|105|31.3|0.0|0.0|75.7|0.0|75.3|19.4|87.4|34.1|50.3|0.0|67.0|51.6
Benztropine mesylate|1|30.0|CN1[C@H]2CC[C@@H]1C[C@H](OC(c1ccccc1)c1ccccc1)C2|97|72.5|0.0|0.0|80.0|0.0|77.1|6.9|95.3|35.5|46.2|0.0|70.3|52.2
Bicalutamide|1|30.0|CC(O)(CS(=O)(=O)c1ccc(F)cc1)C(=O)Nc1ccc(C#N)c(C(F)(F)F)c1|106|6.4|0.0|0.0|76.6|0.0|74.6|29.7|73.9|33.7|60.5|0.0|65.9|61.7
Bifonazole|1|30.0|c1ccc(-c2ccc(C(c3ccccc3)n3ccnc3)cc2)cc1|85|26.3|37.2|0.0|28.2|0.0|27.0|63.5|53.7|0.0|31.6|0.0|44.6|48.3
Canrenone|1|30.0|C[C@]12CC[C@H]3[C@@H](C=CC4=CC(=O)CC[C@@]43C)[C@@H]1CC[C@@]21CCC(=O)O1|97|19.7|21.5|0.0|4.8|47.2|3.5|43.8|49.8|0.0|0.0|16.2|24.8|3.9
Mefloquine|1|1.0|OC(c1cc(C(F)(F)F)nc2c(C(F)(F)F)cccc12)C1CCCCN1|100|7.3|0.0|2.2|35.3|0.0|34.6|31.7|45.6|0.0|30.9|0.0|39.3|10.7
Mefloquine|1|3.0|OC(c1cc(C(F)(F)F)nc2c(C(F)(F)F)cccc12)C1CCCCN1|101|26.8|0.0|0.0|68.7|0.0|65.2|26.1|76.2|24.6|58.3|0.0|66.1|41.3
Mefloquine|1|10.0|OC(c1cc(C(F)(F)F)nc2c(C(F)(F)F)cccc12)C1CCCCN1|63|84.6|0.0|0.0|90.1|0.0|88.7|24.3|84.5|54.7|70.7|0.0|83.0|70.8
Carvedilol|1|10.0|COc1ccccc1OCCNCC(O)COc1cccc2[nH]c3ccccc3c12|97|64.6|0.0|0.0|74.5|0.0|75.6|25.3|91.7|28.3|50.0|0.0|69.5|52.5
Carvedilol|2|10.0|COc1ccccc1OCCNCC(O)COc1cccc2[nH]c3ccccc3c12|104|56.0|0.0|0.0|76.9|0.0|78.5|26.0|91.4|33.6|48.3|0.0|71.5|46.4
Spironolactone|1|30.0|CC(=O)S[C@@H]1CC2=CC(=O)CC[C@]2(C)[C@H]2CC[C@@]3(C)[C@@H](CC[C@@]34CCC(=O)O4)[C@@H]21|89|21.4|66.8|11.8|0.0|87.2|0.0|17.2|0.0|0.0|0.0|77.4|0.0|0.0
Buspirone (hydrochloride)|1|30.0|O=C1CC2(CCCC2)CC(=O)N1CCCCN1CCN(c2ncccn2)CC1|99|16.2|0.0|0.0|70.8|0.0|72.5|19.3|91.6|29.6|27.2|0.0|61.6|40.2
Buspirone (hydrochloride)|2|30.0|O=C1CC2(CCCC2)CC(=O)N1CCCCN1CCN(c2ncccn2)CC1|93|20.0|0.0|15.4|24.2|0.0|28.6|30.3|46.2|0.0|15.7|0.0|37.0|0.0
Dexamethasone acetate|1|10.0|CC(=O)OCC(=O)[C@@]1(O)[C@H](C)C[C@H]2[C@@H]3CCC4=CC(=O)C=C[C@]4(C)[C@@]3(F)[C@@H](O)C[C@@]21C|92|7.6|61.4|0.0|0.0|63.0|0.0|0.9|0.0|0.0|0.0|78.0|0.0|0.0
Loxapine (succinate)|1|30.0|CN1CCN(C2=Nc3ccccc3Oc3ccc(Cl)cc32)CC1|100|33.0|0.0|0.0|51.7|0.0|58.4|40.3|71.5|10.7|27.8|0.0|59.6|32.0
Loxapine (succinate)|2|30.0|CN1CCN(C2=Nc3ccccc3Oc3ccc(Cl)cc32)CC1|95|51.1|0.0|0.0|55.5|0.0|59.7|39.0|70.9|13.3|43.2|0.0|60.7|36.5
Quetiapine|1|30.0|OCCOCCN1CCN(C2=Nc3ccccc3Sc3ccccc32)CC1|91|24.7|0.0|0.0|36.5|0.0|42.3|41.6|54.8|0.0|26.0|0.0|51.1|19.5
Rimantadine|1|30.0|CC(N)[C@]12C[C@H]3C[C@H](C[C@H](C3)C1)C2|97|7.9|0.0|0.0|75.9|0.0|70.6|13.5|78.6|21.4|55.0|0.0|72.0|48.3
Sildenafil|1|30.0|CCCc1nn(C)c2c(=O)[nH]c(-c3cc(S(=O)(=O)N4CCN(C)CC4)ccc3OCC)nc12|94|17.4|0.0|0.0|33.3|0.0|31.9|24.9|47.8|14.2|29.8|0.0|45.9|2.2
Methotrexate, Methylaminopterin, MTX|1|10.0|CN(Cc1cnc2nc(N)nc(N)c2n1)c1ccc(C(=O)N[C@@H](CCC(=O)O)C(=O)O)cc1|85|30.4|70.2|1.9|0.0|93.8|0.0|9.6|0.0|0.0|0.0|77.5|0.0|0.0
Methotrexate, Methylaminopterin, MTX|1|30.0|CN(Cc1cnc2nc(N)nc(N)c2n1)c1ccc(C(=O)N[C@@H](CCC(=O)O)C(=O)O)cc1|80|35.2|55.3|22.8|0.0|93.4|0.0|2.3|0.0|0.0|0.0|81.3|0.0|0.0
Methotrexate, Methylaminopterin, MTX|2|10.0|CN(Cc1cnc2nc(N)nc(N)c2n1)c1ccc(C(=O)N[C@@H](CCC(=O)O)C(=O)O)cc1|94|34.2|73.5|0.0|0.0|94.5|0.0|8.5|0.0|0.0|0.0|80.2|0.0|0.0
Methotrexate, Methylaminopterin, MTX|2|30.0|CN(Cc1cnc2nc(N)nc(N)c2n1)c1ccc(C(=O)N[C@@H](CCC(=O)O)C(=O)O)cc1|93|28.8|56.0|27.3|0.0|94.6|0.0|17.0|0.0|0.0|0.0|81.0|0.0|0.0
Tulobuterol|1|10.0|CC(C)(C)NCC(O)c1ccccc1Cl|104|7.9|20.3|0.0|60.7|0.0|48.0|17.2|74.5|9.2|38.6|0.0|66.1|67.1
Tulobuterol|1|30.0|CC(C)(C)NCC(O)c1ccccc1Cl|96|8.3|0.0|0.0|57.9|0.0|49.0|22.3|73.7|8.5|42.5|0.0|69.3|49.4
Vardenafil|1|30.0|CCCc1nc(C)c2c(=O)nc(-c3cc(S(=O)(=O)N4CCN(CC)CC4)ccc3OCC)[nH]n12|108|34.2|0.0|0.0|50.7|0.0|56.4|38.6|67.7|14.0|37.9|0.0|58.3|27.8
Astemizole|1|3.0|COc1ccc(CCN2CCC(Nc3nc4ccccc4n3Cc3ccc(F)cc3)CC2)cc1|100|19.2|0.0|0.0|57.9|0.0|59.6|25.2|78.4|17.1|40.7|0.0|62.7|21.0
Celecoxib|1|30.0|Cc1ccc(-c2cc(C(F)(F)F)nn2-c2ccc(S(N)(=O)=O)cc2)cc1|91|11.4|12.8|0.0|13.2|10.3|0.0|4.2|33.1|0.0|0.0|3.2|26.7|4.1
Cilnidipine|1|10.0|COCCOC(=O)C1=C(C)NC(C)=C(C(=O)OC/C=C/c2ccccc2)C1c1cccc([N+](=O)[O-])c1|90|32.0|0.0|0.0|58.3|0.0|65.4|59.9|60.5|19.2|53.2|0.0|63.7|47.0
Cilnidipine|1|30.0|COCCOC(=O)C1=C(C)NC(C)=C(C(=O)OC/C=C/c2ccccc2)C1c1cccc([N+](=O)[O-])c1|74|69.3|0.0|0.0|59.3|0.0|71.3|67.8|60.8|26.1|56.9|0.0|67.4|66.7
Cilnidipine|2|10.0|COCCOC(=O)C1=C(C)NC(C)=C(C(=O)OC/C=C/c2ccccc2)C1c1cccc([N+](=O)[O-])c1|94|27.8|0.0|0.0|59.4|0.0|67.0|42.6|65.1|28.3|38.2|0.0|63.2|33.8
Cilnidipine|2|30.0|COCCOC(=O)C1=C(C)NC(C)=C(C(=O)OC/C=C/c2ccccc2)C1c1cccc([N+](=O)[O-])c1|87|49.4|0.0|0.0|53.8|0.0|63.9|60.2|51.3|26.8|46.8|0.0|55.0|48.4
Clarithromycin|1|30.0|CC[C@H]1OC(=O)[C@H](C)[C@@H](O[C@H]2C[C@@](C)(OC)[C@@H](O)[C@H](C)O2)[C@H](C)[C@@H](O[C@@H]2O[C@H](C)C[C@H](N(C)C)[C@H]2O)[C@](C)(OC)C[C@@H](C)C(=O)[C@H](C)[C@@H](O)[C@]1(C)O|103|12.4|0.0|0.0|42.5|0.0|40.5|43.9|47.6|21.4|46.8|0.0|58.4|28.8
Terfenadine|1|30.0|CC(C)(C)c1ccc(C(O)CCCN2CCC(C(O)(c3ccccc3)c3ccccc3)CC2)cc1|84|80.3|0.0|0.0|79.3|0.0|79.4|24.5|92.1|40.5|55.9|0.0|77.3|58.1
Desloratadine|1|10.0|Clc1ccc2c(c1)CCc1cccnc1C2=C1CCNCC1|91|26.4|0.0|0.0|75.7|0.0|76.9|24.6|81.5|39.9|55.5|0.0|68.6|61.3
Desloratadine|1|30.0|Clc1ccc2c(c1)CCc1cccnc1C2=C1CCNCC1|93|57.3|0.0|0.0|68.4|0.0|70.7|37.8|89.6|26.7|48.1|0.0|69.8|53.0
Doxycycline hydrochloride|1|30.0|C[C@H]1c2cccc(O)c2C(=O)C2=C(O)[C@]3(O)C(=O)C(C(N)=O)=C(O)[C@@H](N(C)C)[C@@H]3[C@@H](O)[C@@H]21|111|16.4|39.3|0.0|0.0|38.5|0.0|0.0|0.0|0.0|0.0|60.2|0.0|0.0
Enoxacin|1|30.0|CCn1cc(C(=O)O)c(=O)c2cc(F)c(N3CCNCC3)nc21|106|7.9|57.7|0.0|0.0|55.7|0.0|0.0|0.0|0.0|0.0|64.5|0.0|0.0
Ethynyl Estradiol|1|10.0|C#C[C@]1(O)CC[C@H]2[C@@H]3CCc4cc(O)ccc4[C@H]3CC[C@@]21C|86|21.1|2.1|0.0|57.0|0.0|49.7|28.9|57.7|31.5|45.1|0.0|86.2|57.4
Ethynyl Estradiol|1|30.0|C#C[C@]1(O)CC[C@H]2[C@@H]3CCc4cc(O)ccc4[C@H]3CC[C@@]21C|69|67.0|0.0|3.5|83.8|0.0|84.8|24.0|70.2|63.7|61.5|0.0|90.6|49.2
(±)-Verapamil hydrochloride|1|10.0|COc1ccc(CCN(C)CCCC(C#N)(c2ccc(OC)c(OC)c2)C(C)C)cc1OC|97|6.0|0.0|0.0|62.5|0.0|65.7|15.9|83.9|31.8|25.6|0.0|50.4|27.9
(±)-Verapamil hydrochloride|1|30.0|COc1ccc(CCN(C)CCCC(C#N)(c2ccc(OC)c(OC)c2)C(C)C)cc1OC|94|49.6|0.0|0.0|65.5|0.0|65.9|24.6|94.7|18.9|30.4|0.0|62.2|36.4
(±)-Verapamil hydrochloride|2|10.0|COc1ccc(CCN(C)CCCC(C#N)(c2ccc(OC)c(OC)c2)C(C)C)cc1OC|103|11.1|0.0|0.0|54.2|0.0|54.4|17.1|85.3|19.0|14.5|0.0|53.0|14.5
(±)-Verapamil hydrochloride|2|30.0|COc1ccc(CCN(C)CCCC(C#N)(c2ccc(OC)c(OC)c2)C(C)C)cc1OC|103|57.7|0.0|0.0|56.0|0.0|59.9|31.7|80.1|13.2|36.1|0.0|57.2|29.0
Exemestane|1|30.0|C=C1C[C@@H]2[C@H](CC[C@]3(C)C(=O)CC[C@@H]23)[C@@]2(C)C=CC(=O)C=C12|93|6.2|0.3|12.7|11.0|34.2|0.0|10.6|34.5|0.0|4.3|0.0|33.1|0.0
Floxuridine|1|10.0|O=c1[nH]c(=O)n([C@H]2C[C@H](O)[C@@H](CO)O2)cc1F|82|43.0|66.2|6.5|0.0|95.5|0.0|0.4|0.0|0.0|0.0|83.2|0.0|0.0
Floxuridine|1|30.0|O=c1[nH]c(=O)n([C@H]2C[C@H](O)[C@@H](CO)O2)cc1F|75|42.8|60.5|21.9|0.0|91.5|0.0|6.2|0.0|0.0|0.0|83.7|0.0|0.0
Formestane|1|10.0|C[C@]12CC[C@H]3[C@@H](CCC4=C(O)C(=O)CC[C@@]43C)[C@@H]1CCC2=O|110|21.8|0.0|0.0|72.7|0.0|82.4|13.3|78.0|43.8|53.5|0.0|61.4|47.3
Formestane|1|30.0|C[C@]12CC[C@H]3[C@@H](CCC4=C(O)C(=O)CC[C@@]43C)[C@@H]1CCC2=O|101|16.6|0.0|0.0|45.2|0.0|46.2|0.0|76.3|15.7|0.0|0.0|34.2|17.0
Fulvestrant|1|10.0|C[C@]12CC[C@@H]3c4ccc(O)cc4C[C@@H](CCCCCCCCCS(=O)CCCC(F)(F)C(F)(F)F)[C@H]3[C@@H]1CC[C@@H]2O|104|23.1|0.0|0.0|51.1|0.0|59.4|51.3|71.7|12.2|25.3|0.0|48.1|37.3
Fulvestrant|1|30.0|C[C@]12CC[C@@H]3c4ccc(O)cc4C[C@@H](CCCCCCCCCS(=O)CCCC(F)(F)C(F)(F)F)[C@H]3[C@@H]1CC[C@@H]2O|96|22.8|0.0|0.0|53.1|0.0|61.9|47.2|78.3|9.6|32.2|0.0|57.7|35.6
Fulvestrant|7|6.0|C[C@]12CC[C@@H]3c4ccc(O)cc4C[C@@H](CCCCCCCCCS(=O)CCCC(F)(F)C(F)(F)F)[C@H]3[C@@H]1CC[C@@H]2O|97|27.1|0.0|0.0|40.6|0.0|46.5|36.4|64.1|8.1|22.5|0.0|39.0|12.6
Fulvestrant|7|10.0|C[C@]12CC[C@@H]3c4ccc(O)cc4C[C@@H](CCCCCCCCCS(=O)CCCC(F)(F)C(F)(F)F)[C@H]3[C@@H]1CC[C@@H]2O|109|40.2|0.0|0.0|59.8|0.0|63.0|42.1|74.8|20.6|43.2|0.0|57.4|35.7
Chlorhexidine|1|10.0|N=C(NCCCCCCNC(=N)NC(=N)Nc1ccc(Cl)cc1)NC(=N)Nc1ccc(Cl)cc1|70|56.6|0.0|0.0|75.4|0.0|66.7|11.6|54.3|44.3|68.2|0.0|74.6|71.7
Loratadine|1|10.0|CCOC(=O)N1CCC(=C2c3ccc(Cl)cc3CCc3cccnc32)CC1|90|16.2|24.8|0.0|47.1|0.0|52.2|51.3|65.9|15.3|26.1|0.0|58.8|57.3
Loratadine|1|30.0|CCOC(=O)N1CCC(=C2c3ccc(Cl)cc3CCc3cccnc32)CC1|95|8.3|27.9|0.0|30.9|0.0|45.1|62.4|40.7|14.8|50.1|0.0|39.7|46.7
Loratadine|2|10.0|CCOC(=O)N1CCC(=C2c3ccc(Cl)cc3CCc3cccnc32)CC1|98|10.9|47.8|0.0|29.0|0.0|36.4|57.2|46.2|3.4|25.8|0.0|37.5|57.0
Loratadine|2|30.0|CCOC(=O)N1CCC(=C2c3ccc(Cl)cc3CCc3cccnc32)CC1|78|48.9|0.0|0.0|64.8|0.0|67.3|56.4|63.1|38.3|48.5|0.0|77.7|61.4
Loratadine|14|6.0|CCOC(=O)N1CCC(=C2c3ccc(Cl)cc3CCc3cccnc32)CC1|99|8.5|6.3|0.0|35.8|0.0|38.6|47.7|45.5|10.2|26.7|0.0|44.5|35.9
Loratadine|14|10.0|CCOC(=O)N1CCC(=C2c3ccc(Cl)cc3CCc3cccnc32)CC1|107|8.3|20.8|0.0|48.2|0.0|46.4|48.8|61.8|19.8|25.2|0.0|57.1|44.9
Melengestrol acetate|1|30.0|C=C1C[C@H]2[C@@H]3C=C(C)C4=CC(=O)CC[C@]4(C)[C@H]3CC[C@]2(C)[C@@]1(OC(C)=O)C(C)=O|104|21.1|28.0|0.0|39.3|8.5|41.1|29.6|81.4|0.0|6.9|0.0|38.7|34.8
Loperamide (hydrochloride)|1|1.0|CN(C)C(=O)C(CCN1CCC(O)(c2ccc(Cl)cc2)CC1)(c1ccccc1)c1ccccc1|91|12.4|0.0|5.2|49.4|0.0|57.0|37.6|48.1|21.6|45.0|0.0|52.9|18.7
Loperamide (hydrochloride)|1|3.0|CN(C)C(=O)C(CCN1CCC(O)(c2ccc(Cl)cc2)CC1)(c1ccccc1)c1ccccc1|103|30.1|0.0|0.0|51.2|0.0|56.9|36.1|73.2|6.0|42.7|0.0|61.8|25.5
Loperamide (hydrochloride)|1|10.0|CN(C)C(=O)C(CCN1CCC(O)(c2ccc(Cl)cc2)CC1)(c1ccccc1)c1ccccc1|98|63.7|0.0|0.0|80.2|0.0|79.5|15.7|95.3|40.3|50.7|0.0|71.8|54.2
Loperamide (hydrochloride)|2|10.0|CN(C)C(=O)C(CCN1CCC(O)(c2ccc(Cl)cc2)CC1)(c1ccccc1)c1ccccc1|107|42.8|0.0|0.0|70.3|0.0|67.1|10.5|95.8|26.7|37.6|0.0|62.1|42.8
Mevastatin|1|10.0|CC[C@H](C)C(=O)O[C@H]1CCC=C2C=C[C@H](C)[C@H](CC[C@@H]3C[C@@H](O)CC(=O)O3)[C@H]21|96|12.3|0.0|0.0|61.2|0.0|65.7|0.0|59.1|53.7|20.9|0.0|47.4|44.7
Mevastatin|1|30.0|CC[C@H](C)C(=O)O[C@H]1CCC=C2C=C[C@H](C)[C@H](CC[C@@H]3C[C@@H](O)CC(=O)O3)[C@H]21|92|55.8|0.0|0.0|90.7|0.0|87.4|22.0|83.2|59.9|68.5|0.0|87.0|75.0
Mitotane|1|30.0|Clc1ccc(C(c2ccccc2Cl)C(Cl)Cl)cc1|95|21.4|72.3|0.0|0.0|67.9|0.0|26.4|0.0|0.0|0.0|67.5|0.0|0.0
Norgestimate|1|10.0|C#C[C@]1(OC(C)=O)CC[C@H]2[C@@H]3CCC4=CC(=NO)CC[C@@H]4[C@H]3CC[C@@]21CC|97|7.1|55.7|0.0|0.0|49.7|0.0|29.3|9.2|0.0|0.0|44.3|10.6|24.5
Norgestimate|1|30.0|C#C[C@]1(OC(C)=O)CC[C@H]2[C@@H]3CCC4=CC(=NO)CC[C@@H]4[C@H]3CC[C@@]21CC|93|15.4|23.9|0.0|51.1|0.0|48.8|37.0|44.5|43.6|43.6|0.0|67.2|62.6
Nylidrin|1|10.0|CC(CCc1ccccc1)NC(C)C(O)c1ccc(O)cc1|103|10.7|0.0|0.0|72.1|0.0|61.0|17.8|67.9|14.9|48.9|0.0|65.0|66.6
Nylidrin|1|30.0|CC(CCc1ccccc1)NC(C)C(O)c1ccc(O)cc1|102|41.3|0.0|0.0|85.4|0.0|81.5|15.0|89.1|38.0|54.4|0.0|80.1|49.1
Olanzapine|1|30.0|Cc1cc2c(s1)Nc1ccccc1N=C2N1CCN(C)CC1|94|39.0|0.0|0.0|70.9|0.0|70.7|10.1|94.5|31.2|26.7|0.0|60.2|31.0
Opipramol, dihydrochloride|1|10.0|OCCN1CCN(CCCN2c3ccccc3C=Cc3ccccc32)CC1|100|20.9|0.0|0.0|75.9|0.0|76.0|2.7|80.8|46.0|38.3|0.0|64.4|40.8
Opipramol, dihydrochloride|1|30.0|OCCN1CCN(CCCN2c3ccccc3C=Cc3ccccc32)CC1|95|49.2|0.0|0.0|65.5|0.0|65.3|23.4|89.6|24.0|37.0|0.0|68.3|41.5
Opipramol, dihydrochloride|2|10.0|OCCN1CCN(CCCN2c3ccccc3C=Cc3ccccc32)CC1|87|9.5|0.0|0.0|67.6|0.0|67.9|20.3|82.7|28.7|34.4|0.0|66.6|35.2
Opipramol, dihydrochloride|2|30.0|OCCN1CCN(CCCN2c3ccccc3C=Cc3ccccc32)CC1|92|60.1|0.0|0.0|77.1|0.0|76.3|19.7|94.7|37.5|47.1|0.0|71.0|43.1
Oxfendazole|1|10.0|COC(=O)Nc1nc2cc(S(=O)c3ccccc3)ccc2[nH]1|95|5.5|29.7|0.0|21.1|29.0|7.2|29.1|33.1|7.3|8.9|2.8|65.6|44.5
Oxfendazole|1|30.0|COC(=O)Nc1nc2cc(S(=O)c3ccccc3)ccc2[nH]1|66|57.2|0.0|3.1|69.8|0.0|70.7|47.5|64.4|53.0|55.4|0.0|95.7|50.4
Tamoxifen (Citrate)|1|10.0|CC/C(=C(\c1ccccc1)c1ccc(OCCN(C)C)cc1)c1ccccc1|100|67.5|0.0|0.0|83.2|0.0|80.3|10.7|91.3|43.8|65.4|0.0|75.0|59.5
Tamoxifen (Citrate)|2|2.0|CC/C(=C(\c1ccccc1)c1ccc(OCCN(C)C)cc1)c1ccccc1|100|5.9|0.0|0.0|70.0|0.0|77.8|0.0|68.0|63.0|43.0|0.0|59.9|41.8
Tamoxifen (Citrate)|2|10.0|CC/C(=C(\c1ccccc1)c1ccc(OCCN(C)C)cc1)c1ccccc1|92|69.3|0.0|0.0|84.2|0.0|79.9|7.4|92.7|45.2|61.6|0.0|74.3|63.3
Mercaptopurine|1|10.0|S=c1[nH]cnc2nc[nH]c12|96|22.3|41.7|0.0|25.2|9.8|19.9|17.3|41.4|0.0|5.1|0.0|31.1|54.0
Nicergoline|1|30.0|CO[C@]12C[C@@H](COC(=O)c3cncc(Br)c3)CN(C)[C@@H]1Cc1cn(C)c3cccc2c13|94|30.1|0.0|0.0|29.2|16.6|29.2|31.9|63.8|0.0|18.4|0.0|43.0|11.9
Hexachlorophene|1|10.0|Oc1c(Cl)cc(Cl)c(Cl)c1Cc1c(O)c(Cl)cc(Cl)c1Cl|91|57.7|2.3|0.0|47.6|0.0|53.7|47.5|36.8|28.6|54.4|0.0|48.2|61.1
Hexachlorophene|1|30.0|Oc1c(Cl)cc(Cl)c(Cl)c1Cc1c(O)c(Cl)cc(Cl)c1Cl|88|54.9|17.4|0.0|69.2|0.0|65.8|41.0|52.2|37.8|64.4|0.0|64.6|88.2
Rifaximin|1|30.0|CO[C@H]1/C=C/O[C@@]2(C)Oc3c(C)c(O)c4c(O)c(c5c(nc6cc(C)ccn65)c4c3C2=O)NC(=O)/C(C)=C\C=C\[C@H](C)[C@H](O)[C@@H](C)[C@@H](O)[C@@H](C)[C@H](OC(C)=O)[C@@H]1C|99|7.3|0.0|0.0|45.5|0.0|45.6|43.9|53.5|6.8|51.9|0.0|55.5|39.1
Triclosan|1|30.0|Oc1cc(Cl)ccc1Oc1ccc(Cl)cc1Cl|76|32.8|36.5|0.0|50.4|0.0|49.4|45.6|35.1|33.1|58.0|0.0|57.8|88.5
(±)-Epinephrine hydrochloride, (±)-Adrenalin hydrochloride|1|10.0|CNCC(O)c1ccc(O)c(O)c1|109|6.4|6.8|0.0|60.6|0.0|54.7|29.2|61.7|13.6|63.2|0.0|61.1|63.3
(±)-Epinephrine hydrochloride, (±)-Adrenalin hydrochloride|1|30.0|CNCC(O)c1ccc(O)c(O)c1|100|8.5|0.0|0.0|77.2|0.0|68.7|0.0|74.6|35.8|57.4|0.0|70.0|52.6
Erythromycin|1|30.0|CC[C@H]1OC(=O)[C@H](C)[C@@H](O[C@H]2C[C@@](C)(OC)[C@@H](O)[C@H](C)O2)[C@H](C)[C@@H](O[C@@H]2O[C@H](C)C[C@H](N(C)C)[C@H]2O)[C@](C)(O)C[C@@H](C)C(=O)[C@H](C)[C@@H](O)[C@]1(C)O|88|43.2|0.0|0.0|65.9|0.0|66.8|16.2|94.1|27.0|32.9|0.0|65.0|33.1
Ivermectin B1a|1|1.0|CC[C@H](C)[C@H]1O[C@]2(CC[C@@H]1C)C[C@@H]1C[C@@H](C/C=C(\C)[C@@H](O[C@H]3C[C@H](OC)[C@@H](O[C@H]4C[C@H](OC)[C@@H](O)[C@H](C)O4)[C@H](C)O3)[C@@H](C)/C=C/C=C3\CO[C@@H]4[C@H](O)C(C)=C[C@@H](C(=O)O1)[C@]34O)O2|101|13.5|0.0|9.1|32.3|0.0|34.5|27.7|47.9|5.8|36.4|0.0|38.9|0.0
Ivermectin B1a|1|3.0|CC[C@H](C)[C@H]1O[C@]2(CC[C@@H]1C)C[C@@H]1C[C@@H](C/C=C(\C)[C@@H](O[C@H]3C[C@H](OC)[C@@H](O[C@H]4C[C@H](OC)[C@@H](O)[C@H](C)O4)[C@H](C)O3)[C@@H](C)/C=C/C=C3\CO[C@@H]4[C@H](O)C(C)=C[C@@H](C(=O)O1)[C@]34O)O2|99|9.3|0.0|0.0|55.9|0.0|54.0|9.3|58.0|24.8|55.7|0.0|70.7|29.0
Ivermectin B1a|1|10.0|CC[C@H](C)[C@H]1O[C@]2(CC[C@@H]1C)C[C@@H]1C[C@@H](C/C=C(\C)[C@@H](O[C@H]3C[C@H](OC)[C@@H](O[C@H]4C[C@H](OC)[C@@H](O)[C@H](C)O4)[C@H](C)O3)[C@@H](C)/C=C/C=C3\CO[C@@H]4[C@H](O)C(C)=C[C@@H](C(=O)O1)[C@]34O)O2|83|24.4|4.3|0.0|63.2|0.0|60.3|29.2|70.4|32.0|55.8|0.0|69.1|62.9
Alverine (citrate)|1|10.0|CCN(CCCc1ccccc1)CCCc1ccccc1|96|11.1|0.0|0.0|69.7|0.0|65.2|7.7|85.7|29.0|35.5|0.0|62.5|49.1
Alverine (citrate)|1|30.0|CCN(CCCc1ccccc1)CCCc1ccccc1|96|40.9|0.0|0.0|79.2|0.0|78.6|16.2|95.8|38.4|45.3|0.0|71.3|47.3
Salbutamol, Albuterol|1|10.0|CC(C)(C)NCC(O)c1ccc(O)c(CO)c1|94|6.4|14.7|0.0|52.8|0.0|45.7|19.3|62.1|13.8|33.4|0.0|53.3|49.8
Salbutamol, Albuterol|1|30.0|CC(C)(C)NCC(O)c1ccc(O)c(CO)c1|97|15.5|0.0|0.0|69.2|0.0|55.9|7.5|80.0|8.2|50.4|0.0|63.6|51.6
Salbutamol, Albuterol|2|10.0|CC(C)(C)NCC(O)c1ccc(O)c(CO)c1|100|5.2|22.1|0.0|54.4|0.0|48.1|11.7|60.6|23.4|34.9|0.0|47.7|54.0
Camptothecin|1|1.0|CC[C@@]1(O)C(=O)OCc2c1cc1n(c2=O)Cc2cc3ccccc3nc2-1|67|43.9|64.5|13.2|0.0|94.9|0.0|25.2|0.0|0.0|0.0|83.8|0.0|0.0
Camptothecin|1|1.0|CC[C@@]1(O)C(=O)OCc2c1cc1n(c2=O)Cc2cc3ccccc3nc2-1|64|41.3|62.9|13.8|0.0|94.2|0.0|24.5|0.0|0.0|0.0|81.2|0.0|0.0
Camptothecin|1|3.0|CC[C@@]1(O)C(=O)OCc2c1cc1n(c2=O)Cc2cc3ccccc3nc2-1|63|43.7|64.7|0.0|0.0|87.7|0.0|32.7|0.0|0.0|0.0|75.7|0.0|0.0
Camptothecin|1|3.0|CC[C@@]1(O)C(=O)OCc2c1cc1n(c2=O)Cc2cc3ccccc3nc2-1|66|41.3|65.0|1.3|0.0|89.5|0.0|25.0|0.0|0.0|0.0|79.8|0.0|0.0
Camptothecin|1|10.0|CC[C@@]1(O)C(=O)OCc2c1cc1n(c2=O)Cc2cc3ccccc3nc2-1|63|33.3|49.3|20.0|0.0|93.1|0.0|8.8|0.0|0.0|0.0|81.1|0.0|0.0
Camptothecin|1|30.0|CC[C@@]1(O)C(=O)OCc2c1cc1n(c2=O)Cc2cc3ccccc3nc2-1|73|38.7|66.4|4.7|0.0|92.4|0.0|10.0|0.0|0.0|0.0|84.6|0.0|0.0
Fenbendazole|1|30.0|COC(=O)Nc1nc2cc(Sc3ccccc3)ccc2[nH]1|52|69.6|0.0|12.2|74.5|0.0|81.3|35.8|64.4|53.4|69.4|0.0|82.0|49.0
Fenspiride hydrochloride|2|30.0|O=C1NCC2(CCN(CCc3ccccc3)CC2)O1|89|20.9|0.0|3.5|27.2|1.6|22.6|22.2|18.7|13.5|57.2|0.0|40.3|35.5
Mebendazole|1|1.0|COC(=O)Nc1nc2cc(C(=O)c3ccccc3)ccc2[nH]1|55|53.5|0.0|35.4|56.6|0.0|64.5|37.7|45.9|52.9|47.9|0.0|82.6|26.0
Mebendazole|12|0.2|COC(=O)Nc1nc2cc(C(=O)c3ccccc3)ccc2[nH]1|89|13.3|0.0|19.6|54.2|0.0|52.7|34.6|56.6|27.0|36.6|0.0|82.9|34.7
Mebendazole|12|0.2|COC(=O)Nc1nc2cc(C(=O)c3ccccc3)ccc2[nH]1|87|9.5|0.0|33.3|44.3|0.0|44.1|17.3|38.5|26.4|31.9|0.0|73.2|27.8
Mebendazole|12|0.6|COC(=O)Nc1nc2cc(C(=O)c3ccccc3)ccc2[nH]1|69|62.3|0.0|9.1|73.4|0.0|73.5|36.2|71.7|53.3|59.8|0.0|91.0|50.6
Mebendazole|12|0.6|COC(=O)Nc1nc2cc(C(=O)c3ccccc3)ccc2[nH]1|71|50.6|0.0|9.7|71.9|0.0|71.8|27.1|70.2|55.0|55.9|0.0|90.2|49.0
Oxymetazoline hydrochloride|2|30.0|Cc1cc(C(C)(C)C)c(O)c(C)c1CC1=NCCN1|98|36.1|0.0|0.0|76.7|0.0|73.8|23.3|83.9|24.1|58.0|0.0|69.9|54.2
Griseofulvin|1|30.0|COC1=CC(=O)C[C@@H](C)[C@]12Oc1c(Cl)c(OC)cc(OC)c1C2=O|76|29.2|0.0|0.0|72.4|0.0|67.4|29.6|60.3|55.9|50.7|0.0|89.5|46.9
Griseofulvin|7|30.0|COC1=CC(=O)C[C@@H](C)[C@]12Oc1c(Cl)c(OC)cc(OC)c1C2=O|72|21.8|0.0|0.0|54.0|0.0|55.4|46.7|49.1|53.2|32.2|0.0|86.2|47.4
Griseofulvin|7|30.0|COC1=CC(=O)C[C@@H](C)[C@]12Oc1c(Cl)c(OC)cc(OC)c1C2=O|75|36.6|0.0|0.0|75.0|0.0|72.1|35.5|63.9|58.7|52.0|0.0|93.7|48.8
Griseofulvin|7|50.0|COC1=CC(=O)C[C@@H](C)[C@]12Oc1c(Cl)c(OC)cc(OC)c1C2=O|68|34.2|0.0|7.8|64.0|0.0|68.4|42.2|50.4|64.7|50.6|0.0|88.4|52.0
Griseofulvin|7|50.0|COC1=CC(=O)C[C@@H](C)[C@]12Oc1c(Cl)c(OC)cc(OC)c1C2=O|58|43.5|0.0|0.0|69.9|0.0|69.8|41.4|61.4|60.1|61.4|0.0|89.8|51.6
Clemizole hydrochloride|1|30.0|Clc1ccc(Cn2c(CN3CCCC3)nc3ccccc32)cc1|100|33.0|0.0|0.0|47.0|0.0|51.3|40.9|75.7|0.0|26.1|0.0|53.7|30.6
Clemizole hydrochloride|2|30.0|Clc1ccc(Cn2c(CN3CCCC3)nc3ccccc32)cc1|92|53.9|0.0|0.0|55.0|0.0|59.5|42.7|75.5|8.9|47.0|0.0|58.6|38.3
Phentolamine hydrochloride|1|30.0|Cc1ccc(N(CC2=NCCN2)c2cccc(O)c2)cc1|93|15.7|0.0|0.0|75.5|0.0|70.4|11.0|79.6|28.9|58.8|0.0|77.3|43.5
Ofloxacin|1|30.0|CC1COc2c(N3CCN(C)CC3)c(F)cc3c(=O)c(C(=O)O)cn1c23|109|5.7|18.2|0.0|0.0|6.4|0.0|0.0|0.0|0.0|0.0|37.7|0.0|0.0
Orphenadrine hydrochloride|1|30.0|Cc1ccccc1C(OCCN(C)C)c1ccccc1|102|25.7|0.0|0.0|73.3|0.0|68.6|7.8|94.3|19.2|32.8|0.0|65.9|41.4
Orphenadrine hydrochloride|2|30.0|Cc1ccccc1C(OCCN(C)C)c1ccccc1|100|39.0|0.0|0.0|70.8|0.0|71.1|25.8|84.2|20.5|53.0|0.0|67.4|41.1
Albendazole|1|1.0|CCCSc1ccc2[nH]c(NC(=O)OC)nc2c1|58|65.8|0.0|0.0|78.5|0.0|75.7|24.3|62.9|62.4|67.7|0.0|95.1|58.8
Bupropion hydrochloride|1|30.0|CC(NC(C)(C)C)C(=O)c1cccc(Cl)c1|104|8.1|0.0|0.0|39.6|0.0|34.0|0.0|37.8|6.8|18.7|0.0|18.6|8.3
Alprenolol (hydrochloride)|1|30.0|C=CCc1ccccc1OCC(O)CNC(C)C|105|19.7|0.0|0.0|68.7|0.0|65.2|20.2|81.4|19.2|38.1|0.0|63.7|33.2
Alprenolol (hydrochloride)|2|30.0|C=CCc1ccccc1OCC(O)CNC(C)C|105|81.3|0.0|0.0|37.4|10.8|31.2|29.2|37.0|5.5|62.5|0.0|52.4|48.3
Nortriptyline (hydrochloride)|1|3.0|CNCCC=C1c2ccccc2CCc2ccccc21|99|15.0|0.0|4.3|66.7|0.0|71.1|15.8|80.3|20.9|46.0|0.0|64.6|19.1
Nortriptyline (hydrochloride)|1|10.0|CNCCC=C1c2ccccc2CCc2ccccc21|105|52.3|0.0|0.0|80.8|0.0|77.6|0.0|92.1|40.0|53.9|0.0|68.5|50.6
Nortriptyline (hydrochloride)|2|10.0|CNCCC=C1c2ccccc2CCc2ccccc21|98|44.2|0.0|0.0|79.5|0.0|76.5|0.0|92.0|39.7|47.3|0.0|67.0|44.9
Nortriptyline (hydrochloride)|2|30.0|CNCCC=C1c2ccccc2CCc2ccccc21|93|80.7|0.0|0.0|89.6|0.0|85.5|5.6|93.0|52.9|61.7|0.0|80.9|62.8
Niflumic acid|1|30.0|O=C(O)c1cccnc1Nc1cccc(C(F)(F)F)c1|92|10.9|7.9|0.0|0.0|8.9|0.0|0.0|0.0|0.0|0.0|32.2|0.0|0.0
Isotretinoin|2|10.0|CC1=C(/C=C/C(C)=C/C=C/C(C)=C\C(=O)O)C(C)(C)CCC1|98|6.7|1.1|0.0|36.1|0.0|32.2|0.0|32.9|19.9|25.3|0.0|34.5|29.3
Isotretinoin|2|30.0|CC1=C(/C=C/C(C)=C/C=C/C(C)=C\C(=O)O)C(C)(C)CCC1|103|7.9|39.8|0.0|11.4|30.5|8.5|11.0|32.2|0.0|12.6|8.2|12.5|18.8
Isotretinoin|10|2.0|CC1=C(/C=C/C(C)=C/C=C/C(C)=C\C(=O)O)C(C)(C)CCC1|96|7.1|25.6|0.0|14.7|15.8|14.0|2.1|23.7|0.0|7.6|0.0|26.9|25.5
Isotretinoin|10|6.0|CC1=C(/C=C/C(C)=C/C=C/C(C)=C\C(=O)O)C(C)(C)CCC1|95|6.2|7.8|0.0|27.9|0.0|25.2|2.2|22.1|21.1|32.9|0.0|23.1|26.0
Isotretinoin|10|10.0|CC1=C(/C=C/C(C)=C/C=C/C(C)=C\C(=O)O)C(C)(C)CCC1|98|5.9|1.5|0.0|49.3|0.0|41.2|0.0|48.0|28.4|34.2|0.0|48.2|38.5
Triprolidine hydrochloride|2|30.0|Cc1ccc(/C(=C\CN2CCCC2)c2ccccn2)cc1|99|19.2|0.0|0.0|43.3|0.0|46.4|31.5|62.6|5.5|26.1|0.0|50.2|12.4
Doxepin (Hydrochloride)|1|10.0|CN(C)CC/C=C1\c2ccccc2COc2ccccc21|108|5.2|0.0|0.0|73.2|0.0|70.4|5.2|86.0|26.2|54.1|0.0|66.8|43.2
Doxepin (Hydrochloride)|1|30.0|CN(C)CC/C=C1\c2ccccc2COc2ccccc21|104|36.3|0.0|0.0|73.6|0.0|73.4|15.1|93.6|31.8|46.0|0.0|69.0|46.1
Doxepin (Hydrochloride)|2|10.0|CN(C)CC/C=C1\c2ccccc2COc2ccccc21|101|5.2|0.0|0.0|54.0|0.0|51.7|1.0|73.1|13.4|28.6|0.0|62.3|20.7
Doxepin (Hydrochloride)|2|30.0|CN(C)CC/C=C1\c2ccccc2COc2ccccc21|101|22.6|0.0|0.0|71.0|0.0|68.6|0.0|90.7|40.3|44.6|0.0|59.7|33.5
Dyclonine (hydrochloride)|1|30.0|CCCCOc1ccc(C(=O)CCN2CCCCC2)cc1|106|6.9|0.0|0.0|45.8|0.0|45.1|13.3|59.4|19.5|22.5|0.0|54.3|18.8
Clotrimazole|1|30.0|Clc1ccccc1C(c1ccccc1)(c1ccccc1)n1ccnc1|87|17.3|82.3|0.0|0.0|59.1|0.0|42.9|0.0|0.0|0.0|64.9|0.0|7.5
Clotrimazole|2|30.0|Clc1ccccc1C(c1ccccc1)(c1ccccc1)n1ccnc1|85|40.2|49.4|0.0|12.1|0.0|12.3|59.7|23.5|10.4|33.7|2.3|25.5|41.5
Clomipramine hydrochloride, Anafranil hydrochloride, Chloripramine|1|1.0|CN(C)CCCN1c2ccccc2CCc2ccc(Cl)cc21|105|5.2|0.0|0.1|39.9|0.0|40.9|37.5|36.8|8.9|41.3|0.0|40.0|18.5
Clomipramine hydrochloride, Anafranil hydrochloride, Chloripramine|1|10.0|CN(C)CCCN1c2ccccc2CCc2ccc(Cl)cc21|93|59.4|0.0|0.0|81.5|0.0|77.0|20.4|89.8|35.6|64.0|0.0|72.2|58.7
Clomipramine hydrochloride, Anafranil hydrochloride, Chloripramine|1|30.0|CN(C)CCCN1c2ccccc2CCc2ccc(Cl)cc21|91|84.1|0.0|0.0|75.4|0.0|72.0|18.5|88.5|28.5|52.0|0.0|71.5|55.0
Clomipramine hydrochloride, Anafranil hydrochloride, Chloripramine|2|10.0|CN(C)CCCN1c2ccccc2CCc2ccc(Cl)cc21|94|53.7|0.0|0.0|82.2|0.0|78.2|13.7|91.5|40.1|52.0|0.0|68.9|56.1
Doxylamine (succinate)|2|30.0|CN(C)CCOC(C)(c1ccccc1)c1ccccn1|107|5.0|0.0|10.0|10.2|0.0|5.1|45.5|8.0|0.0|27.9|0.0|23.4|0.0
Prednisolone|1|10.0|C[C@]12C[C@H](O)[C@H]3[C@@H](CCC4=CC(=O)C=C[C@@]43C)[C@@H]1CC[C@]2(O)C(=O)CO|105|7.8|73.3|0.0|0.0|75.4|0.0|6.4|0.0|0.0|0.0|84.2|0.0|0.0
Fenofibrate|1|30.0|CC(C)OC(=O)C(C)(C)Oc1ccc(C(=O)c2ccc(Cl)cc2)cc1|92|16.8|1.7|0.0|37.7|0.0|37.2|47.2|54.6|0.0|36.8|0.0|51.2|36.7
Fenofibrate|2|30.0|CC(C)OC(=O)C(C)(C)Oc1ccc(C(=O)c2ccc(Cl)cc2)cc1|93|33.9|0.0|0.0|55.2|0.0|52.2|36.3|67.8|3.8|48.9|0.0|66.9|38.1
Labetalol (hydrochloride)|1|30.0|CC(CCc1ccccc1)NCC(O)c1ccc(O)c(C(N)=O)c1|105|31.6|0.0|0.0|59.9|0.0|56.8|15.7|80.8|13.1|30.0|0.0|63.4|33.0
Labetalol (hydrochloride)|2|30.0|CC(CCc1ccccc1)NCC(O)c1ccc(O)c(C(N)=O)c1|94|21.9|0.0|0.0|52.2|0.0|56.4|34.0|63.5|18.1|41.9|0.0|60.8|27.3
Labetalol (hydrochloride)|4|2.0|CC(CCc1ccccc1)NCC(O)c1ccc(O)c(C(N)=O)c1|100|5.2|0.0|0.0|28.5|2.2|16.3|23.9|43.6|0.0|14.9|0.0|42.1|12.0
Labetalol (hydrochloride)|4|6.0|CC(CCc1ccccc1)NCC(O)c1ccc(O)c(C(N)=O)c1|89|10.9|0.0|0.0|68.5|0.0|65.4|34.3|70.2|27.7|57.7|0.0|71.4|42.0
Cinnarizine|1|10.0|C(=C/c1ccccc1)\CN1CCN(C(c2ccccc2)c2ccccc2)CC1|97|24.4|0.0|0.0|57.6|0.0|56.2|23.8|76.6|11.9|33.1|0.0|61.2|31.7
Cinnarizine|1|30.0|C(=C/c1ccccc1)\CN1CCN(C(c2ccccc2)c2ccccc2)CC1|97|9.5|0.0|0.0|46.3|0.0|38.6|20.5|63.0|2.9|32.5|0.0|51.1|12.4
Cinnarizine|2|30.0|C(=C/c1ccccc1)\CN1CCN(C(c2ccccc2)c2ccccc2)CC1|92|23.5|0.0|0.7|30.0|0.0|28.0|24.3|47.3|6.2|26.6|0.0|40.7|0.0
Fludrocortisone acetate|1|10.0|CC(=O)OCC(=O)[C@@]1(O)CC[C@H]2[C@@H]3CCC4=CC(=O)CC[C@]4(C)C3(F)[C@@H](O)C[C@@]21C|100|9.7|69.8|0.0|0.0|78.1|0.0|11.9|0.0|0.0|0.0|82.0|0.0|0.0
Fludrocortisone acetate|1|30.0|CC(=O)OCC(=O)[C@@]1(O)CC[C@H]2[C@@H]3CCC4=CC(=O)CC[C@]4(C)C3(F)[C@@H](O)C[C@@]21C|102|11.6|64.2|0.0|0.0|77.9|0.0|10.5|0.0|0.0|0.0|85.2|0.0|0.0
Fenoterol (hydrobromide)|1|10.0|CC(Cc1ccc(O)cc1)NCC(O)c1cc(O)cc(O)c1|107|6.0|22.8|0.0|44.3|5.5|33.4|21.9|59.8|1.0|30.6|0.0|57.2|52.9
Fenoterol (hydrobromide)|1|30.0|CC(Cc1ccc(O)cc1)NCC(O)c1cc(O)cc(O)c1|100|10.9|0.0|0.0|73.5|0.0|65.5|0.0|78.3|43.3|39.0|0.0|66.3|45.1
Fenoterol (hydrobromide)|2|10.0|CC(Cc1ccc(O)cc1)NCC(O)c1cc(O)cc(O)c1|104|7.3|0.0|0.0|81.0|0.0|73.1|6.5|75.5|41.2|66.4|0.0|75.1|62.8
Fenoterol (hydrobromide)|2|30.0|CC(Cc1ccc(O)cc1)NCC(O)c1cc(O)cc(O)c1|113|6.4|1.9|0.0|54.8|0.0|47.8|16.7|67.5|13.5|34.2|0.0|52.8|36.0
Perhexiline maleate|1|3.0|C1CCC(C(CC2CCCCN2)C2CCCCC2)CC1|108|22.5|0.0|0.0|72.4|0.0|73.9|2.7|82.0|37.0|61.0|0.0|64.0|36.2
Spiperone|1|3.0|O=C(CCCN1CCC2(CC1)C(=O)NCN2c1ccccc1)c1ccc(F)cc1|105|15.0|0.0|0.0|72.8|0.0|74.3|6.5|83.3|40.5|48.6|0.0|66.2|28.8
Spiperone|1|30.0|O=C(CCCN1CCC2(CC1)C(=O)NCN2c1ccccc1)c1ccc(F)cc1|98|20.4|0.0|0.0|54.5|0.0|47.0|7.6|75.4|7.5|26.7|0.0|62.1|16.4
Trazodone (hydrochloride)|1|10.0|O=c1n(CCCN2CCN(c3cccc(Cl)c3)CC2)nc2ccccn12|99|21.6|0.0|0.0|64.1|0.0|64.8|13.3|91.1|27.0|29.7|0.0|62.8|37.2
Trazodone (hydrochloride)|1|30.0|O=c1n(CCCN2CCN(c3cccc(Cl)c3)CC2)nc2ccccn12|101|61.0|0.0|0.0|73.5|0.0|72.6|3.1|94.8|36.1|47.6|0.0|67.7|39.9
Trazodone (hydrochloride)|2|10.0|O=c1n(CCCN2CCN(c3cccc(Cl)c3)CC2)nc2ccccn12|101|17.4|0.0|0.0|65.3|0.0|64.9|1.0|90.9|32.5|25.6|0.0|56.4|31.0
Trazodone (hydrochloride)|2|30.0|O=c1n(CCCN2CCN(c3cccc(Cl)c3)CC2)nc2ccccn12|99|50.6|0.0|0.0|70.2|0.0|72.7|17.5|89.9|30.5|40.8|0.0|68.8|38.0
Pergolide (mesylate)|1|10.0|CCCN1C[C@H](CSC)C[C@@H]2c3cccc4[nH]cc(c34)C[C@H]21|107|9.0|0.0|0.0|71.8|0.0|62.3|9.8|83.8|14.3|44.2|0.0|69.3|49.8
Pergolide (mesylate)|1|30.0|CCCN1C[C@H](CSC)C[C@@H]2c3cccc4[nH]cc(c34)C[C@H]21|97|21.1|0.0|0.0|53.9|0.0|52.1|28.8|71.2|13.0|37.0|0.0|58.6|32.8
Benzydamine hydrochloride|1|10.0|CN(C)CCCOc1nn(Cc2ccccc2)c2ccccc12|103|18.7|0.0|0.0|70.3|0.0|67.7|0.0|88.8|31.2|39.1|0.0|62.5|38.1
Benzydamine hydrochloride|1|30.0|CN(C)CCCOc1nn(Cc2ccccc2)c2ccccc12|98|64.1|0.0|0.0|72.6|0.0|73.2|16.6|91.1|31.9|49.4|0.0|71.8|46.9
Mifepristone|1|30.0|CC#C[C@]1(O)CC[C@H]2[C@@H]3CCC4=CC(=O)CCC4=C3[C@@H](c3ccc(N(C)C)cc3)C[C@@]21C|86|31.6|13.3|0.0|34.6|0.0|26.6|52.3|42.6|5.9|41.5|0.0|50.8|44.4
Econazole nitrate|1|30.0|Clc1ccc(COC(Cn2ccnc2)c2ccc(Cl)cc2Cl)cc1|91|26.6|32.2|0.0|38.9|0.0|41.3|66.4|56.2|6.0|42.9|0.0|47.0|55.4
Clemastine (fumarate)|1|10.0|CN1CCC[C@@H]1CCO[C@](C)(c1ccccc1)c1ccc(Cl)cc1|98|43.5|0.0|0.0|77.6|0.0|75.1|1.2|93.0|40.7|48.6|0.0|67.2|52.2
Clemastine (fumarate)|1|30.0|CN1CCC[C@@H]1CCO[C@](C)(c1ccccc1)c1ccc(Cl)cc1|90|80.1|0.0|0.0|78.3|0.0|75.0|18.7|91.0|36.8|51.7|0.0|77.9|58.0
Clemastine (fumarate)|2|2.0|CN1CCC[C@@H]1CCO[C@](C)(c1ccccc1)c1ccc(Cl)cc1|95|23.5|0.0|0.0|60.3|0.0|63.1|23.6|77.0|2.3|43.0|0.0|59.9|30.6
Pimozide|1|10.0|O=c1[nH]c2ccccc2n1C1CCN(CCCC(c2ccc(F)cc2)c2ccc(F)cc2)CC1|86|83.1|0.0|0.0|82.2|0.0|81.6|25.5|91.2|38.1|59.4|0.0|76.6|62.0
Pimozide|1|30.0|O=c1[nH]c2ccccc2n1C1CCN(CCCC(c2ccc(F)cc2)c2ccc(F)cc2)CC1|89|32.0|0.0|0.0|48.8|0.0|49.9|33.7|67.2|0.0|35.5|0.0|53.9|18.2
Pimozide|2|3.0|O=c1[nH]c2ccccc2n1C1CCN(CCCC(c2ccc(F)cc2)c2ccc(F)cc2)CC1|101|30.7|0.0|0.0|55.8|0.0|55.4|26.9|81.8|11.8|20.9|0.0|50.6|24.5
Pimozide|2|10.0|O=c1[nH]c2ccccc2n1C1CCN(CCCC(c2ccc(F)cc2)c2ccc(F)cc2)CC1|92|66.8|0.0|0.0|78.7|0.0|75.7|20.1|93.5|32.6|50.2|0.0|70.1|57.4
Pimozide|2|30.0|O=c1[nH]c2ccccc2n1C1CCN(CCCC(c2ccc(F)cc2)c2ccc(F)cc2)CC1|79|84.1|0.0|0.0|77.2|0.0|78.4|36.4|79.8|36.7|63.2|0.0|75.9|63.2
Mebeverine hydrochloride|1|10.0|CCN(CCCCOC(=O)c1ccc(OC)c(OC)c1)C(C)Cc1ccc(OC)cc1|110|18.1|0.0|0.0|63.7|0.0|65.9|18.3|90.5|27.3|26.2|0.0|57.4|31.5
Mebeverine hydrochloride|1|30.0|CCN(CCCCOC(=O)c1ccc(OC)c(OC)c1)C(C)Cc1ccc(OC)cc1|101|70.1|0.0|0.0|67.0|0.0|67.3|22.8|89.1|17.9|42.2|0.0|66.1|38.5
Ifenprodil tartrate|1|30.0|CC(C(O)c1ccc(O)cc1)N1CCC(Cc2ccccc2)CC1|107|37.7|0.0|0.0|74.7|0.0|71.3|10.2|94.2|29.7|41.5|0.0|68.3|36.8
Glibenclamide|2|30.0|COc1ccc(Cl)cc1C(=O)NCCc1ccc(S(=O)(=O)NC(=O)NC2CCCCC2)cc1|104|6.0|0.0|0.0|53.5|0.0|48.2|29.7|64.5|3.2|26.5|0.0|50.8|28.3
Fluphenazine dihydrochloride|1|10.0|OCCN1CCN(CCCN2c3ccccc3Sc3ccc(C(F)(F)F)cc32)CC1|105|66.7|0.0|0.0|82.1|0.0|80.6|19.9|93.7|38.0|57.8|0.0|73.5|59.4
Fluphenazine dihydrochloride|3|3.0|OCCN1CCN(CCCN2c3ccccc3Sc3ccc(C(F)(F)F)cc32)CC1|98|7.6|0.0|0.0|80.7|0.0|76.5|9.1|86.8|39.9|49.3|0.0|70.7|43.0
Fluphenazine dihydrochloride|3|10.0|OCCN1CCN(CCCN2c3ccccc3Sc3ccc(C(F)(F)F)cc32)CC1|108|56.5|0.0|0.0|80.6|0.0|80.7|18.7|95.7|40.7|49.7|0.0|72.2|47.9
Zidovudine|1|30.0|Cc1cn([C@H]2C[C@H](N=[N+]=[N-])[C@@H](CO)O2)c(=O)[nH]c1=O|93|17.6|29.3|0.0|8.9|21.3|13.9|29.4|0.0|17.0|39.1|6.9|20.4|48.7
N6-Methyladenosine|1|30.0|CNc1ncnc2c1ncn2[C@@H]1O[C@H](CO)[C@@H](O)[C@H]1O|90|10.0|0.0|0.0|43.3|15.1|31.7|0.0|55.9|30.0|28.2|0.0|60.8|34.3
Guanfacine (hydrochloride)|2|30.0|N=C(N)NC(=O)Cc1c(Cl)cccc1Cl|95|29.2|0.0|0.0|59.8|0.0|59.2|23.3|66.5|19.5|41.5|0.0|65.2|35.8
Triamterene|1|10.0|Nc1nc(N)c2nc(-c3ccccc3)c(N)nc2n1|106|8.1|0.0|0.0|79.3|0.0|74.7|24.9|74.9|36.0|59.4|0.0|68.3|67.3
Triamterene|1|30.0|Nc1nc(N)c2nc(-c3ccccc3)c(N)nc2n1|93|18.1|31.7|0.0|13.0|56.6|0.9|24.3|43.8|0.0|13.6|11.6|36.9|33.2
Triamterene|2|10.0|Nc1nc(N)c2nc(-c3ccccc3)c(N)nc2n1|101|11.7|0.0|0.0|84.6|0.0|82.3|23.4|71.8|45.6|61.9|0.0|75.0|60.3
Triamterene|2|30.0|Nc1nc(N)c2nc(-c3ccccc3)c(N)nc2n1|93|24.7|27.5|0.0|35.6|12.7|21.0|26.2|53.9|0.0|36.2|0.0|45.8|53.3
Triamterene|11|6.0|Nc1nc(N)c2nc(-c3ccccc3)c(N)nc2n1|102|6.4|0.0|0.0|81.5|0.0|70.2|8.8|65.1|42.9|63.0|0.0|71.0|63.8
Triamterene|11|10.0|Nc1nc(N)c2nc(-c3ccccc3)c(N)nc2n1|105|7.4|0.0|0.0|84.7|0.0|75.9|5.4|70.0|52.3|67.5|0.0|76.9|67.1
Domperidone|1|10.0|O=c1[nH]c2ccccc2n1CCCN1CCC(n2c(=O)[nH]c3cc(Cl)ccc32)CC1|103|21.8|0.0|0.0|47.9|0.0|57.4|49.3|70.4|7.1|35.7|0.0|58.4|32.7
Domperidone|1|30.0|O=c1[nH]c2ccccc2n1CCCN1CCC(n2c(=O)[nH]c3cc(Cl)ccc32)CC1|95|72.9|0.0|0.0|63.7|0.0|65.7|27.8|87.7|15.9|36.9|0.0|62.6|37.1
Domperidone|2|10.0|O=c1[nH]c2ccccc2n1CCCN1CCC(n2c(=O)[nH]c3cc(Cl)ccc32)CC1|93|12.1|0.0|0.0|45.3|0.0|50.3|34.3|55.6|26.2|12.1|0.0|51.8|4.8
Domperidone|2|30.0|O=c1[nH]c2ccccc2n1CCCN1CCC(n2c(=O)[nH]c3cc(Cl)ccc32)CC1|95|57.0|0.0|0.0|61.0|0.0|68.5|35.8|83.9|26.1|34.6|0.0|64.1|33.5
Methapyrilene hydrochloride|1|30.0|CN(C)CCN(Cc1cccs1)c1ccccn1|96|5.7|0.0|0.0|31.7|0.0|28.4|25.0|52.3|0.0|11.2|0.0|38.3|10.2
Desipramine hydrochloride|1|10.0|CNCCCN1c2ccccc2CCc2ccccc21|100|34.4|0.0|0.0|80.2|0.0|76.1|10.8|86.8|32.6|55.3|0.0|69.5|53.0
Desipramine hydrochloride|1|30.0|CNCCCN1c2ccccc2CCc2ccccc21|94|82.9|0.0|0.0|77.3|0.0|73.3|11.5|92.0|28.7|50.5|0.0|71.5|52.1
Desipramine hydrochloride|2|10.0|CNCCCN1c2ccccc2CCc2ccccc21|85|34.4|0.0|0.0|81.9|0.0|78.4|3.5|88.4|45.2|47.2|0.0|67.3|53.8
Desipramine hydrochloride|2|30.0|CNCCCN1c2ccccc2CCc2ccccc21|84|75.3|0.0|0.0|81.9|0.0|77.6|9.7|94.0|39.6|51.6|0.0|74.6|56.3
Desipramine hydrochloride|5|6.0|CNCCCN1c2ccccc2CCc2ccccc21|101|20.7|0.0|0.0|82.4|0.0|81.5|10.9|87.6|46.4|56.8|0.0|72.1|39.8
Desipramine hydrochloride|5|10.0|CNCCCN1c2ccccc2CCc2ccccc21|101|30.1|0.0|0.0|77.1|0.0|74.1|12.8|85.7|37.1|46.6|0.0|65.6|39.2
Clorgyline hydrochloride|2|10.0|C#CCN(C)CCCOc1ccc(Cl)cc1Cl|99|7.1|0.0|0.0|40.6|0.0|42.6|0.0|41.7|0.0|28.6|0.0|22.8|39.3
Clorgyline hydrochloride|2|30.0|C#CCN(C)CCCOc1ccc(Cl)cc1Cl|107|11.6|0.0|0.0|55.8|0.0|60.5|20.4|35.6|46.3|48.9|0.0|58.6|50.3
Maprotiline (hydrochloride)|1|10.0|CNCCC[C@]12CC[C@H](c3ccccc31)c1ccccc12|98|42.0|0.0|0.0|77.9|0.0|74.2|10.0|92.8|35.3|47.8|0.0|68.7|57.3
Maprotiline (hydrochloride)|2|10.0|CNCCC[C@]12CC[C@H](c3ccccc31)c1ccccc12|97|36.6|0.0|0.0|78.9|0.0|72.8|0.0|92.6|34.2|51.4|0.0|66.0|49.3
Maprotiline (hydrochloride)|2|30.0|CNCCC[C@]12CC[C@H](c3ccccc31)c1ccccc12|91|82.0|0.0|0.0|83.5|0.0|79.6|12.5|93.1|39.0|55.2|0.0|75.7|59.5
Chlorprothixene hydrochloride|1|10.0|CN(C)CC/C=C1\c2ccccc2Sc2ccc(Cl)cc21|88|53.4|0.0|0.0|79.6|0.0|77.3|12.2|94.3|39.3|51.7|0.0|70.9|54.8
Ritodrine hydrochloride|1|30.0|C[C@H](NCCc1ccc(O)cc1)[C@H](O)c1ccc(O)cc1|107|7.9|0.0|0.0|75.4|0.0|60.9|0.0|77.3|28.5|45.4|0.0|68.7|51.4
Dobutamine (hydrochloride)|1|30.0|CC(CCc1ccc(O)cc1)NCCc1ccc(O)c(O)c1|89|15.4|8.2|0.0|43.5|0.0|39.7|45.0|58.7|0.0|35.4|0.0|45.2|41.4
Dobutamine (hydrochloride)|2|30.0|CC(CCc1ccc(O)cc1)NCCc1ccc(O)c(O)c1|90|15.7|0.0|0.0|38.6|0.0|36.1|44.1|55.4|2.8|21.6|0.0|46.8|18.9
Troleandomycin|1|30.0|CO[C@H]1C[C@H](O[C@@H]2[C@@H](C)C(=O)O[C@H](C)[C@H](C)[C@H](OC(C)=O)[C@@H](C)C(=O)[C@]3(CO3)C[C@H](C)[C@H](O[C@@H]3O[C@H](C)C[C@H](N(C)C)[C@H]3OC(C)=O)[C@H]2C)O[C@@H](C)[C@@H]1OC(C)=O|101|16.9|0.0|0.0|18.9|0.0|15.1|33.3|37.1|0.0|3.2|0.0|33.1|0.0
Droperidol|1|30.0|O=C(CCCN1CC=C(n2c(=O)[nH]c3ccccc32)CC1)c1ccc(F)cc1|99|28.8|0.0|0.0|42.2|0.0|46.3|41.0|61.6|1.7|26.1|0.0|53.8|12.3
Betamethasone|1|10.0|C[C@H]1C[C@H]2[C@@H]3CCC4=CC(=O)C=C[C@]4(C)[C@@]3(F)[C@@H](O)C[C@]2(C)[C@@]1(O)C(=O)CO|106|11.7|79.0|0.0|0.0|70.5|0.0|11.2|0.0|0.0|0.0|79.7|0.0|0.0
Bepridil hydrochloride|1|10.0|CC(C)COCC(CN(Cc1ccccc1)c1ccccc1)N1CCCC1|89|54.2|0.0|0.0|78.0|0.0|76.2|20.5|89.8|35.3|58.1|0.0|72.0|62.6
Pyrimethamine|1|10.0|CCc1nc(N)nc(N)c1-c1ccc(Cl)cc1|95|28.0|74.3|0.0|0.0|81.2|0.0|24.3|0.0|0.0|0.0|60.9|0.0|10.1
Pyrimethamine|1|30.0|CCc1nc(N)nc(N)c1-c1ccc(Cl)cc1|87|18.5|26.4|0.0|0.0|69.2|0.0|24.4|32.7|0.0|0.0|28.8|22.0|1.9
Ketotifen (fumarate)|1|30.0|CN1CCC(=C2c3ccccc3CC(=O)c3sccc32)CC1|94|29.0|0.0|0.0|66.4|0.0|63.3|22.0|78.9|13.6|45.3|0.0|63.3|43.2
Ketotifen (fumarate)|2|30.0|CN1CCC(=C2c3ccccc3CC(=O)c3sccc32)CC1|105|39.6|0.0|0.0|60.5|0.0|63.0|34.4|75.6|15.6|43.1|0.0|59.9|40.8
Methotrexate(+/-)|1|10.0|CN(Cc1cnc2nc(N)nc(N)c2n1)c1ccc(C(=O)NC(CCC(=O)O)C(=O)O)cc1|83|33.3|73.9|1.1|0.0|94.8|0.0|10.3|0.0|0.0|0.0|80.9|0.0|0.0
Methotrexate(+/-)|1|30.0|CN(Cc1cnc2nc(N)nc(N)c2n1)c1ccc(C(=O)NC(CCC(=O)O)C(=O)O)cc1|98|17.4|58.8|3.2|0.0|88.5|0.0|0.0|0.0|0.0|0.0|75.0|0.0|0.0
Methylergometrine maleate|1|30.0|CC[C@@H](CO)NC(=O)[C@@H]1C=C2c3cccc4[nH]cc(c34)C[C@H]2N(C)C1|102|7.4|10.7|0.0|0.0|14.7|0.0|0.0|0.0|0.0|0.0|19.4|0.0|0.0
Clofazimine|1|30.0|CC(C)/N=c1\cc2n(-c3ccc(Cl)cc3)c3ccccc3nc-2cc1Nc1ccc(Cl)cc1|89|16.1|38.3|0.0|18.6|15.5|19.0|24.4|41.8|7.5|26.3|1.9|23.9|41.7
Naftidrofuryl (oxalate)|1|30.0|CCN(CC)CCOC(=O)C(Cc1cccc2ccccc12)CC1CCCO1|100|34.4|0.0|0.0|59.7|0.0|60.4|23.3|84.2|17.5|38.4|0.0|61.6|35.5
Betaxolol hydrochloride|2|30.0|CC(C)NCC(O)COc1ccc(CCOCC2CC2)cc1|102|20.7|0.0|0.0|46.4|0.0|51.7|32.6|59.1|10.9|30.1|0.0|50.3|15.4
Nicardipine hydrochloride, YC-93 hydrochloride|1|10.0|COC(=O)C1=C(C)NC(C)=C(C(=O)OCCN(C)Cc2ccccc2)C1c1cccc([N+](=O)[O-])c1|98|7.9|0.0|0.0|59.8|0.0|64.3|53.0|65.2|26.7|41.3|0.0|60.6|38.0
Nicardipine hydrochloride, YC-93 hydrochloride|1|30.0|COC(=O)C1=C(C)NC(C)=C(C(=O)OCCN(C)Cc2ccccc2)C1c1cccc([N+](=O)[O-])c1|87|74.4|0.0|0.0|67.5|0.0|71.7|43.0|81.7|22.8|49.9|0.0|69.2|55.6
Nicardipine hydrochloride, YC-93 hydrochloride|2|30.0|COC(=O)C1=C(C)NC(C)=C(C(=O)OCCN(C)Cc2ccccc2)C1c1cccc([N+](=O)[O-])c1|101|36.3|0.0|0.0|41.7|0.0|48.0|45.1|55.2|8.2|31.5|0.0|50.9|23.9
Mitoxantrone (dihydrochloride)|2|1.0|O=C1c2c(O)ccc(O)c2C(=O)c2c(NCCNCCO)ccc(NCCNCCO)c21|53|51.1|51.8|21.1|0.0|83.8|0.0|6.1|0.0|0.0|0.0|84.4|0.0|0.0
Mitoxantrone (dihydrochloride)|5|0.2|O=C1c2c(O)ccc(O)c2C(=O)c2c(NCCNCCO)ccc(NCCNCCO)c21|96|13.3|0.4|38.7|0.0|35.3|0.0|0.0|0.0|0.0|0.0|58.0|0.0|0.0
Mitoxantrone (dihydrochloride)|5|2.0|O=C1c2c(O)ccc(O)c2C(=O)c2c(NCCNCCO)ccc(NCCNCCO)c21|64|51.1|0.0|4.1|35.9|0.0|33.6|3.5|46.3|29.4|4.5|0.0|42.5|17.8
Vanoxerine (dihydrochloride)|1|10.0|Fc1ccc(C(OCCN2CCN(CCCc3ccccc3)CC2)c2ccc(F)cc2)cc1|92|46.1|5.3|0.0|48.0|0.0|49.3|34.2|69.5|16.5|35.9|0.0|53.7|36.2
Vanoxerine (dihydrochloride)|1|30.0|Fc1ccc(C(OCCN2CCN(CCCc3ccccc3)CC2)c2ccc(F)cc2)cc1|75|82.6|0.0|0.0|75.6|0.0|74.7|26.4|82.9|30.1|61.2|0.0|70.8|66.3
Vanoxerine (dihydrochloride)|2|10.0|Fc1ccc(C(OCCN2CCN(CCCc3ccccc3)CC2)c2ccc(F)cc2)cc1|93|47.2|0.0|0.0|57.9|0.0|57.0|30.9|83.8|17.6|38.1|0.0|61.0|37.8
Carbetapentane (citrate)|1|30.0|CCN(CC)CCOCCOC(=O)C1(c2ccccc2)CCCC1|105|42.8|0.0|0.0|64.0|0.0|65.1|20.9|81.5|15.7|39.9|0.0|61.8|32.8
Carbetapentane (citrate)|2|10.0|CCN(CC)CCOCCOC(=O)C1(c2ccccc2)CCCC1|98|12.3|0.0|0.0|73.4|0.0|72.7|19.6|84.7|28.9|47.9|0.0|72.0|45.2
Carbetapentane (citrate)|2|30.0|CCN(CC)CCOCCOC(=O)C1(c2ccccc2)CCCC1|93|63.6|0.0|0.0|73.3|0.0|71.4|13.8|89.8|33.6|52.7|0.0|69.8|41.3
Dequalinium dichloride|1|1.0|Cc1cc(N)c2ccccc2[n+]1CCCCCCCCCC[n+]1c(C)cc(N)c2ccccc21|99|15.9|0.0|0.0|14.5|13.1|0.9|16.0|27.9|5.8|3.9|1.1|27.8|0.0
Dequalinium dichloride|1|3.0|Cc1cc(N)c2ccccc2[n+]1CCCCCCCCCC[n+]1c(C)cc(N)c2ccccc21|86|32.6|0.0|0.0|30.0|0.0|22.9|8.8|36.6|23.8|34.8|0.0|40.3|6.7
Dequalinium dichloride|1|10.0|Cc1cc(N)c2ccccc2[n+]1CCCCCCCCCC[n+]1c(C)cc(N)c2ccccc21|92|43.0|0.0|0.0|18.9|0.0|13.9|11.7|27.6|26.1|16.5|0.0|31.8|0.0
Dequalinium dichloride|1|30.0|Cc1cc(N)c2ccccc2[n+]1CCCCCCCCCC[n+]1c(C)cc(N)c2ccccc21|78|68.6|0.0|0.0|80.4|0.0|74.7|0.0|65.8|64.5|65.1|0.0|77.8|69.3
Dequalinium dichloride|2|10.0|Cc1cc(N)c2ccccc2[n+]1CCCCCCCCCC[n+]1c(C)cc(N)c2ccccc21|84|55.4|0.0|0.0|25.8|0.0|23.0|14.1|31.7|26.7|31.9|0.0|36.7|5.6
Dequalinium dichloride|2|30.0|Cc1cc(N)c2ccccc2[n+]1CCCCCCCCCC[n+]1c(C)cc(N)c2ccccc21|83|59.1|0.0|0.0|44.5|0.0|39.6|7.4|43.9|35.4|47.9|0.0|53.5|25.7
Ketoconazole|1|10.0|CC(=O)N1CCN(c2ccc(OC[C@H]3CO[C@](Cn4ccnc4)(c4ccc(Cl)cc4Cl)O3)cc2)CC1|99|27.5|0.0|0.0|60.2|0.0|59.5|13.2|90.8|19.1|26.9|0.0|57.9|30.9
Ketoconazole|1|30.0|CC(=O)N1CCN(c2ccc(OC[C@H]3CO[C@](Cn4ccnc4)(c4ccc(Cl)cc4Cl)O3)cc2)CC1|102|70.6|0.0|0.0|79.3|0.0|73.8|9.0|94.4|32.5|51.4|0.0|69.5|53.7
Ketoconazole|2|10.0|CC(=O)N1CCN(c2ccc(OC[C@H]3CO[C@](Cn4ccnc4)(c4ccc(Cl)cc4Cl)O3)cc2)CC1|92|21.4|0.0|0.0|59.6|0.0|59.1|15.4|90.6|24.1|24.3|0.0|55.1|31.6
Ketoconazole|2|30.0|CC(=O)N1CCN(c2ccc(OC[C@H]3CO[C@](Cn4ccnc4)(c4ccc(Cl)cc4Cl)O3)cc2)CC1|84|80.5|0.0|0.0|73.6|0.0|75.1|29.7|87.0|29.4|52.4|0.0|71.2|53.5
Terbutaline hemisulfate|1|10.0|CC(C)(C)NCC(O)c1cc(O)cc(O)c1|93|6.0|33.6|0.0|47.2|0.0|37.9|36.5|64.0|0.0|43.0|0.0|56.4|58.5
Terbutaline hemisulfate|1|30.0|CC(C)(C)NCC(O)c1cc(O)cc(O)c1|100|5.9|0.0|0.0|62.7|0.0|50.6|7.9|64.8|17.5|49.5|0.0|66.9|54.0
Terbutaline hemisulfate|2|10.0|CC(C)(C)NCC(O)c1cc(O)cc(O)c1|99|13.1|0.0|0.0|65.9|0.0|62.2|25.7|73.8|17.6|55.1|0.0|70.5|46.5
Terbutaline hemisulfate|2|30.0|CC(C)(C)NCC(O)c1cc(O)cc(O)c1|93|21.1|0.0|0.0|59.4|0.0|50.4|22.2|63.2|19.1|61.3|0.0|69.7|54.2
Etoposide|1|30.0|COc1cc([C@@H]2c3cc4c(cc3[C@@H](O[C@@H]3O[C@@H]5CO[C@@H](C)O[C@H]5[C@H](O)[C@H]3O)[C@H]3COC(=O)[C@H]23)OCO4)cc(OC)c1O|62|24.2|21.6|55.5|0.0|79.9|0.0|18.9|0.0|0.0|0.0|65.7|0.0|0.0
Enclomiphene (citrate)|1|1.0|CCN(CC)CCOc1ccc(/C(=C(/Cl)c2ccccc2)c2ccccc2)cc1|101|17.3|0.0|0.0|56.8|0.0|59.5|34.2|71.0|15.4|43.8|0.0|57.7|38.8
Enclomiphene (citrate)|1|3.0|CCN(CC)CCOc1ccc(/C(=C(/Cl)c2ccccc2)c2ccccc2)cc1|99|60.6|0.0|0.0|75.9|0.0|75.3|11.4|94.7|33.6|55.5|0.0|67.9|44.2
Enclomiphene (citrate)|1|10.0|CCN(CC)CCOc1ccc(/C(=C(/Cl)c2ccccc2)c2ccccc2)cc1|100|84.3|0.0|0.0|84.1|0.0|81.2|11.5|88.9|41.8|68.9|0.0|77.7|60.5
Prochlorperazine dimaleate|1|10.0|CN1CCN(CCCN2c3ccccc3Sc3ccc(Cl)cc32)CC1|97|69.3|0.0|0.0|85.0|0.0|81.9|18.3|90.3|43.6|66.8|0.0|77.5|61.8
Prochlorperazine dimaleate|1|30.0|CN1CCN(CCCN2c3ccccc3Sc3ccc(Cl)cc32)CC1|102|78.8|0.0|0.0|76.4|0.0|72.6|9.9|92.6|31.9|47.8|0.0|70.6|51.1
Suloctidil|1|3.0|CCCCCCCCN[C@H](C)[C@@H](O)c1ccc(SC(C)C)cc1|105|47.5|0.0|0.0|74.4|0.0|76.3|17.6|90.2|29.1|53.7|0.0|69.7|43.6
Cyclosporin A|1|10.0|C/C=C/C[C@@H](C)[C@@H](O)[C@H]1C(=O)N[C@@H](CC)C(=O)N(C)CC(=O)N(C)[C@@H](CC(C)C)C(=O)N[C@@H](C(C)C)C(=O)N(C)[C@@H](CC(C)C)C(=O)N[C@@H](C)C(=O)N[C@H](C)C(=O)N(C)[C@@H](CC(C)C)C(=O)N(C)[C@@H](CC(C)C)C(=O)N(C)[C@@H](C(C)C)C(=O)N1C|84|24.7|53.6|0.0|1.6|32.7|0.0|47.4|11.2|0.0|18.6|21.2|23.0|46.4
Cyclosporin A|1|30.0|C/C=C/C[C@@H](C)[C@@H](O)[C@H]1C(=O)N[C@@H](CC)C(=O)N(C)CC(=O)N(C)[C@@H](CC(C)C)C(=O)N[C@@H](C(C)C)C(=O)N(C)[C@@H](CC(C)C)C(=O)N[C@@H](C)C(=O)N[C@H](C)C(=O)N(C)[C@@H](CC(C)C)C(=O)N(C)[C@@H](CC(C)C)C(=O)N(C)[C@@H](C(C)C)C(=O)N1C|85|11.4|15.1|23.7|0.0|49.9|0.0|52.2|0.0|0.0|1.5|52.0|0.0|0.0
Digitoxigenin|1|1.0|C[C@]12CC[C@H](O)C[C@H]1CC[C@@H]1[C@@H]2CC[C@]2(C)[C@@H](C3=CC(=O)OC3)CC[C@]12O|68|11.2|2.9|0.3|16.7|0.0|19.4|21.0|0.6|48.1|54.2|0.0|35.1|36.0
Digitoxigenin|1|3.0|C[C@]12CC[C@H](O)C[C@H]1CC[C@@H]1[C@@H]2CC[C@]2(C)[C@@H](C3=CC(=O)OC3)CC[C@]12O|53|42.8|0.0|0.0|62.5|0.0|69.1|2.4|32.8|89.5|71.6|0.0|65.8|48.9
Digitoxigenin|1|10.0|C[C@]12CC[C@H](O)C[C@H]1CC[C@@H]1[C@@H]2CC[C@]2(C)[C@@H](C3=CC(=O)OC3)CC[C@]12O|55|31.1|0.0|33.2|9.8|0.0|18.5|0.0|0.0|75.7|13.7|0.0|14.8|0.0
Epiandrosterone|1|10.0|C[C@]12CC[C@H]3[C@@H](CC[C@H]4C[C@@H](O)CC[C@@]43C)[C@@H]1CCC2=O|101|22.1|0.0|0.0|66.9|0.0|64.9|0.0|90.9|27.7|30.4|0.0|58.6|36.8
Epiandrosterone|1|30.0|C[C@]12CC[C@H]3[C@@H](CC[C@H]4C[C@@H](O)CC[C@@]43C)[C@@H]1CCC2=O|97|14.7|0.0|0.0|62.5|0.0|63.6|3.1|89.0|27.5|25.7|0.0|61.2|32.8
Estradiol|1|30.0|C[C@]12CC[C@@H]3c4ccc(O)cc4CC[C@H]3[C@@H]1CC[C@@H]2O|84|20.2|0.0|0.0|71.8|0.0|64.3|15.8|55.3|68.8|39.9|0.0|87.5|54.2
Cyclobenzaprine (hydrochloride)|1|10.0|CN(C)CCC=C1c2ccccc2C=Cc2ccccc21|90|33.9|0.0|0.0|77.6|0.0|74.8|0.8|90.4|45.1|49.4|0.0|66.9|48.1
Cyclobenzaprine (hydrochloride)|1|30.0|CN(C)CCC=C1c2ccccc2C=Cc2ccccc21|95|64.1|0.0|0.0|74.8|0.0|74.5|15.8|95.1|32.6|43.2|0.0|72.0|47.7
Cyclobenzaprine (hydrochloride)|2|10.0|CN(C)CCC=C1c2ccccc2C=Cc2ccccc21|103|37.0|0.0|0.0|79.4|0.0|77.1|9.2|94.4|38.0|49.0|0.0|67.4|46.3
Cyclobenzaprine (hydrochloride)|2|30.0|CN(C)CCC=C1c2ccccc2C=Cc2ccccc21|85|81.5|0.0|0.0|75.3|0.0|72.8|14.8|90.6|33.4|49.1|0.0|72.2|47.5
Meclizine hydrochloride|1|30.0|Cc1cccc(CN2CCN(C(c3ccccc3)c3ccc(Cl)cc3)CC2)c1|98|31.3|0.0|0.0|47.7|0.0|42.2|26.8|67.1|2.3|33.3|0.0|53.7|25.4
Brompheniramine (maleate)|1|30.0|CN(C)CCC(c1ccc(Br)cc1)c1ccccn1|96|10.0|0.0|0.0|48.3|0.0|46.8|19.1|73.0|2.3|20.8|0.0|52.5|14.1
Primaquine diphosphate|1|10.0|COc1cc(NC(C)CCCN)c2ncccc2c1|97|10.4|48.4|0.0|18.3|36.7|9.2|26.6|36.0|0.0|36.9|0.0|31.5|50.6
Primaquine diphosphate|1|30.0|COc1cc(NC(C)CCCN)c2ncccc2c1|50|80.0|0.0|0.0|57.5|0.0|59.8|29.7|62.8|41.2|58.8|0.0|64.8|45.7
Progesterone|1|30.0|CC(=O)[C@H]1CC[C@H]2[C@@H]3CCC4=CC(=O)CC[C@]4(C)[C@H]3CC[C@]12C|98|34.7|0.0|0.0|59.1|0.0|59.7|24.4|83.2|13.9|24.6|0.0|61.6|41.8
Dicyclomine hydrochloride|1|30.0|CCN(CC)CCOC(=O)C1(C2CCCCC2)CCCCC1|102|42.1|0.0|0.0|71.3|0.0|66.4|18.7|85.9|19.9|43.9|0.0|67.5|41.3
Dicyclomine hydrochloride|2|30.0|CCN(CC)CCOC(=O)C1(C2CCCCC2)CCCCC1|97|58.7|0.0|0.0|79.2|0.0|78.8|24.0|83.2|36.0|54.7|0.0|72.9|44.5
Artemisinin|1|10.0|C[C@@H]1CC[C@H]2[C@@H](C)C(=O)O[C@@H]3O[C@@]4(C)CC[C@@H]1[C@]32OO4|97|7.6|15.0|8.2|0.0|27.9|0.0|25.2|13.3|0.0|0.0|25.6|0.0|0.0
Artemisinin|1|30.0|C[C@@H]1CC[C@H]2[C@@H](C)C(=O)O[C@@H]3O[C@@]4(C)CC[C@@H]1[C@]32OO4|89|6.6|6.4|11.7|0.0|24.5|0.0|25.0|16.9|7.3|15.6|7.6|7.2|0.0
Propafenone hydrochloride|1|10.0|CCCNCC(O)COc1ccccc1C(=O)CCc1ccccc1|92|32.8|0.0|0.0|78.4|0.0|77.6|9.4|90.1|36.5|42.2|0.0|69.0|39.2
Propafenone hydrochloride|1|30.0|CCCNCC(O)COc1ccccc1C(=O)CCc1ccccc1|93|78.4|0.0|0.0|73.0|0.0|72.3|17.8|95.5|27.6|42.7|0.0|70.5|45.8
Propafenone hydrochloride|2|10.0|CCCNCC(O)COc1ccccc1C(=O)CCc1ccccc1|105|20.4|0.0|0.0|61.2|0.0|56.7|3.0|86.9|24.7|15.7|0.0|53.1|24.9
Propafenone hydrochloride|2|30.0|CCCNCC(O)COc1ccccc1C(=O)CCc1ccccc1|100|72.7|0.0|0.0|62.9|0.0|64.2|25.5|85.5|17.9|38.2|0.0|63.0|37.6
Biperiden hydrochloride|1|10.0|OC(CCN1CCCCC1)(c1ccccc1)C1C[C@@H]2C=C[C@H]1C2|107|7.3|0.0|0.0|66.5|0.0|59.6|1.5|61.0|39.2|43.1|0.0|57.5|42.2
Biperiden hydrochloride|1|30.0|OC(CCN1CCCCC1)(c1ccccc1)C1C[C@@H]2C=C[C@H]1C2|104|34.7|0.0|0.0|68.5|0.0|70.1|31.0|76.8|31.2|43.0|0.0|69.6|47.9
Metaproterenol (hemisulfate)|1|10.0|CC(C)NCC(O)c1cc(O)cc(O)c1|102|8.8|0.0|0.0|67.3|0.0|57.2|13.4|78.9|26.7|46.2|0.0|68.0|54.3
Metaproterenol (hemisulfate)|1|30.0|CC(C)NCC(O)c1cc(O)cc(O)c1|102|7.6|0.0|0.0|59.6|0.0|53.3|25.0|72.6|18.4|52.7|0.0|64.9|48.3
Bromperidol|1|3.0|O=C(CCCN1CCC(O)(c2ccc(Br)cc2)CC1)c1ccc(F)cc1|96|10.9|0.0|0.0|70.0|0.0|72.6|27.6|86.3|32.3|34.2|0.0|68.6|38.3
Bromperidol|1|10.0|O=C(CCCN1CCC(O)(c2ccc(Br)cc2)CC1)c1ccc(F)cc1|101|60.1|0.0|0.0|80.6|0.0|80.2|10.0|96.8|39.1|50.1|0.0|69.9|46.0
Fluoxetine hydrochloride, Prozac|2|10.0|CNCCC(Oc1ccc(C(F)(F)F)cc1)c1ccccc1|101|47.5|0.0|0.0|76.5|0.0|72.8|8.5|96.2|34.4|41.3|0.0|66.9|46.6
Fluoxetine hydrochloride, Prozac|4|10.0|CNCCC(Oc1ccc(C(F)(F)F)cc1)c1ccccc1|90|33.7|0.0|0.0|75.7|0.0|75.3|7.9|92.8|30.8|51.7|0.0|64.9|49.0
Lovastatin|1|10.0|CC[C@H](C)C(=O)O[C@H]1C[C@@H](C)C=C2C=C[C@H](C)[C@H](CC[C@@H]3C[C@@H](O)CC(=O)O3)[C@H]21|100|7.3|0.0|0.0|75.7|0.0|68.7|19.4|78.5|40.8|42.8|0.0|69.4|49.9
Lovastatin|11|6.0|CC[C@H](C)C(=O)O[C@H]1C[C@@H](C)C=C2C=C[C@H](C)[C@H](CC[C@@H]3C[C@@H](O)CC(=O)O3)[C@H]21|97|53.4|0.0|0.0|90.7|0.0|85.3|21.0|70.1|57.2|79.6|0.0|85.3|68.3
Lovastatin|11|10.0|CC[C@H](C)C(=O)O[C@H]1C[C@@H](C)C=C2C=C[C@H](C)[C@H](CC[C@@H]3C[C@@H](O)CC(=O)O3)[C@H]21|104|50.3|0.0|0.0|89.6|0.0|87.1|21.4|68.3|62.7|73.3|0.0|84.2|68.3
Budesonide|1|30.0|CCCC1O[C@@H]2C[C@H]3[C@@H]4CCC5=CC(=O)C=C[C@]5(C)[C@H]4[C@@H](O)C[C@]3(C)[C@]2(C(=O)CO)O1|87|21.9|3.0|0.0|65.0|0.0|64.9|51.0|70.8|36.4|41.6|0.0|70.1|55.6
Triflupromazine (hydrochloride)|1|10.0|CN(C)CCCN1c2ccccc2Sc2ccc(C(F)(F)F)cc21|95|41.5|0.0|0.0|80.4|0.0|76.6|0.0|91.8|40.9|51.2|0.0|67.5|53.0
Triflupromazine (hydrochloride)|2|10.0|CN(C)CCCN1c2ccccc2Sc2ccc(C(F)(F)F)cc21|100|45.3|0.0|0.0|78.2|0.0|75.9|10.1|97.5|39.9|46.1|0.0|66.5|46.4
Pirenperone, R-47,465|1|10.0|Cc1nc2ccccn2c(=O)c1CCN1CCC(C(=O)c2ccc(F)cc2)CC1|94|18.1|0.0|0.0|64.4|0.0|68.1|20.9|87.2|24.1|36.4|0.0|60.5|27.3
Pirenperone, R-47,465|1|30.0|Cc1nc2ccccn2c(=O)c1CCN1CCC(C(=O)c2ccc(F)cc2)CC1|93|27.5|0.0|0.0|44.9|0.0|53.6|37.4|65.1|12.9|27.3|0.0|53.4|17.2
Pirenperone, R-47,465|2|10.0|Cc1nc2ccccn2c(=O)c1CCN1CCC(C(=O)c2ccc(F)cc2)CC1|104|15.2|0.0|0.0|68.7|0.0|66.2|4.8|89.4|30.2|40.0|0.0|61.8|35.4
Pirenperone, R-47,465|2|30.0|Cc1nc2ccccn2c(=O)c1CCN1CCC(C(=O)c2ccc(F)cc2)CC1|103|37.8|0.0|0.0|62.6|0.0|65.2|29.4|88.8|21.8|33.3|0.0|62.6|30.1
Ciclopirox (olamine)|1|10.0|Cc1cc(C2CCCCC2)n(O)c(=O)c1|82|37.8|51.6|13.9|0.0|97.9|0.0|0.0|0.0|0.0|0.0|75.0|0.0|0.0
Ciclopirox (olamine)|1|30.0|Cc1cc(C2CCCCC2)n(O)c(=O)c1|70|51.8|23.4|15.2|0.0|81.8|0.0|17.8|8.4|0.0|0.0|54.3|0.0|0.0
Ciclopirox (olamine)|3|10.0|Cc1cc(C2CCCCC2)n(O)c(=O)c1|75|32.3|45.4|11.7|0.0|88.7|0.0|0.0|0.0|0.0|0.0|57.8|0.0|0.0
Ciclopirox (olamine)|3|30.0|Cc1cc(C2CCCCC2)n(O)c(=O)c1|75|59.2|34.4|3.1|0.0|83.9|0.0|9.1|13.8|0.0|0.0|48.2|0.0|0.0
Ciclopirox (olamine)|3|50.0|Cc1cc(C2CCCCC2)n(O)c(=O)c1|72|64.8|25.8|8.3|0.0|78.1|0.0|14.0|18.9|0.0|0.0|39.8|4.6|0.0
Pregnenolone|1|10.0|CC(=O)[C@H]1CC[C@H]2[C@@H]3CC=C4C[C@@H](O)CC[C@]4(C)[C@H]3CC[C@]12C|107|9.5|0.0|0.0|44.4|1.1|43.7|0.0|73.9|19.0|0.0|0.0|38.0|18.9
Parthenolide|1|2.0|C=C1C(=O)O[C@H]2[C@H]1CC/C(C)=C/CC[C@@]1(C)O[C@H]21|96|12.4|0.0|2.0|31.2|0.0|37.2|0.0|16.2|32.5|0.0|0.0|5.2|0.0
Parthenolide|1|10.0|C=C1C(=O)O[C@H]2[C@H]1CC/C(C)=C/CC[C@@]1(C)O[C@H]21|57|44.4|0.0|3.7|70.1|0.0|71.8|12.4|59.5|45.9|52.9|0.0|78.7|45.8
Tetracaine hydrochloride|1|30.0|CCCCNc1ccc(C(=O)OCCN(C)C)cc1|97|29.9|0.0|0.0|61.5|0.0|64.3|31.2|83.8|14.5|41.1|0.0|66.1|35.7
Tetracaine hydrochloride|2|30.0|CCCCNc1ccc(C(=O)OCCN(C)C)cc1|99|38.0|0.0|0.0|84.4|0.0|77.9|4.0|84.3|47.7|51.6|0.0|85.9|49.6
Acepromazine maleate|1|10.0|CC(=O)c1ccc2c(c1)N(CCCN(C)C)c1ccccc1S2|102|21.8|0.0|0.0|71.2|0.0|72.2|14.8|83.6|41.4|36.2|0.0|56.7|47.4
Acepromazine maleate|1|30.0|CC(=O)c1ccc2c(c1)N(CCCN(C)C)c1ccccc1S2|105|63.6|0.0|0.0|73.6|0.0|70.6|12.1|94.4|24.8|40.6|0.0|66.8|45.4
Oxethazaine|1|10.0|CN(C(=O)CN(CCO)CC(=O)N(C)C(C)(C)Cc1ccccc1)C(C)(C)Cc1ccccc1|102|30.4|0.0|0.0|68.9|0.0|69.0|36.6|72.4|27.1|41.8|0.0|68.0|47.3
Oxethazaine|1|30.0|CN(C(=O)CN(CCO)CC(=O)N(C)C(C)(C)Cc1ccccc1)C(C)(C)Cc1ccccc1|97|79.3|0.0|0.0|81.3|0.0|76.3|24.8|79.8|43.6|71.0|0.0|77.0|69.0
Papaverine hydrochloride|2|30.0|COc1ccc(Cc2nccc3cc(OC)c(OC)cc23)cc1OC|101|6.0|0.0|0.0|66.1|0.0|59.1|25.6|76.2|22.8|37.2|0.0|69.5|35.0
Lobeline alpha (-) hydrochoride|1|10.0|CN1[C@H](C[C@H](O)c2ccccc2)CCC[C@@H]1CC(=O)c1ccccc1|99|8.3|1.0|0.0|57.5|0.0|52.0|10.5|61.8|33.0|13.4|0.0|46.4|40.3
Lobeline alpha (-) hydrochoride|1|30.0|CN1[C@H](C[C@H](O)c2ccccc2)CCC[C@@H]1CC(=O)c1ccccc1|102|26.3|0.0|0.0|52.7|0.0|58.0|31.4|70.3|7.2|33.1|0.0|52.9|29.0
Isoflupredone acetate|1|10.0|CC(=O)OCC(=O)[C@@]1(O)CC[C@H]2[C@@H]3CCC4=CC(=O)C=C[C@]4(C)[C@@]3(F)[C@@H](O)C[C@@]21C|105|10.0|62.2|8.1|0.0|68.7|0.0|0.0|0.0|0.0|0.0|84.6|0.0|0.0
Isoflupredone acetate|1|30.0|CC(=O)OCC(=O)[C@@]1(O)CC[C@H]2[C@@H]3CCC4=CC(=O)C=C[C@]4(C)[C@@]3(F)[C@@H](O)C[C@@]21C|102|17.3|45.1|10.1|0.0|45.0|0.0|0.0|0.0|0.0|0.0|74.1|0.0|0.0
Vinburnine|1|30.0|CC[C@]12CCCN3CCc4c(n(c5ccccc45)C(=O)C1)[C@@H]32|86|20.9|0.0|0.0|65.2|0.0|53.1|29.2|60.8|35.4|41.4|0.0|90.9|51.4
Quipazine dimaleate salt|1|30.0|c1ccc2nc(N3CCNCC3)ccc2c1|93|19.5|0.0|0.0|48.3|0.0|60.5|50.2|55.3|1.5|42.4|0.0|57.5|31.0
Nifedipine|1|10.0|COC(=O)C1=C(C)NC(C)=C(C(=O)OC)C1c1ccccc1[N+](=O)[O-]|97|9.2|47.5|0.0|12.6|48.8|0.0|21.3|44.5|0.0|2.1|13.8|34.6|34.9
Nifedipine|1|30.0|COC(=O)C1=C(C)NC(C)=C(C(=O)OC)C1c1ccccc1[N+](=O)[O-]|91|7.8|51.1|0.0|0.0|68.2|0.0|12.2|30.9|0.0|0.0|28.2|0.0|0.0
Chlorpromazine hydrochloride|1|10.0|CN(C)CCCN1c2ccccc2Sc2ccc(Cl)cc21|89|46.1|0.0|0.0|79.2|0.0|76.1|1.6|91.4|42.3|51.1|0.0|68.0|51.9
Chlorpromazine hydrochloride|4|10.0|CN(C)CCCN1c2ccccc2Sc2ccc(Cl)cc21|91|43.4|0.0|0.0|79.6|0.0|74.6|13.9|93.0|28.1|53.5|0.0|72.6|56.3
Flunisolide|1|10.0|CC1(C)O[C@@H]2C[C@H]3[C@@H]4C[C@H](F)C5=CC(=O)C=C[C@]5(C)[C@H]4[C@@H](O)C[C@]3(C)[C@]2(C(=O)CO)O1|99|8.1|57.4|17.9|0.0|74.5|0.0|0.2|0.0|0.0|0.0|85.9|0.0|0.0
Flunisolide|1|30.0|CC1(C)O[C@@H]2C[C@H]3[C@@H]4C[C@H](F)C5=CC(=O)C=C[C@]5(C)[C@H]4[C@@H](O)C[C@]3(C)[C@]2(C(=O)CO)O1|108|11.2|50.2|12.0|0.0|77.0|0.0|0.0|0.0|0.0|0.0|79.6|0.0|0.0
Flurandrenolide|1|30.0|CC1(C)O[C@@H]2C[C@H]3[C@@H]4C[C@H](F)C5=CC(=O)CC[C@]5(C)[C@H]4[C@@H](O)C[C@]3(C)[C@]2(C(=O)CO)O1|105|6.7|43.1|0.0|0.0|63.2|0.0|15.4|0.0|0.0|0.0|74.5|0.0|0.0
Diphenhydramine (hydrochloride)|2|30.0|CN(C)CCOC(c1ccccc1)c1ccccc1|95|8.5|0.0|0.0|69.0|0.0|66.3|18.2|89.1|29.3|32.6|0.0|64.2|50.5
Halcinonide|1|30.0|CC1(C)O[C@@H]2C[C@H]3[C@@H]4CCC5=CC(=O)CC[C@]5(C)[C@@]4(F)[C@@H](O)C[C@]3(C)[C@]2(C(=O)CCl)O1|97|8.8|51.5|3.9|0.0|75.7|0.0|0.0|0.0|0.0|0.0|62.7|0.0|0.0
Lanatoside C|1|1.0|CC(=O)O[C@H]1C[C@H](O[C@H]2[C@@H](O)C[C@H](O[C@H]3[C@@H](O)C[C@H](O[C@H]4CC[C@]5(C)[C@H]6C[C@@H](O)[C@]7(C)[C@@H](C8=CC(=O)OC8)CC[C@]7(O)[C@@H]6CC[C@@H]5C4)O[C@@H]3C)O[C@@H]2C)O[C@H](C)[C@H]1O[C@@H]1O[C@H](CO)[C@@H](O)[C@H](O)[C@H]1O|60|21.8|0.0|0.0|48.5|0.0|52.4|4.5|31.2|74.1|52.7|0.0|53.3|47.7
Lanatoside C|1|10.0|CC(=O)O[C@H]1C[C@H](O[C@H]2[C@@H](O)C[C@H](O[C@H]3[C@@H](O)C[C@H](O[C@H]4CC[C@]5(C)[C@H]6C[C@@H](O)[C@]7(C)[C@@H](C8=CC(=O)OC8)CC[C@]7(O)[C@@H]6CC[C@@H]5C4)O[C@@H]3C)O[C@@H]2C)O[C@H](C)[C@H]1O[C@@H]1O[C@H](CO)[C@@H](O)[C@H](O)[C@H]1O|50|42.5|0.0|3.3|47.2|0.0|56.2|0.0|19.7|95.5|31.4|0.0|54.3|29.1
Benzamil hydrochloride|1|30.0|N/C(=N\C(=O)c1nc(Cl)c(N)nc1N)NCc1ccccc1|88|38.3|9.7|0.0|59.9|0.0|59.8|32.6|88.9|15.9|35.5|0.0|62.8|50.9
Benzamil hydrochloride|2|30.0|N/C(=N\C(=O)c1nc(Cl)c(N)nc1N)NCc1ccccc1|99|12.3|44.1|0.0|14.9|0.0|5.5|34.6|28.5|0.0|18.2|0.0|20.1|38.0
Avermectin B1a|1|3.0|CC[C@H](C)[C@H]1O[C@]2(C=C[C@@H]1C)C[C@@H]1C[C@@H](C/C=C(\C)C(O[C@H]3C[C@H](OC)C(O[C@H]4C[C@H](OC)[C@@H](O)[C@H](C)O4)[C@H](C)O3)[C@@H](C)/C=C/C=C3\CO[C@@H]4[C@H](O)C(C)=C[C@@H](C(=O)O1)[C@]34O)O2|95|7.3|1.2|0.0|25.9|4.3|23.9|24.6|41.6|0.0|45.7|0.0|43.4|17.3
Avermectin B1a|1|10.0|CC[C@H](C)[C@H]1O[C@]2(C=C[C@@H]1C)C[C@@H]1C[C@@H](C/C=C(\C)C(O[C@H]3C[C@H](OC)C(O[C@H]4C[C@H](OC)[C@@H](O)[C@H](C)O4)[C@H](C)O3)[C@@H](C)/C=C/C=C3\CO[C@@H]4[C@H](O)C(C)=C[C@@H](C(=O)O1)[C@]34O)O2|83|30.6|11.8|0.0|61.3|0.0|56.2|36.7|68.8|25.9|44.5|0.0|66.0|62.9
Avermectin B1a|1|30.0|CC[C@H](C)[C@H]1O[C@]2(C=C[C@@H]1C)C[C@@H]1C[C@@H](C/C=C(\C)C(O[C@H]3C[C@H](OC)C(O[C@H]4C[C@H](OC)[C@@H](O)[C@H](C)O4)[C@H](C)O3)[C@@H](C)/C=C/C=C3\CO[C@@H]4[C@H](O)C(C)=C[C@@H](C(=O)O1)[C@]34O)O2|92|35.4|23.0|0.0|59.3|0.0|52.2|35.8|73.8|12.9|49.3|0.0|62.3|59.7
Nisoldipine|1|10.0|COC(=O)C1=C(C)NC(C)=C(C(=O)OCC(C)C)C1c1ccccc1[N+](=O)[O-]|86|6.7|67.2|0.0|0.0|76.6|0.0|29.4|5.2|0.0|0.0|59.4|0.0|0.0
Nisoldipine|1|30.0|COC(=O)C1=C(C)NC(C)=C(C(=O)OCC(C)C)C1c1ccccc1[N+](=O)[O-]|68|52.5|8.6|8.4|1.5|62.4|0.0|29.1|35.3|0.0|7.9|16.3|28.2|0.0
Miconazole|1|10.0|Clc1ccc(COC(Cn2ccnc2)c2ccc(Cl)cc2Cl)c(Cl)c1|93|6.2|55.9|0.0|25.2|5.6|28.2|56.2|33.2|0.0|39.7|0.0|35.7|67.9
Miconazole|1|30.0|Clc1ccc(COC(Cn2ccnc2)c2ccc(Cl)cc2Cl)c(Cl)c1|89|39.9|13.0|0.0|58.1|0.0|58.4|51.6|67.6|26.7|53.4|0.0|65.8|54.9
Isoxsuprine hydrochloride|1|10.0|CC(COc1ccccc1)NC(C)C(O)c1ccc(O)cc1|102|14.3|4.4|0.0|66.3|0.0|55.2|20.7|71.8|16.5|48.1|0.0|67.1|63.7
Isoxsuprine hydrochloride|1|30.0|CC(COc1ccccc1)NC(C)C(O)c1ccc(O)cc1|97|32.5|0.0|0.0|69.2|0.0|62.4|17.8|75.5|22.4|46.4|0.0|71.1|40.4
Nitrarine dihydrochloride|1|10.0|c1ccc2c3c([nH]c2c1)[C@H]1C2CCC([C@@H]4CCCN[C@H]24)N1CC3|88|14.2|0.0|0.0|65.2|0.0|60.9|11.0|81.0|29.4|39.4|0.0|68.5|54.9
Nitrarine dihydrochloride|1|30.0|c1ccc2c3c([nH]c2c1)[C@H]1C2CCC([C@@H]4CCCN[C@H]24)N1CC3|79|41.5|0.0|0.0|66.3|0.0|62.5|22.4|87.0|24.7|43.3|0.0|74.4|43.8
Citalopram (hydrobromide)|1|30.0|CN(C)CCCC1(c2ccc(F)cc2)OCc2cc(C#N)ccc21|98|24.0|0.0|0.0|54.6|0.0|57.0|27.2|82.4|16.8|29.8|0.0|56.2|34.1
Citalopram (hydrobromide)|2|30.0|CN(C)CCCC1(c2ccc(F)cc2)OCc2cc(C#N)ccc21|102|29.4|0.0|0.0|65.9|0.0|64.3|20.7|88.6|23.4|37.4|0.0|60.5|36.7
Promazine hydrochloride|1|10.0|CN(C)CCCN1c2ccccc2Sc2ccccc21|94|34.7|0.0|0.0|82.0|0.0|81.8|0.4|87.2|50.1|61.5|0.0|67.7|59.5
Promazine hydrochloride|1|30.0|CN(C)CCCN1c2ccccc2Sc2ccccc21|92|76.2|0.0|0.0|78.7|0.0|76.6|19.5|95.6|34.0|49.0|0.0|73.9|54.9
Promazine hydrochloride|2|10.0|CN(C)CCCN1c2ccccc2Sc2ccccc21|101|24.5|0.0|0.0|76.4|0.0|74.3|10.9|94.4|41.6|39.2|0.0|69.1|42.0
Promazine hydrochloride|2|30.0|CN(C)CCCN1c2ccccc2Sc2ccccc21|93|82.6|0.0|0.0|80.2|0.0|80.1|20.4|91.8|36.4|52.7|0.0|75.4|52.0
Trihexyphenidyl (hydrochloride)|1|30.0|OC(CCN1CCCCC1)(c1ccccc1)C1CCCCC1|97|29.0|0.0|0.0|69.3|0.0|72.1|33.5|82.8|26.7|52.2|0.0|65.0|50.0
Trihexyphenidyl (hydrochloride)|2|30.0|OC(CCN1CCCCC1)(c1ccccc1)C1CCCCC1|104|50.6|0.0|0.0|69.2|0.0|73.6|33.1|75.3|25.4|49.5|0.0|63.7|39.7
Methylbenzethonium chloride|1|10.0|Cc1cc(C(C)(C)CC(C)(C)C)ccc1OCCOCC[N+](C)(C)Cc1ccccc1|79|75.8|0.0|0.0|87.8|0.0|83.8|17.5|73.6|58.9|76.3|0.0|80.7|72.5
Chlorcyclizine hydrochloride|1|10.0|CN1CCN(C(c2ccccc2)c2ccc(Cl)cc2)CC1|91|54.9|0.0|0.0|78.0|0.0|77.5|14.8|90.6|37.4|55.6|0.0|66.0|57.6
Chlorcyclizine hydrochloride|1|30.0|CN1CCN(C(c2ccccc2)c2ccc(Cl)cc2)CC1|93|51.8|0.0|0.0|74.9|0.0|72.8|16.8|97.9|31.3|42.1|0.0|66.8|53.2
Diphenylpyraline hydrochloride|1|30.0|CN1CCC(OC(c2ccccc2)c2ccccc2)CC1|98|27.3|0.0|0.0|74.3|0.0|72.7|16.0|95.7|31.2|41.0|0.0|69.7|53.4
Benzethonium chloride|1|10.0|CC(C)(C)CC(C)(C)c1ccc(OCCOCC[N+](C)(C)Cc2ccccc2)cc1|82|70.3|0.0|0.0|83.6|0.0|78.9|23.8|70.9|59.7|68.0|0.0|80.9|69.7
Pramocaine (hydrochloride)|1|30.0|CCCCOc1ccc(OCCCN2CCOCC2)cc1|95|47.8|0.0|0.0|68.2|0.0|64.0|19.2|76.9|21.9|53.9|0.0|75.3|48.8
Imipramine hydrochloride|1|10.0|CN(C)CCCN1c2ccccc2CCc2ccccc21|100|39.0|0.0|0.0|76.7|0.0|73.1|1.1|89.9|39.1|43.2|0.0|64.0|48.7
Imipramine hydrochloride|1|30.0|CN(C)CCCN1c2ccccc2CCc2ccccc21|96|47.0|0.0|0.0|68.8|0.0|67.2|19.2|93.2|23.3|35.6|0.0|64.4|43.5
Imipramine hydrochloride|2|10.0|CN(C)CCCN1c2ccccc2CCc2ccccc21|100|13.1|0.0|0.0|74.0|0.0|71.3|17.0|92.4|37.5|45.5|0.0|71.4|44.9
Imipramine hydrochloride|2|30.0|CN(C)CCCN1c2ccccc2CCc2ccccc21|91|73.6|0.0|0.0|79.0|0.0|77.1|16.6|94.3|34.6|52.1|0.0|73.6|50.7
Deferoxamine mesylate|1|3.0|CC(=O)N(O)CCCCCNC(=O)CCC(=O)N(O)CCCCCNC(=O)CCC(=O)N(O)CCCCCN|91|21.4|38.3|19.4|0.0|91.8|0.0|0.0|0.0|0.0|0.0|81.8|0.0|0.0
Deferoxamine mesylate|1|10.0|CC(=O)N(O)CCCCCNC(=O)CCC(=O)N(O)CCCCCNC(=O)CCC(=O)N(O)CCCCCN|80|36.3|48.5|7.5|0.0|96.0|0.0|0.0|0.0|0.0|0.0|72.7|0.0|0.0
Deferoxamine mesylate|1|30.0|CC(=O)N(O)CCCCCNC(=O)CCC(=O)N(O)CCCCCNC(=O)CCC(=O)N(O)CCCCCN|88|45.6|44.2|22.8|0.0|92.6|0.0|0.0|0.0|0.0|0.0|73.6|0.0|0.0
Deferoxamine mesylate|3|2.0|CC(=O)N(O)CCCCCNC(=O)CCC(=O)N(O)CCCCCNC(=O)CCC(=O)N(O)CCCCCN|94|8.6|21.3|32.1|0.0|77.8|0.0|0.0|0.0|0.0|0.0|73.2|0.0|0.0
Deferoxamine mesylate|3|6.0|CC(=O)N(O)CCCCCNC(=O)CCC(=O)N(O)CCCCCNC(=O)CCC(=O)N(O)CCCCCN|105|24.9|49.0|0.0|0.0|93.7|0.0|0.0|0.0|0.0|0.0|74.7|0.0|0.0
Deferoxamine mesylate|3|10.0|CC(=O)N(O)CCCCCNC(=O)CCC(=O)N(O)CCCCCNC(=O)CCC(=O)N(O)CCCCCN|80|24.5|51.4|4.4|0.0|93.3|0.0|0.0|0.0|0.0|0.0|74.9|0.0|0.0
Deferoxamine mesylate|4|10.0|CC(=O)N(O)CCCCCNC(=O)CCC(=O)N(O)CCCCCNC(=O)CCC(=O)N(O)CCCCCN|84|23.8|52.4|0.0|0.0|94.8|0.0|0.0|0.0|0.0|0.0|65.4|0.0|0.0
Deferoxamine mesylate|4|30.0|CC(=O)N(O)CCCCCNC(=O)CCC(=O)N(O)CCCCCNC(=O)CCC(=O)N(O)CCCCCN|80|37.8|47.5|3.2|0.0|94.5|0.0|0.0|0.0|0.0|0.0|63.0|0.0|0.0
Deferoxamine mesylate|4|50.0|CC(=O)N(O)CCCCCNC(=O)CCC(=O)N(O)CCCCCNC(=O)CCC(=O)N(O)CCCCCN|84|25.9|46.4|12.9|0.0|94.1|0.0|0.0|0.0|0.0|0.0|67.1|0.0|0.0
Deferoxamine mesylate|5|60.0|CC(=O)N(O)CCCCCNC(=O)CCC(=O)N(O)CCCCCNC(=O)CCC(=O)N(O)CCCCCN|93|18.3|36.9|0.0|0.0|85.4|0.0|0.0|5.9|0.0|0.0|48.1|0.0|0.0
Deferoxamine mesylate|5|100.0|CC(=O)N(O)CCCCCNC(=O)CCC(=O)N(O)CCCCCNC(=O)CCC(=O)N(O)CCCCCN|91|15.9|35.1|0.0|0.0|84.5|0.0|0.0|0.0|0.0|0.0|57.0|0.0|0.0
Flumethasone|1|10.0|C[C@@H]1C[C@H]2[C@@H]3C[C@H](F)C4=CC(=O)C=C[C@]4(C)[C@@]3(F)[C@@H](O)C[C@]2(C)[C@@]1(O)C(=O)CO|98|11.6|59.7|8.7|0.0|63.4|0.0|16.2|0.0|0.0|0.0|71.7|0.0|0.0
Flumethasone|1|30.0|C[C@@H]1C[C@H]2[C@@H]3C[C@H](F)C4=CC(=O)C=C[C@]4(C)[C@@]3(F)[C@@H](O)C[C@]2(C)[C@@]1(O)C(=O)CO|101|6.4|36.7|26.0|0.0|51.9|0.0|7.2|0.0|0.0|0.0|71.1|0.0|0.0
Levonordefrin|1|10.0|C[C@H](N)[C@H](O)c1ccc(O)c(O)c1|105|7.4|0.0|0.0|63.2|0.0|66.9|37.4|59.8|21.4|53.6|0.0|57.3|39.7
Levonordefrin|1|30.0|C[C@H](N)[C@H](O)c1ccc(O)c(O)c1|105|10.4|0.0|0.0|53.0|0.0|50.7|5.6|55.5|13.6|34.5|0.0|38.9|39.0
Isoetharine mesylate|1|10.0|CCC(NC(C)C)C(O)c1ccc(O)c(O)c1|100|6.6|8.0|0.0|56.0|0.0|49.3|33.5|66.3|5.7|38.8|0.0|62.8|54.3
Isoetharine mesylate|1|30.0|CCC(NC(C)C)C(O)c1ccc(O)c(O)c1|98|7.4|0.0|0.0|75.0|0.0|59.8|0.0|73.0|23.0|57.8|0.0|69.2|50.2
Isoetharine mesylate|2|10.0|CCC(NC(C)C)C(O)c1ccc(O)c(O)c1|95|6.2|18.2|0.0|51.5|2.6|43.0|36.7|67.6|0.8|49.2|0.0|63.2|60.2
Isoetharine mesylate|2|30.0|CCC(NC(C)C)C(O)c1ccc(O)c(O)c1|97|6.7|0.0|0.0|52.7|0.0|48.6|35.0|68.4|10.7|40.0|0.0|60.4|36.5
Phenazopyridine (hydrochloride)|1|10.0|Nc1ccc(/N=N/c2ccccc2)c(N)n1|99|5.9|0.0|0.0|77.1|0.0|75.2|20.7|78.0|33.0|41.3|0.0|67.6|52.5
Phenazopyridine (hydrochloride)|1|30.0|Nc1ccc(/N=N/c2ccccc2)c(N)n1|102|28.8|0.0|0.0|85.2|0.0|80.6|26.5|84.3|45.2|54.1|0.0|81.7|61.4
Chlorotrianisene|1|30.0|COc1ccc(C(Cl)=C(c2ccc(OC)cc2)c2ccc(OC)cc2)cc1|97|12.8|27.8|0.0|0.0|13.4|0.0|36.8|34.5|0.0|0.0|20.1|11.2|0.0
Dibucaine|1|10.0|CCCCOc1cc(C(=O)NCCN(CC)CC)c2ccccc2n1|107|30.6|0.0|0.0|79.0|0.0|75.5|0.0|91.2|36.1|54.3|0.0|66.6|45.4
Dibucaine|1|30.0|CCCCOc1cc(C(=O)NCCN(CC)CC)c2ccccc2n1|109|71.2|0.0|0.0|77.1|0.0|75.8|15.2|92.9|35.3|56.5|0.0|74.8|49.6
Vidarabine|1|10.0|Nc1ncnc2c1ncn2[C@@H]1O[C@H](CO)[C@@H](O)[C@@H]1O|88|13.0|13.8|58.7|0.0|79.3|0.0|0.0|0.0|0.0|0.0|67.5|0.0|0.0
Vidarabine|1|30.0|Nc1ncnc2c1ncn2[C@@H]1O[C@H](CO)[C@@H](O)[C@@H]1O|69|27.1|57.4|18.4|0.0|95.3|0.0|0.8|0.0|0.0|0.0|77.6|0.0|0.0
Alclometasone dipropionate|1|10.0|CCC(=O)OCC(=O)C1(OC(=O)CC)[C@H](C)C[C@H]2[C@H]3[C@H]([C@@H](O)C[C@@]21C)[C@@]1(C)C=CC(=O)C=C1C[C@H]3Cl|110|5.4|80.6|0.0|0.0|65.0|0.0|19.3|0.0|0.0|0.0|71.5|0.0|0.0
Proadifen (hydrochloride)|1|10.0|CCCC(C(=O)OCCN(CC)CC)(c1ccccc1)c1ccccc1|107|25.7|0.0|0.0|76.8|0.0|75.6|17.1|85.5|37.4|48.0|0.0|62.5|51.6
Proadifen (hydrochloride)|1|30.0|CCCC(C(=O)OCCN(CC)CC)(c1ccccc1)c1ccccc1|97|68.2|0.0|0.0|78.6|0.0|74.5|9.0|95.6|32.2|47.7|0.0|68.6|52.5
Proadifen (hydrochloride)|2|10.0|CCCC(C(=O)OCCN(CC)CC)(c1ccccc1)c1ccccc1|104|29.7|0.0|0.0|74.3|0.0|71.9|3.9|90.3|38.5|35.1|0.0|59.8|43.0
Proadifen (hydrochloride)|2|30.0|CCCC(C(=O)OCCN(CC)CC)(c1ccccc1)c1ccccc1|83|74.4|0.0|0.0|74.2|0.0|72.1|23.8|91.2|28.6|51.2|0.0|69.8|51.8
Clobetasol propionate|1|10.0|CCC(=O)O[C@]1(C(=O)CCl)[C@@H](C)C[C@H]2[C@@H]3CCC4=CC(=O)C=C[C@]4(C)[C@@]3(F)[C@@H](O)C[C@@]21C|110|9.0|73.2|0.0|0.0|64.8|0.0|16.0|0.0|0.0|0.0|79.3|0.0|0.0
Clobetasol propionate|1|30.0|CCC(=O)O[C@]1(C(=O)CCl)[C@@H](C)C[C@H]2[C@@H]3CCC4=CC(=O)C=C[C@]4(C)[C@@]3(F)[C@@H](O)C[C@@]21C|98|20.2|70.0|0.0|0.0|47.0|0.0|47.9|0.0|0.0|0.0|67.7|0.0|0.0
Cycloheximide|1|1.0|C[C@H]1C[C@H](C)C(=O)[C@H]([C@H](O)CC2CC(=O)NC(=O)C2)C1|73|46.6|0.0|0.0|66.3|0.0|65.7|19.8|40.5|45.2|98.7|0.0|59.5|59.7
Cycloheximide|1|3.0|C[C@H]1C[C@H](C)C(=O)[C@H]([C@H](O)CC2CC(=O)NC(=O)C2)C1|63|46.3|0.0|0.0|45.1|0.0|49.7|18.9|26.3|40.2|92.3|0.0|38.0|47.9
Cycloheximide|1|10.0|C[C@H]1C[C@H](C)C(=O)[C@H]([C@H](O)CC2CC(=O)NC(=O)C2)C1|53|51.6|50.1|0.9|0.0|56.2|0.0|15.9|0.0|0.0|43.5|31.5|0.0|26.9
Cycloheximide|1|10.0|C[C@H]1C[C@H](C)C(=O)[C@H]([C@H](O)CC2CC(=O)NC(=O)C2)C1|60|32.3|55.2|0.5|0.0|58.2|0.0|14.0|0.0|0.0|19.2|54.1|0.0|5.4
Cycloheximide|1|30.0|C[C@H]1C[C@H](C)C(=O)[C@H]([C@H](O)CC2CC(=O)NC(=O)C2)C1|54|45.6|45.6|0.0|0.0|50.6|0.0|21.4|0.0|0.0|43.5|24.3|3.7|33.1
Cycloheximide|1|30.0|C[C@H]1C[C@H](C)C(=O)[C@H]([C@H](O)CC2CC(=O)NC(=O)C2)C1|63|37.1|45.7|0.0|31.5|2.5|25.1|19.3|19.1|35.7|57.3|0.0|42.0|71.6
Cycloheximide|1|50.0|C[C@H]1C[C@H](C)C(=O)[C@H]([C@H](O)CC2CC(=O)NC(=O)C2)C1|50|38.5|58.0|0.0|0.0|48.5|0.0|20.7|0.0|4.9|29.5|26.2|2.0|41.7
Dienestrol|1|30.0|C/C=C(C(=C/C)/c1ccc(O)cc1)\c1ccc(O)cc1|88|14.7|0.0|4.6|56.7|0.0|48.7|12.8|61.7|32.8|19.9|0.0|78.7|25.3
Trimipramine (maleate)|1|10.0|CC(CN(C)C)CN1c2ccccc2CCc2ccccc21|102|26.3|0.0|0.0|82.3|0.0|80.4|15.7|88.5|41.9|52.2|0.0|71.4|55.4
Trimipramine (maleate)|1|30.0|CC(CN(C)C)CN1c2ccccc2CCc2ccccc21|102|57.9|0.0|0.0|78.5|0.0|75.9|0.5|95.0|35.9|43.7|0.0|66.6|46.0
Trimipramine (maleate)|2|10.0|CC(CN(C)C)CN1c2ccccc2CCc2ccccc21|94|13.8|0.0|0.0|71.5|0.0|64.6|15.7|91.0|24.9|37.4|0.0|70.2|45.0
Trimipramine (maleate)|2|30.0|CC(CN(C)C)CN1c2ccccc2CCc2ccccc21|75|84.6|0.0|0.0|77.8|0.0|75.6|18.9|89.5|33.7|50.0|0.0|76.1|50.8
Sulconazole (mononitrate)|1|30.0|Clc1ccc(CSC(Cn2ccnc2)c2ccc(Cl)cc2Cl)cc1|94|34.9|27.7|0.0|50.8|0.0|53.1|55.2|58.4|18.7|56.7|0.0|51.7|69.3
Sulfamonomethoxine|1|30.0|COc1cc(NS(=O)(=O)c2ccc(N)cc2)ncn1|104|19.3|26.4|0.0|0.0|29.7|0.0|0.0|0.0|0.0|0.0|53.6|0.0|0.0
Propantheline bromide|2|30.0|CC(C)[N+](C)(CCOC(=O)C1c2ccccc2Oc2ccccc21)C(C)C|92|6.4|0.0|1.5|25.1|4.1|19.1|20.1|27.4|19.0|43.0|0.0|43.4|28.6
Ifosfamide|1|30.0|O=P1(NCCCl)OCCCN1CCCl|102|12.8|58.7|0.0|0.0|63.3|0.0|0.0|0.0|0.0|0.0|79.1|0.0|0.0
Ethopropazine hydrochloride|1|10.0|CCN(CC)C(C)CN1c2ccccc2Sc2ccccc21|100|27.6|0.0|0.0|78.6|0.0|76.4|26.6|81.1|39.2|49.7|0.0|71.3|51.3
Ethopropazine hydrochloride|1|30.0|CCN(CC)C(C)CN1c2ccccc2Sc2ccccc21|97|54.2|0.0|0.0|82.7|0.0|80.7|7.8|96.9|41.4|49.4|0.0|70.8|49.7
Ethopropazine hydrochloride|2|30.0|CCN(CC)C(C)CN1c2ccccc2Sc2ccccc21|99|32.0|0.0|0.0|74.4|0.0|70.7|14.4|90.3|37.5|32.3|0.0|68.3|34.2
Levobunolol (hydrochloride)|1|30.0|CC(C)(C)NC[C@H](O)COc1cccc2c1CCCC2=O|97|8.6|0.0|0.0|7.2|7.2|0.0|38.1|26.5|0.0|18.6|4.7|22.4|0.0
Equilin|1|30.0|C[C@]12CC[C@H]3C(=CCc4cc(O)ccc43)[C@@H]1CCC2=O|96|16.4|0.0|0.0|66.2|0.0|70.3|6.9|88.8|37.9|24.5|0.0|57.6|40.6
Paroxetine (hydrochloride)|1|2.0|Fc1ccc([C@@H]2CCNC[C@H]2COc2ccc3c(c2)OCO3)cc1|92|7.6|0.0|0.0|71.4|0.0|73.4|0.0|75.1|46.3|38.8|0.0|49.8|47.0
Paroxetine (hydrochloride)|1|10.0|Fc1ccc([C@@H]2CCNC[C@H]2COc2ccc3c(c2)OCO3)cc1|99|37.0|0.0|0.0|77.6|0.0|72.8|10.2|89.2|35.5|49.7|0.0|68.2|60.4
Roxithromycin|1|10.0|CC[C@H]1OC(=O)[C@H](C)[C@@H](O[C@H]2C[C@@](C)(OC)[C@@H](O)[C@H](C)O2)[C@H](C)[C@@H](O[C@@H]2O[C@H](C)C[C@H](N(C)C)[C@H]2O)[C@](C)(O)C[C@@H](C)/C(=N\OCOCCOC)[C@H](C)[C@@H](O)[C@]1(C)O|93|5.5|0.0|0.0|40.6|0.0|32.5|1.0|39.5|24.3|34.2|0.0|41.3|24.9
Roxithromycin|1|30.0|CC[C@H]1OC(=O)[C@H](C)[C@@H](O[C@H]2C[C@@](C)(OC)[C@@H](O)[C@H](C)O2)[C@H](C)[C@@H](O[C@@H]2O[C@H](C)C[C@H](N(C)C)[C@H]2O)[C@](C)(O)C[C@@H](C)/C(=N\OCOCCOC)[C@H](C)[C@@H](O)[C@]1(C)O|104|7.4|0.0|0.0|56.9|0.0|56.3|0.0|71.2|34.0|27.7|0.0|51.4|12.9
Beclometasone dipropionate|1|10.0|CCC(=O)OCC(=O)[C@@]1(OC(=O)CC)[C@@H](C)C[C@H]2[C@@H]3CCC4=CC(=O)C=C[C@]4(C)[C@@]3(Cl)[C@@H](O)C[C@@]21C|96|10.7|72.0|0.0|0.0|80.1|0.0|11.8|0.0|0.0|0.0|81.5|0.0|0.0
Beclometasone dipropionate|1|30.0|CCC(=O)OCC(=O)[C@@]1(OC(=O)CC)[C@@H](C)C[C@H]2[C@@H]3CCC4=CC(=O)C=C[C@]4(C)[C@@]3(Cl)[C@@H](O)C[C@@]21C|101|17.4|46.8|0.0|0.0|30.7|0.0|38.0|28.1|0.0|0.0|33.4|9.8|3.9
Doxazosin mesylate|1|10.0|COc1cc2nc(N3CCN(C(=O)C4COc5ccccc5O4)CC3)nc(N)c2cc1OC|103|10.0|0.0|0.0|74.4|0.0|73.7|32.4|83.4|34.8|43.5|0.0|72.4|47.9
Doxazosin mesylate|2|10.0|COc1cc2nc(N3CCN(C(=O)C4COc5ccccc5O4)CC3)nc(N)c2cc1OC|99|18.5|0.0|0.0|64.9|0.0|66.3|29.2|75.1|30.7|26.7|0.0|71.9|33.1
Gabapentin|1|30.0|NCC1(CC(=O)O)CCCCC1|104|11.6|31.6|2.5|0.0|36.9|0.0|0.0|0.0|0.0|0.0|55.4|0.0|0.0
Raloxifene (hydrochloride)|1|3.0|O=C(c1ccc(OCCN2CCCCC2)cc1)c1c(-c2ccc(O)cc2)sc2cc(O)ccc12|105|17.8|0.0|0.0|57.1|0.0|66.9|24.5|73.0|26.1|52.8|0.0|60.1|21.2
Raloxifene (hydrochloride)|1|10.0|O=C(c1ccc(OCCN2CCCCC2)cc1)c1c(-c2ccc(O)cc2)sc2cc(O)ccc12|97|70.3|0.0|0.0|75.3|0.0|76.1|24.5|89.2|33.9|45.5|0.0|72.5|48.8
Azacytidine-5|1|10.0|Nc1ncn(C2O[C@H](CO)[C@@H](O)[C@H]2O)c(=O)n1|64|23.5|25.4|15.8|0.0|53.7|0.0|0.0|0.0|0.0|13.2|43.3|0.0|0.0
Azacytidine-5|1|30.0|Nc1ncn(C2O[C@H](CO)[C@@H](O)[C@H]2O)c(=O)n1|76|34.5|0.0|2.5|47.4|0.0|37.6|0.0|40.1|36.8|54.5|0.0|64.8|43.9
Digoxigenin|1|10.0|C[C@]12CC[C@H](O)C[C@H]1CC[C@@H]1[C@@H]2C[C@@H](O)[C@]2(C)[C@@H](C3=CC(=O)OC3)CC[C@]12O|60|30.7|0.0|34.8|0.0|8.7|0.0|0.0|0.0|53.8|12.7|19.3|0.0|0.0
Digoxigenin|1|30.0|C[C@]12CC[C@H](O)C[C@H]1CC[C@@H]1[C@@H]2C[C@@H](O)[C@]2(C)[C@@H](C3=CC(=O)OC3)CC[C@]12O|53|44.4|0.0|0.0|62.1|0.0|61.4|0.0|31.9|91.7|42.1|0.0|59.9|55.8
Promethazine hydrochloride|1|10.0|CC(CN1c2ccccc2Sc2ccccc21)N(C)C|110|18.5|0.0|0.0|68.6|0.0|65.0|10.9|86.6|30.6|33.1|0.0|62.5|35.7
Promethazine hydrochloride|1|30.0|CC(CN1c2ccccc2Sc2ccccc21)N(C)C|99|57.2|0.0|0.0|73.7|0.0|67.9|4.2|94.0|25.1|40.7|0.0|63.5|45.5
Promethazine hydrochloride|2|30.0|CC(CN1c2ccccc2Sc2ccccc21)N(C)C|93|72.7|0.0|0.0|78.6|0.0|74.0|14.8|93.7|34.6|48.1|0.0|72.1|54.2
Pindolol|2|30.0|CC(C)NCC(O)COc1cccc2[nH]ccc12|91|9.3|0.0|6.3|35.0|0.0|35.9|33.6|58.2|0.0|32.2|0.0|44.2|8.1
Urapidil (hydrochloride)|2|30.0|COc1ccccc1N1CCN(CCCNc2cc(=O)n(C)c(=O)n2C)CC1|96|6.7|0.0|0.0|52.7|0.0|58.0|35.4|56.5|28.3|43.0|0.0|54.0|18.6
Fluspirilene|1|10.0|O=C1NCN(c2ccccc2)C12CCN(CCCC(c1ccc(F)cc1)c1ccc(F)cc1)CC2|88|79.8|0.0|0.0|78.3|0.0|78.3|29.8|90.0|33.0|58.8|0.0|72.7|62.8
Fluspirilene|1|30.0|O=C1NCN(c2ccccc2)C12CCN(CCCC(c1ccc(F)cc1)c1ccc(F)cc1)CC2|99|55.6|0.0|0.0|62.0|0.0|59.1|17.0|90.5|9.5|33.6|0.0|57.0|34.0
Fluspirilene|2|1.0|O=C1NCN(c2ccccc2)C12CCN(CCCC(c1ccc(F)cc1)c1ccc(F)cc1)CC2|108|29.9|0.0|0.0|66.4|0.0|65.7|10.1|92.8|22.5|20.5|0.0|62.0|30.9
Fluspirilene|2|3.0|O=C1NCN(c2ccccc2)C12CCN(CCCC(c1ccc(F)cc1)c1ccc(F)cc1)CC2|101|57.2|0.0|0.0|69.6|0.0|68.8|13.6|96.4|22.9|36.9|0.0|62.6|36.4
Fluspirilene|2|10.0|O=C1NCN(c2ccccc2)C12CCN(CCCC(c1ccc(F)cc1)c1ccc(F)cc1)CC2|104|67.7|0.0|0.0|71.2|0.0|70.9|21.1|94.6|24.7|38.1|0.0|64.4|42.1
Nisoxetine hydrochloride, LY-94,939|2|10.0|CNCCC(Oc1ccccc1OC)c1ccccc1|98|6.2|0.0|0.0|57.2|0.0|63.7|0.0|64.8|49.4|29.5|0.0|43.5|45.3
Nisoxetine hydrochloride, LY-94,939|2|30.0|CNCCC(Oc1ccccc1OC)c1ccccc1|110|14.9|0.0|0.0|72.6|0.0|65.3|8.1|84.9|39.5|46.6|0.0|60.8|39.1
(+)-Isoproterenol (+)-bitartrate salt|1|10.0|CC(C)NC[C@@H](O)c1ccc(O)c(O)c1|96|9.3|6.6|0.0|56.9|1.0|48.6|23.6|75.4|12.7|46.1|0.0|66.5|53.3
(+)-Isoproterenol (+)-bitartrate salt|1|30.0|CC(C)NC[C@@H](O)c1ccc(O)c(O)c1|101|6.4|9.9|0.0|58.2|0.0|52.2|30.2|73.1|13.0|54.7|0.0|66.2|60.8
Monobenzone|1|10.0|Oc1ccc(OCc2ccccc2)cc1|83|22.3|43.2|28.4|0.0|95.8|0.0|3.6|0.0|0.0|0.0|76.1|0.0|0.0
Monobenzone|1|30.0|Oc1ccc(OCc2ccccc2)cc1|72|23.0|48.4|33.5|0.0|93.1|0.0|0.0|0.0|0.0|0.0|76.9|0.0|0.0
Nitrendipine|1|30.0|CCOC(=O)C1=C(C)NC(C)=C(C(=O)OC)C1c1cccc([N+](=O)[O-])c1|92|24.9|0.0|0.0|38.7|0.0|39.1|50.0|48.3|23.6|36.5|0.0|63.8|22.5
Nitrendipine|2|30.0|CCOC(=O)C1=C(C)NC(C)=C(C(=O)OC)C1c1cccc([N+](=O)[O-])c1|96|6.6|0.0|0.0|44.6|0.0|43.5|48.1|61.0|27.2|25.5|0.0|70.8|31.1
Nimodipine|1|30.0|COCCOC(=O)C1=C(C)NC(C)=C(C(=O)OC(C)C)C1c1cccc([N+](=O)[O-])c1|100|15.9|0.0|0.0|25.8|0.0|18.7|40.0|36.2|5.2|11.4|0.0|44.5|0.1
Nimodipine|2|30.0|COCCOC(=O)C1=C(C)NC(C)=C(C(=O)OC(C)C)C1c1cccc([N+](=O)[O-])c1|85|11.2|0.0|8.7|15.4|0.0|11.1|32.4|33.2|0.0|6.4|0.0|28.0|0.0
Thioperamide maleate, MR 12842|1|10.0|S=C(NC1CCCCC1)N1CCC(c2c[nH]cn2)CC1|101|8.8|0.0|0.0|87.8|0.0|84.9|15.9|76.1|52.8|63.5|0.0|78.8|66.3
Thioperamide maleate, MR 12842|2|30.0|S=C(NC1CCCCC1)N1CCC(c2c[nH]cn2)CC1|96|5.4|0.0|0.0|76.8|0.0|64.8|10.8|61.3|53.8|65.1|0.0|77.8|64.2
Idazoxan hydrochloride, RX 781094|1|10.0|c1ccc2c(c1)OCC(C1=NCCN1)O2|90|16.1|67.8|4.2|0.0|85.7|0.0|16.1|0.0|0.0|0.0|68.0|0.0|0.0
Idazoxan hydrochloride, RX 781094|2|30.0|c1ccc2c(c1)OCC(C1=NCCN1)O2|78|20.7|56.3|19.3|0.0|85.2|0.0|22.9|0.0|0.0|0.0|58.7|0.0|0.0
Quinapril (hydrochloride)|1|30.0|CCOC(=O)[C@H](CCc1ccccc1)N[C@@H](C)C(=O)N1Cc2ccccc2C[C@H]1C(=O)O|93|9.3|1.9|0.0|48.2|0.0|49.3|34.0|58.3|19.8|48.4|0.0|52.8|42.4
Protriptyline (hydrochloride)|1|10.0|CNCCCC1c2ccccc2C=Cc2ccccc21|101|32.1|0.0|0.0|79.0|0.0|75.6|15.6|90.5|31.9|56.0|0.0|70.1|52.6
Protriptyline (hydrochloride)|1|30.0|CNCCCC1c2ccccc2C=Cc2ccccc21|95|81.0|0.0|0.0|75.3|0.0|71.1|5.9|90.8|31.2|47.5|0.0|71.2|50.4
Protriptyline (hydrochloride)|2|10.0|CNCCCC1c2ccccc2C=Cc2ccccc21|101|10.5|0.0|0.0|61.8|0.0|55.9|0.0|86.6|28.9|18.2|0.0|51.7|27.4
Protriptyline (hydrochloride)|2|30.0|CNCCCC1c2ccccc2C=Cc2ccccc21|99|77.4|0.0|0.0|80.3|0.0|78.3|9.5|94.2|38.3|48.8|0.0|75.6|49.7
Azathioprine|1|10.0|Cn1cnc([N+](=O)[O-])c1Sc1ncnc2[nH]cnc12|98|10.0|33.1|0.0|29.0|23.2|26.0|10.0|51.8|0.0|16.0|0.0|34.9|55.3
Azathioprine|1|30.0|Cn1cnc([N+](=O)[O-])c1Sc1ncnc2[nH]cnc12|95|5.7|15.9|0.0|26.2|21.9|26.3|41.1|51.0|0.0|35.0|0.0|42.0|41.2
Phenoxybenzamine (hydrochloride)|1|30.0|CC(COc1ccccc1)N(CCCl)Cc1ccccc1|104|5.4|0.0|15.9|0.0|24.7|0.0|25.2|4.7|0.0|0.0|37.4|0.4|0.0
Salmeterol|1|3.0|OCc1cc(C(O)CNCCCCCCOCCCCc2ccccc2)ccc1O|102|6.7|27.2|0.0|52.4|0.0|46.3|14.3|71.1|13.3|26.1|0.0|44.5|41.5
Salmeterol|1|10.0|OCc1cc(C(O)CNCCCCCCOCCCCc2ccccc2)ccc1O|90|39.9|0.0|0.0|76.7|0.0|73.0|17.4|87.4|32.6|52.0|0.0|68.5|56.0
Prazosin hydrochloride|1|10.0|COc1cc2nc(N3CCN(C(=O)c4ccco4)CC3)nc(N)c2cc1OC|101|5.4|0.0|57.6|0.0|3.6|0.0|27.1|9.7|0.0|0.0|0.0|34.5|0.0
Guanabenz (Acetate)|1|30.0|N=C(N)N/N=C/c1c(Cl)cccc1Cl|93|7.1|0.0|0.0|70.4|0.0|71.3|33.1|79.1|17.4|54.2|0.0|70.2|62.4
Guanabenz (Acetate)|2|30.0|N=C(N)N/N=C/c1c(Cl)cccc1Cl|96|42.0|0.0|0.0|74.5|0.0|73.7|27.7|88.2|29.8|49.6|0.0|76.1|46.2
Methacycline hydrochloride|1|30.0|C=C1c2cccc(O)c2C(=O)C2=C(O)[C@]3(O)C(=O)C(C(N)=O)=C(O)[C@@H](N(C)C)[C@@H]3[C@@H](O)[C@H]12|100|32.6|16.4|0.0|0.0|16.1|0.0|0.0|24.3|0.0|0.0|23.0|0.0|0.0
Disulfiram|2|30.0|CCN(CC)C(=S)SSC(=S)N(CC)CC|59|10.0|0.0|39.3|5.3|32.2|18.2|31.6|12.4|25.0|36.0|0.0|27.3|10.2
Naftopidil dihydrochloride, KT-611 dihydrochloride|1|30.0|COc1ccccc1N1CCN(CC(O)COc2cccc3ccccc23)CC1|101|52.2|0.0|0.0|69.4|0.0|70.4|23.7|89.1|20.7|41.6|0.0|68.5|38.4
Naftopidil dihydrochloride, KT-611 dihydrochloride|2|10.0|COc1ccccc1N1CCN(CC(O)COc2cccc3ccccc23)CC1|106|6.4|0.0|0.0|46.3|0.0|42.8|18.5|72.2|16.0|13.0|0.0|48.1|18.5
Naftopidil dihydrochloride, KT-611 dihydrochloride|2|30.0|COc1ccccc1N1CCN(CC(O)COc2cccc3ccccc23)CC1|96|72.2|0.0|0.0|59.9|0.0|64.1|35.3|73.3|18.6|46.5|0.0|62.7|36.9
Memantine hydrochloride|1|30.0|CC12CC3CC(C)(C1)CC(N)(C3)C2|98|6.2|0.0|0.0|66.3|0.0|65.8|27.3|72.5|22.1|48.8|0.0|65.2|57.1
Mianserin (hydrochloride)|2|10.0|CN1CCN2c3ccccc3Cc3ccccc3C2C1|88|6.4|57.8|0.0|15.4|11.9|15.9|21.1|21.9|2.2|25.0|0.0|16.8|56.7
Mianserin (hydrochloride)|2|30.0|CN1CCN2c3ccccc3Cc3ccccc3C2C1|68|16.4|21.0|0.0|48.1|0.0|55.8|60.5|50.7|38.3|54.3|0.0|62.8|69.2
Pizotyline malate|1|10.0|CN1CCC(=C2c3ccccc3CCc3sccc32)CC1|99|11.6|0.0|0.0|62.3|0.0|65.2|0.0|69.7|42.8|37.8|0.0|51.8|46.6
Pizotyline malate|1|30.0|CN1CCC(=C2c3ccccc3CCc3sccc32)CC1|102|59.9|0.0|0.0|71.7|0.0|70.0|20.8|96.6|26.5|37.6|0.0|67.7|47.2
Fluvoxamine (maleate)|1|10.0|COCCCC/C(=N\OCCN)c1ccc(C(F)(F)F)cc1|107|7.3|0.0|0.0|75.0|0.0|70.6|0.8|82.4|33.8|29.3|0.0|61.6|43.7
Fluvoxamine (maleate)|1|30.0|COCCCC/C(=N\OCCN)c1ccc(C(F)(F)F)cc1|97|35.6|0.0|0.0|69.6|0.0|67.0|23.4|94.0|22.8|41.2|0.0|67.4|46.7
Fluvoxamine (maleate)|2|10.0|COCCCC/C(=N\OCCN)c1ccc(C(F)(F)F)cc1|103|5.2|0.0|0.0|72.2|0.0|67.5|25.3|81.1|26.8|59.1|0.0|71.5|49.7
Fluvoxamine (maleate)|2|30.0|COCCCC/C(=N\OCCN)c1ccc(C(F)(F)F)cc1|94|60.3|0.0|0.0|65.0|0.0|66.7|32.9|81.0|20.1|52.6|0.0|67.7|48.4
Chloroguanide hydrochloride|1|30.0|CC(C)NC(=N)NC(=N)Nc1ccc(Cl)cc1|96|26.6|0.0|0.0|80.4|0.0|79.8|37.6|68.2|44.2|60.8|0.0|73.5|68.3
Estrone, Folliculin|2|30.0|C[C@]12CC[C@@H]3c4ccc(O)cc4CC[C@H]3[C@@H]1CCC2=O|87|14.5|0.0|0.0|79.4|0.0|80.9|14.9|87.6|49.1|42.7|0.0|69.5|47.7
FLI-06|2|2.0|CC1=C(C(=O)OC2CCCCC2)C(c2ccc([N+](=O)[O-])cc2)C2=C(CC(C)(C)CC2=O)N1|96|10.7|23.0|0.0|28.2|0.0|39.4|65.4|29.8|17.3|41.6|0.0|39.1|50.4
FLI-06|2|10.0|CC1=C(C(=O)OC2CCCCC2)C(c2ccc([N+](=O)[O-])cc2)C2=C(CC(C)(C)CC2=O)N1|74|83.4|0.0|0.0|86.7|0.0|87.1|33.4|74.2|59.7|65.6|0.0|83.5|75.1
JW 55|2|2.0|COc1ccc(C2(CNC(=O)c3ccc(NC(=O)c4ccco4)cc3)CCOCC2)cc1|102|8.6|0.0|0.0|44.3|0.0|41.9|41.1|42.7|19.1|32.3|0.0|48.1|31.7
-Lapachone|2|10.0|CC1(C)CCC2=C(O1)c1ccccc1C(=O)C2=O|58|64.6|0.0|0.8|29.9|0.0|36.7|24.5|31.2|39.5|47.7|0.0|31.6|18.2
LY-53,857 maleate|1|30.0|CC(O)C(C)OC(=O)[C@@H]1C[C@@H]2c3cccc4c3c(cn4C(C)C)C[C@H]2N(C)C1|97|40.6|0.0|0.0|67.9|0.0|69.2|25.7|76.1|30.8|44.5|0.0|63.9|28.8
YM 976|1|30.0|CCc1ccc2c(-c3cccc(Cl)c3)nc(=O)n(CC)c2n1|108|20.9|0.0|0.0|36.0|0.0|41.1|57.9|40.5|9.6|34.1|0.0|48.3|22.0
R 59-022|1|30.0|Cc1nc2sccn2c(=O)c1CCN1CCC(=C(c2ccccc2)c2ccc(F)cc2)CC1|91|21.9|0.0|0.0|34.5|0.0|39.0|34.6|66.3|0.7|12.7|0.0|40.1|11.2
CBIQ|1|30.0|Clc1nccc2c1ccc1ccccc12|97|5.4|0.0|0.0|57.3|0.0|51.5|35.8|67.8|6.0|27.4|0.0|60.5|48.1
TBBz|1|30.0|Brc1c(Br)c(Br)c2[nH]cnc2c1Br|66|23.7|30.4|10.5|0.0|80.9|0.0|16.1|7.4|0.0|0.0|45.3|16.3|1.3
Lercanidipine hydrochloride hemihydrate|1|10.0|COC(=O)C1=C(C)NC(C)=C(C(=O)OC(C)(C)CN(C)CCC(c2ccccc2)c2ccccc2)C1c1cccc([N+](=O)[O-])c1|98|44.0|0.0|0.0|70.4|0.0|69.4|38.3|76.6|24.0|48.2|0.0|70.9|50.1
Lercanidipine hydrochloride hemihydrate|1|30.0|COC(=O)C1=C(C)NC(C)=C(C(=O)OC(C)(C)CN(C)CCC(c2ccccc2)c2ccccc2)C1c1cccc([N+](=O)[O-])c1|80|82.2|0.0|0.0|82.3|0.0|80.8|39.0|79.6|43.3|74.1|0.0|80.7|72.7
AS-252424|1|30.0|O=C1NC(=O)/C(=C/c2ccc(-c3ccc(F)cc3O)o2)S1|97|16.1|14.0|4.9|10.0|18.3|23.5|0.0|33.9|7.5|0.0|0.0|0.0|11.2
Biperiden (Hydrochloride)|1|30.0|OC(CCN1CCCCC1)(c1ccccc1)C1CC2C=CC1C2|102|67.4|0.0|0.0|73.9|0.0|76.6|29.7|84.1|29.7|56.0|0.0|70.7|48.4
DAPH, CGP 52411|1|30.0|O=C1NC(=O)c2cc(Nc3ccccc3)c(Nc3ccccc3)cc21|88|37.8|0.0|0.0|32.7|0.0|33.7|37.7|53.7|9.9|19.2|0.0|45.5|7.1
Supercinnamaldehyde|1|10.0|CC(=O)/C=C1\C(=O)N(C)c2ccccc21|98|5.4|56.1|0.0|0.0|81.6|0.0|18.1|0.0|0.0|0.0|62.5|0.0|0.0
Supercinnamaldehyde|1|30.0|CC(=O)/C=C1\C(=O)N(C)c2ccccc21|50|24.2|17.3|42.3|0.0|75.1|0.0|5.5|0.0|0.0|0.0|49.8|0.0|0.0
GR 79236X|1|30.0|OC[C@H]1OC(n2cnc3c(N[C@H]4CCC[C@@H]4O)ncnc32)[C@H](O)[C@@H]1O|86|9.8|0.0|1.6|53.2|0.0|49.7|10.2|46.9|41.6|57.8|0.0|60.3|35.9
DMAT|1|10.0|CN(C)c1nc2c(Br)c(Br)c(Br)c(Br)c2[nH]1|92|8.3|0.0|0.0|46.2|2.2|52.8|45.1|65.0|8.4|49.5|0.0|55.5|44.6
DMAT|1|30.0|CN(C)c1nc2c(Br)c(Br)c(Br)c(Br)c2[nH]1|63|34.7|24.0|22.0|0.0|77.3|0.0|26.2|8.1|0.0|0.0|57.1|0.0|0.0
Ebastine|1|10.0|CC(C)(C)c1ccc(C(=O)CCCN2CCC(OC(c3ccccc3)c3ccccc3)CC2)cc1|89|63.2|0.0|0.0|80.4|0.0|75.7|12.5|92.7|39.8|49.2|0.0|72.2|59.3
Mephetyl tetrazole|1|30.0|COc1ccc(CCn2nnnc2C2(c3ccc(C)cc3)CC2)cc1|92|7.9|26.7|5.5|0.0|29.7|0.0|42.8|0.0|0.0|0.0|57.6|0.0|0.0
N-Desmethylclozapine|1|10.0|Clc1ccc2c(c1)N=C(N1CCNCC1)c1ccccc1N2|98|40.1|0.0|0.0|85.6|0.0|83.9|12.6|91.8|50.6|48.5|0.0|78.4|49.3
N-Desmethylclozapine|1|30.0|Clc1ccc2c(c1)N=C(N1CCNCC1)c1ccccc1N2|93|72.9|0.0|0.0|75.2|0.0|75.4|23.5|91.3|30.8|44.2|0.0|72.9|53.6
AC-93253 iodide|1|10.0|CC[n+]1c(/C=C/C=C2/N(C)c3ccccc3C2(C)C)sc2ccccc21|79|46.1|0.0|0.0|47.9|0.0|33.1|9.8|42.5|2.5|29.4|0.0|47.5|56.1
UCL 2077|1|10.0|c1ccc(C(NCc2cccnc2)(c2ccccc2)c2ccccc2)cc1|97|5.4|58.1|5.6|0.0|79.4|0.0|24.7|0.0|0.0|0.0|82.0|0.0|0.0
UCL 2077|1|30.0|c1ccc(C(NCc2cccnc2)(c2ccccc2)c2ccccc2)cc1|83|30.4|45.2|0.0|0.0|29.2|0.0|57.2|13.2|0.0|15.0|36.5|18.0|13.9
Epinastine (hydrochloride)|1|30.0|NC1=NCC2c3ccccc3Cc3ccccc3N12|94|18.5|0.0|0.0|48.9|0.0|52.3|35.1|48.5|9.7|41.2|0.0|51.9|36.5
NS8593 hydrochloride|1|30.0|c1ccc2c(c1)CCC[C@H]2Nc1nc2ccccc2[nH]1|88|18.5|0.0|0.0|70.1|0.0|75.4|37.5|68.6|25.8|54.9|0.0|68.1|54.5
Phenserine|1|30.0|CN1CC[C@@]2(C)c3cc(OC(=O)Nc4ccccc4)ccc3N(C)[C@@H]12|53|63.6|0.0|5.6|21.6|8.0|21.7|34.5|38.8|13.3|33.2|0.0|35.6|10.4
JX401|1|30.0|COc1cc(SC)ccc1C(=O)N1CCC(Cc2ccccc2)CC1|92|19.9|15.1|0.0|22.1|0.8|17.7|32.5|51.3|0.0|0.0|0.0|35.9|12.3
Paliperidone|1|30.0|Cc1nc2n(c(=O)c1CCN1CCC(c3noc4cc(F)ccc34)CC1)CCCC2O|95|24.5|0.0|0.0|56.3|0.0|54.4|13.7|71.1|23.6|32.7|0.0|58.4|12.6
Ciproxifan hydrochloride|1|30.0|O=C(c1ccc(OCCCc2c[nH]cn2)cc1)C1CC1|96|8.6|0.0|0.0|75.0|0.0|72.4|42.2|63.6|34.0|66.1|0.0|76.2|68.6
"MNS,;3,4-Methylenedioxy-beta-;nitrostyrene"|1|10.0|O=[N+]([O-])/C=C/c1ccc2c(c1)OCO2|65|18.8|6.3|38.9|0.0|73.1|0.0|0.0|0.0|10.5|0.0|47.7|0.0|0.0
"MNS,;3,4-Methylenedioxy-beta-;nitrostyrene"|2|6.0|O=[N+]([O-])/C=C/c1ccc2c(c1)OCO2|51|40.8|0.0|0.0|66.4|0.0|61.3|21.7|41.7|58.3|76.0|0.0|74.6|64.2
N-Methylhistaprodifen dioxalate salt|1|10.0|CNCCc1c[nH]c(CCC(c2ccccc2)c2ccccc2)n1|86|72.7|0.0|0.0|76.2|0.0|73.7|0.0|90.4|37.9|46.7|0.0|68.0|43.3
JFD00244|1|10.0|O=C1c2ccccc2C(=O)c2c(NCCc3ccc(O)cc3)ccc(NCCc3ccc(O)cc3)c21|79|12.4|5.3|0.0|53.4|0.0|39.8|4.8|65.9|22.0|18.9|0.0|48.8|31.6
JFD00244|1|30.0|O=C1c2ccccc2C(=O)c2c(NCCc3ccc(O)cc3)ccc(NCCc3ccc(O)cc3)c21|94|67.9|0.0|0.0|69.3|0.0|66.7|39.0|54.8|38.8|66.9|0.0|61.3|67.7
CPNQ|1|30.0|O=C(c1ccc(Cl)cc1)N1CCN(c2ccc([N+](=O)[O-])c3ncccc23)CC1|86|10.0|1.9|0.0|29.0|0.0|27.8|48.7|59.1|0.0|24.6|0.0|44.6|13.6
CCG-2046|1|10.0|CCCC1(C)C(C#N)(C#N)C1(C#N)C#N|59|13.6|0.0|50.7|0.0|57.0|0.0|2.5|0.0|10.6|0.0|46.2|0.0|0.0
ABT-702 dihydrochloride|1|10.0|Nc1ncnc2nc(-c3ccc(N4CCOCC4)nc3)cc(-c3cccc(Br)c3)c12|101|21.9|0.0|0.0|65.5|0.0|63.6|34.7|86.7|20.7|37.6|0.0|59.6|41.6
ABT-702 dihydrochloride|1|30.0|Nc1ncnc2nc(-c3ccc(N4CCOCC4)nc3)cc(-c3cccc(Br)c3)c12|91|46.5|0.0|0.0|43.1|0.0|47.9|48.0|65.2|1.8|33.3|0.0|51.8|29.7
U-73343|1|1.0|COc1ccc2c(c1)CCC1C2CC[C@@]2(C)C1CC[C@@H]2NCCCCCCN1C(=O)CCC1=O|101|27.1|0.0|0.0|72.0|0.0|71.2|18.0|91.6|26.7|39.9|0.0|71.1|36.1
U-73343|1|3.0|COc1ccc2c(c1)CCC1C2CC[C@@]2(C)C1CC[C@@H]2NCCCCCCN1C(=O)CCC1=O|94|59.9|0.0|0.0|78.5|0.0|76.1|17.6|96.2|33.8|54.6|0.0|73.8|52.5
U-73343|1|10.0|COc1ccc2c(c1)CCC1C2CC[C@@]2(C)C1CC[C@@H]2NCCCCCCN1C(=O)CCC1=O|99|51.3|0.0|0.0|79.5|0.0|77.9|5.2|93.6|44.9|45.5|0.0|68.9|42.8
U-73343|1|30.0|COc1ccc2c(c1)CCC1C2CC[C@@]2(C)C1CC[C@@H]2NCCCCCCN1C(=O)CCC1=O|88|73.4|0.0|0.0|77.2|0.0|75.1|20.8|93.4|35.3|51.1|0.0|74.0|48.4
Olvanil, N-Vannilyloleoylamide|1|30.0|CCCCCCCC/C=C\CCCCCCCC(=O)NCc1ccc(O)c(OC)c1|102|27.8|0.0|0.0|68.1|0.0|66.9|51.7|62.9|37.4|68.4|0.0|77.3|54.2
Ro 90-7501|1|10.0|Nc1ccc(-c2nc3ccc(-c4nc5cc(N)ccc5[nH]4)cc3[nH]2)cc1|98|17.4|10.2|20.2|0.0|15.1|0.0|6.8|0.0|0.0|0.0|46.5|0.0|0.0
Ro 90-7501|1|30.0|Nc1ccc(-c2nc3ccc(-c4nc5cc(N)ccc5[nH]4)cc3[nH]2)cc1|91|40.6|21.1|31.3|0.0|44.6|0.0|10.2|0.0|0.0|0.0|68.7|0.0|0.0
CyPPA|1|30.0|Cc1cc(NC2CCCCC2)nc(-n2nc(C)cc2C)n1|91|12.8|0.0|17.1|13.3|5.0|6.2|32.8|38.0|0.0|16.2|0.0|31.8|0.0
SB 525334|1|0.2|Cc1cccc(-c2[nH]c(C(C)(C)C)nc2-c2ccc3nccnc3c2)n1|104|6.0|0.0|0.1|51.1|0.0|54.4|0.0|15.1|65.1|27.7|0.0|45.8|16.1
SB 525334|1|2.0|Cc1cccc(-c2[nH]c(C(C)(C)C)nc2-c2ccc3nccnc3c2)n1|94|20.6|0.0|5.3|73.1|0.0|74.1|0.0|46.0|63.7|52.4|0.0|67.6|28.2
SB 525334|1|10.0|Cc1cccc(-c2[nH]c(C(C)(C)C)nc2-c2ccc3nccnc3c2)n1|100|21.4|0.0|0.0|30.9|0.0|30.5|23.7|42.4|28.4|25.5|0.0|38.8|8.9
SB 525334|1|30.0|Cc1cccc(-c2[nH]c(C(C)(C)C)nc2-c2ccc3nccnc3c2)n1|92|54.1|0.0|0.0|29.6|0.0|27.7|33.9|41.0|17.4|33.9|0.0|41.1|3.8
SB 525334|2|10.0|Cc1cccc(-c2[nH]c(C(C)(C)C)nc2-c2ccc3nccnc3c2)n1|111|28.3|0.0|0.0|38.9|0.0|42.9|28.0|40.5|32.0|31.9|0.0|46.5|6.2
SB 525334|2|30.0|Cc1cccc(-c2[nH]c(C(C)(C)C)nc2-c2ccc3nccnc3c2)n1|97|44.7|0.0|0.0|33.2|0.0|31.5|27.2|43.6|23.1|28.5|0.0|40.6|1.5
SB 525334|2|50.0|Cc1cccc(-c2[nH]c(C(C)(C)C)nc2-c2ccc3nccnc3c2)n1|90|45.9|0.0|0.0|30.0|0.0|30.6|32.6|41.1|19.2|31.6|0.0|38.9|1.5
BIO|1|10.0|O=C1Nc2cc(Br)ccc2/C1=C1/Nc2ccccc2/C1=N\O|76|65.1|0.0|0.0|68.7|0.0|68.8|50.3|63.3|44.0|51.7|0.0|72.4|55.0
BIO|2|10.0|O=C1Nc2cc(Br)ccc2/C1=C1/Nc2ccccc2/C1=N\O|67|56.3|20.6|0.0|40.0|0.0|44.5|77.9|49.0|18.7|45.9|0.0|62.7|55.0
BIO|3|0.2|O=C1Nc2cc(Br)ccc2/C1=C1/Nc2ccccc2/C1=N\O|107|8.5|0.0|0.0|63.4|0.0|53.5|0.0|38.9|52.9|26.7|0.0|60.2|19.3
BIO|3|2.0|O=C1Nc2cc(Br)ccc2/C1=C1/Nc2ccccc2/C1=N\O|98|24.0|0.0|0.0|70.4|0.0|59.0|19.9|58.0|38.8|60.9|0.0|80.1|57.6
CI-976|1|30.0|CCCCCCCCCCC(C)(C)C(=O)Nc1c(OC)cc(OC)cc1OC|92|13.0|0.0|0.0|54.8|0.0|55.3|48.7|48.4|31.2|57.7|0.0|63.4|59.7
AMN082|1|10.0|c1ccc(C(NCCNC(c2ccccc2)c2ccccc2)c2ccccc2)cc1|85|24.2|0.0|0.0|61.7|0.0|59.9|20.8|78.8|1.9|36.0|0.0|63.7|37.8
AMN082|1|30.0|c1ccc(C(NCCNC(c2ccccc2)c2ccccc2)c2ccccc2)cc1|98|60.1|0.0|0.0|63.0|0.0|61.8|29.5|87.4|16.5|38.3|0.0|63.5|37.2
SB 242084 (hydrochloride)|1|10.0|Cc1cc2c(cc1Cl)N(C(=O)Nc1ccc(Oc3cccnc3C)nc1)CC2|101|27.8|0.0|0.0|87.6|0.0|80.0|0.0|75.9|53.5|58.6|0.0|76.9|58.3
SB 242084 (hydrochloride)|1|30.0|Cc1cc2c(cc1Cl)N(C(=O)Nc1ccc(Oc3cccnc3C)nc1)CC2|85|74.4|0.0|0.0|81.4|0.0|77.6|36.9|74.9|39.2|65.7|0.0|80.7|64.9
LP44|1|3.0|CSc1ccccc1N1CCN(CCCCCC(=O)NC2CCCc3ccccc32)CC1|101|53.2|0.0|0.0|75.2|0.0|72.4|27.7|90.0|22.9|56.4|0.0|74.4|49.8
LP44|1|10.0|CSc1ccccc1N1CCN(CCCCCC(=O)NC2CCCc3ccccc32)CC1|95|65.8|0.0|0.0|81.0|0.0|78.2|18.5|93.4|39.0|50.0|0.0|73.7|51.4
PNU-282987|1|30.0|O=C(N[C@H]1CN2CCC1CC2)c1ccc(Cl)cc1|94|17.6|0.0|12.0|36.8|0.0|47.4|47.5|43.9|5.1|26.9|0.0|47.7|11.7
101,00 ARP|1|30.0|CC(C)ON([C@@H](C(=O)NO)C(C)C)S(=O)(=O)c1ccc(-c2ccccc2)cc1|67|45.6|44.3|16.0|0.0|95.4|0.0|0.0|0.0|0.0|0.0|69.8|0.0|0.0
BF-170 hydrochloride|1|30.0|Nc1ccc(-c2ccc3ccccc3n2)cc1|97|8.5|0.0|0.0|60.7|0.0|59.7|36.9|62.6|46.6|42.3|0.0|72.7|44.6
SID7969543|1|30.0|CCOC(=O)C(C)Oc1cccc2c(=O)n(CC(=O)Nc3ccc4c(c3)OCCO4)ccc12|77|82.6|0.0|0.0|60.2|0.0|60.5|19.7|71.0|40.4|48.4|0.0|72.0|27.6
LP 12 hydrochloride hydrate|1|10.0|O=C(CCCCCN1CCN(c2ccccc2-c2ccccc2)CC1)NC1CCCc2ccccc21|101|41.3|0.0|0.0|77.6|0.0|74.3|5.1|93.5|31.7|56.5|0.0|69.0|42.5
Org 27569|1|30.0|CCc1c(C(=O)NCCc2ccc(N3CCCCC3)cc2)[nH]c2ccc(Cl)cc12|92|11.1|0.0|9.0|66.1|0.0|67.3|20.0|67.7|42.2|38.8|0.0|79.1|38.9
SMER28|1|30.0|C=CCNc1ncnc2ccc(Br)cc12|102|5.4|52.5|14.6|0.0|72.7|0.0|34.4|0.0|0.0|0.0|59.1|0.0|0.0
K114|1|30.0|Oc1ccc(/C=C/c2ccc(/C=C/c3ccc(O)cc3)c(Br)c2)cc1|63|76.9|0.0|0.0|85.7|0.0|86.4|32.3|69.8|60.3|68.8|0.0|89.0|63.5
A-3 (hydrochloride)|1|30.0|NCCNS(=O)(=O)c1cccc2c(Cl)cccc12|100|37.5|0.0|0.0|61.5|0.0|56.2|21.1|87.3|22.3|22.5|0.0|57.9|38.9
Stattic|2|6.0|O=[N+]([O-])c1ccc2c(c1)S(=O)(=O)C=C2|58|23.1|35.0|31.1|0.0|75.2|0.0|38.4|0.0|0.0|0.0|51.3|0.0|0.0
BIX01294 (hydrochloride hydrate)|1|10.0|COc1cc2nc(N3CCCN(C)CC3)nc(NC3CCN(Cc4ccccc4)CC3)c2cc1OC|52|79.3|0.0|0.0|81.2|0.0|80.0|0.0|85.7|49.8|49.0|0.0|73.1|50.9
BIX01294 (hydrochloride hydrate)|3|1.0|COc1cc2nc(N3CCCN(C)CC3)nc(NC3CCN(Cc4ccccc4)CC3)c2cc1OC|83|54.7|0.0|0.0|63.7|0.0|61.6|3.0|85.9|26.3|28.4|0.0|67.3|33.6
BIX01294 (hydrochloride hydrate)|3|3.0|COc1cc2nc(N3CCCN(C)CC3)nc(NC3CCN(Cc4ccccc4)CC3)c2cc1OC|81|81.2|0.0|0.0|66.2|0.0|62.4|0.0|82.7|26.5|44.3|0.0|67.4|41.7
BIX01294 (hydrochloride hydrate)|5|1.0|COc1cc2nc(N3CCCN(C)CC3)nc(NC3CCN(Cc4ccccc4)CC3)c2cc1OC|103|44.2|0.0|0.0|65.6|0.0|64.0|0.0|90.8|28.7|28.2|0.0|61.9|32.9
BIX01294 (hydrochloride hydrate)|5|1.0|COc1cc2nc(N3CCCN(C)CC3)nc(NC3CCN(Cc4ccccc4)CC3)c2cc1OC|90|53.7|0.0|0.0|64.3|0.0|63.8|0.0|89.4|28.8|28.5|0.0|62.7|31.0
BIX01294 (hydrochloride hydrate)|5|3.0|COc1cc2nc(N3CCCN(C)CC3)nc(NC3CCN(Cc4ccccc4)CC3)c2cc1OC|88|77.5|0.0|0.0|67.5|0.0|64.1|0.0|82.0|31.1|43.0|0.0|68.0|38.0
BIX01294 (hydrochloride hydrate)|5|3.0|COc1cc2nc(N3CCCN(C)CC3)nc(NC3CCN(Cc4ccccc4)CC3)c2cc1OC|89|78.9|0.0|0.0|68.4|0.0|65.6|0.0|82.4|32.6|44.1|0.0|68.5|38.2
BAY 61-3606 hydrochloride hydrate|1|10.0|COc1ccc(-c2cc3ncc(C)n3c(Nc3ncccc3C(N)=O)n2)cc1OC|72|22.3|57.7|0.0|0.0|62.2|0.0|37.3|20.6|0.0|0.0|47.2|0.0|2.0
BAY 61-3606 hydrochloride hydrate|1|30.0|COc1ccc(-c2cc3ncc(C)n3c(Nc3ncccc3C(N)=O)n2)cc1OC|65|46.3|24.2|0.0|18.1|27.6|24.0|47.6|54.7|0.0|12.9|1.6|37.9|30.9
L-Beta-threo-benzyl-aspartate|1|30.0|N[C@H](C(=O)O)[C@H](Cc1ccccc1)C(=O)O|90|10.5|0.0|0.0|62.8|0.0|60.0|31.2|74.3|15.5|58.2|0.0|66.9|41.9
Aprindine hydrochloride, Amidonal|1|10.0|CCN(CC)CCCN(c1ccccc1)C1Cc2ccccc2C1|100|32.1|0.0|0.0|74.9|0.0|74.3|17.1|94.4|34.4|38.3|0.0|68.7|40.0
Aprindine hydrochloride, Amidonal|1|30.0|CCN(CC)CCCN(c1ccccc1)C1Cc2ccccc2C1|106|79.4|0.0|0.0|79.2|0.0|79.8|22.7|90.4|34.2|52.8|0.0|74.1|52.6
NU6027|1|10.0|Nc1nc(N)c(N=O)c(OCC2CCCCC2)n1|107|16.2|72.7|0.0|17.4|5.5|7.9|37.1|27.5|0.0|31.0|4.7|21.9|62.3
NU6027|1|30.0|Nc1nc(N)c(N=O)c(OCC2CCCCC2)n1|80|39.6|80.7|0.0|10.9|15.4|6.0|41.8|33.9|0.0|26.4|9.9|18.3|61.4
AMG9810|1|10.0|CC(C)(C)c1ccc(/C=C/C(=O)Nc2ccc3c(c2)OCCO3)cc1|94|33.3|0.0|0.0|84.9|0.0|83.0|19.9|85.2|47.8|58.1|0.0|72.1|60.1
AMG9810|1|30.0|CC(C)(C)c1ccc(/C=C/C(=O)Nc2ccc3c(c2)OCCO3)cc1|93|73.4|0.0|0.0|81.1|0.0|80.3|36.6|84.2|36.5|59.0|0.0|76.8|61.6
A-68930 hydrochloride|1|30.0|NC[C@@H]1O[C@H](c2ccccc2)Cc2c1ccc(O)c2O|90|6.4|2.5|0.0|14.8|0.0|10.7|29.9|39.4|0.5|0.0|5.2|20.4|0.0
PAC-1|1|10.0|C=CCc1cccc(/C=N/NC(=O)CN2CCN(Cc3ccccc3)CC2)c1O|91|25.4|41.0|22.7|0.0|94.5|0.0|0.0|0.0|0.0|0.0|79.2|0.0|0.0
PAC-1|1|30.0|C=CCc1cccc(/C=N/NC(=O)CN2CCN(Cc3ccccc3)CC2)c1O|72|48.4|40.9|16.5|0.0|96.4|0.0|0.0|0.0|0.0|0.0|68.3|0.0|0.0
PAC-1|2|2.0|C=CCc1cccc(/C=N/NC(=O)CN2CCN(Cc3ccccc3)CC2)c1O|101|5.2|14.5|21.7|0.0|69.5|0.0|22.7|0.8|0.0|0.0|43.5|2.0|0.0
PAC-1|2|6.0|C=CCc1cccc(/C=N/NC(=O)CN2CCN(Cc3ccccc3)CC2)c1O|80|19.2|37.8|29.9|0.0|91.8|0.0|0.0|0.0|0.0|0.0|76.6|0.0|0.0
PAC-1|2|10.0|C=CCc1cccc(/C=N/NC(=O)CN2CCN(Cc3ccccc3)CC2)c1O|79|26.9|44.3|26.3|0.0|93.7|0.0|0.0|0.0|0.0|0.0|82.1|0.0|0.0
(+)-Norfenfluramine hydrochloride|1|30.0|C[C@H](N)Cc1cccc(C(F)(F)F)c1|107|5.4|0.0|0.0|65.0|0.0|65.1|27.8|67.8|26.5|50.9|0.0|63.5|33.2
A-134974 dihydrochloride hydrate|1|10.0|Nc1ncnc2c1c(I)cn2[C@@H]1C[C@H](N)[C@@H](O)[C@H]1O|94|18.0|59.7|17.1|0.0|91.2|0.0|0.4|0.0|0.0|0.0|87.5|0.0|0.0
A-134974 dihydrochloride hydrate|1|30.0|Nc1ncnc2c1c(I)cn2[C@@H]1C[C@H](N)[C@@H](O)[C@H]1O|57|39.0|22.5|55.9|0.0|83.7|0.0|0.0|0.0|0.0|0.0|72.3|0.0|0.0
CGP 57380|1|10.0|Nc1ncnc2[nH]nc(Nc3ccc(F)cc3)c12|89|10.2|76.6|0.0|0.0|42.5|0.0|0.2|0.0|0.0|0.0|45.8|0.0|22.2
CGP 57380|1|30.0|Nc1ncnc2[nH]nc(Nc3ccc(F)cc3)c12|93|26.9|70.0|0.0|0.0|19.5|3.1|18.2|11.3|0.0|0.0|17.6|0.0|50.0
SCH 58261|1|10.0|Nc1nc2c(cnn2CCc2ccccc2)c2nc(-c3ccco3)nn12|101|13.1|1.1|0.0|58.1|0.0|58.0|34.4|80.5|21.6|21.4|0.0|54.7|39.2
SCH 58261|1|30.0|Nc1nc2c(cnn2CCc2ccccc2)c2nc(-c3ccco3)nn12|74|65.1|0.0|2.5|61.2|0.0|62.7|31.1|71.3|31.6|51.0|0.0|74.6|36.8
Caroverine hydrochloride|1|30.0|CCN(CC)CCn1c(=O)c(Cc2ccc(OC)cc2)nc2ccccc21|95|31.6|0.0|0.0|43.8|0.0|48.9|32.1|69.6|6.7|24.4|0.0|52.2|9.7
Fulvestrant|1|10.0|C[C@]12CC[C@@H]3c4ccc(O)cc4C[C@@H](CCCCCCCCCS(=O)CCCC(F)(F)C(F)(F)F)[C@H]3[C@@H]1CC[C@@H]2O|95|33.5|0.0|0.0|64.3|0.0|65.4|38.1|78.9|24.3|48.5|0.0|66.5|52.2
Fulvestrant|1|30.0|C[C@]12CC[C@@H]3c4ccc(O)cc4C[C@@H](CCCCCCCCCS(=O)CCCC(F)(F)C(F)(F)F)[C@H]3[C@@H]1CC[C@@H]2O|86|53.4|0.0|0.0|68.4|0.0|71.8|36.9|81.5|33.4|50.0|0.0|67.1|42.5
Clonidine hydrochloride|1|30.0|Clc1cccc(Cl)c1N=C1NCCN1|90|9.8|0.0|0.0|41.4|0.0|37.4|13.7|43.1|32.3|43.5|0.0|52.6|28.9
SANT-1|1|30.0|Cc1nn(-c2ccccc2)c(C)c1/C=N/N1CCN(Cc2ccccc2)CC1|101|21.4|0.0|0.0|32.7|0.0|31.5|36.9|54.8|3.8|10.6|0.0|35.5|0.8
GW405833 hydrochloride|1|10.0|COc1ccc2c(c1)c(CCN1CCOCC1)c(C)n2C(=O)c1cccc(Cl)c1Cl|86|50.9|0.0|0.0|79.3|0.0|76.5|20.8|90.3|33.1|53.3|0.0|70.4|46.8
GW405833 hydrochloride|1|30.0|COc1ccc2c(c1)c(CCN1CCOCC1)c(C)n2C(=O)c1cccc(Cl)c1Cl|100|83.4|0.0|0.0|87.3|0.0|83.5|22.3|92.0|44.3|63.4|0.0|79.3|60.8
BAY 11-7082|1|10.0|Cc1ccc(S(=O)(=O)/C=C/C#N)cc1|93|5.5|0.0|59.2|0.0|42.4|0.0|3.9|0.0|0.0|5.8|7.6|13.7|0.0
S(-)-p-Bromotetramisole oxalate, R 30402 oxalate|1|30.0|Brc1ccc([C@H]2CN3CCSC3=N2)cc1|106|5.5|0.0|0.0|72.8|0.0|73.1|6.1|58.0|44.1|49.7|0.0|65.4|37.4
S-(4-Nitrobenzyl)-6-thioguanosine|1|30.0|Nc1nc(SCc2ccc([N+](=O)[O-])cc2)c2ncn([C@@H]3O[C@H](CO)[C@H](O)C3O)c2n1|86|9.0|0.0|24.8|27.5|0.0|29.4|39.9|32.0|17.2|29.5|0.0|48.1|12.1
TMB-8 hydrochloride|1|10.0|CCN(CC)CCCCCCCCOC(=O)c1cc(OC)c(OC)c(OC)c1|106|20.0|0.0|0.0|81.4|0.0|78.9|14.9|89.5|37.3|56.6|0.0|77.7|51.1
TMB-8 hydrochloride|1|30.0|CCN(CC)CCCCCCCCOC(=O)c1cc(OC)c(OC)c(OC)c1|100|68.9|0.0|0.0|65.1|0.0|65.6|22.8|80.9|21.6|41.3|0.0|65.3|38.8
Aminobenztropine, ABT|1|30.0|CN1C2CCC1CC(OC(c1ccccc1)c1ccccc1N)C2|97|64.2|0.0|0.0|78.9|0.0|77.6|16.0|92.9|42.5|52.5|0.0|74.1|50.2
Arecaidine propargyl ester hydrobromide, APE|1|30.0|C#CCOC(=O)C1=CCCN(C)C1|100|14.5|60.0|21.2|0.0|87.0|0.0|0.0|0.0|0.0|0.0|75.4|0.0|0.0
S(-)-Atenolol|1|30.0|CC(C)NC[C@H](O)COc1ccc(CC(N)=O)cc1|88|6.4|27.7|46.0|0.0|76.1|0.0|0.0|0.0|0.0|0.0|78.1|0.0|0.0
Alaproclate hydrochloride|1|30.0|CC(N)C(=O)OC(C)(C)Cc1ccc(Cl)cc1|91|40.2|0.0|0.0|68.6|0.0|67.3|12.4|87.9|36.9|43.1|0.0|70.9|39.2
A-77636 hydrochloride|1|10.0|NC[C@@H]1O[C@H](C23CC4CC(CC(C4)C2)C3)Cc2c1ccc(O)c2O|84|40.4|4.5|0.0|66.8|0.0|60.6|1.0|84.1|28.1|35.8|0.0|62.1|60.2
(±)-Norepinephrine (+)bitartrate, (±)-Arterenol (+)bitartrate, (±)-Noradrenalin (+)bitartrate|1|10.0|NCC(O)c1ccc(O)c(O)c1|87|9.3|18.7|0.0|39.6|0.0|35.8|0.0|42.2|8.9|14.5|0.0|31.5|44.5
|1|30.0|Nc1ccc2c3c(cccc13)C(=O)NC2=O|84|10.2|23.4|42.7|0.0|60.8|0.0|0.0|0.0|0.0|0.0|50.5|0.0|0.0
Aurintricarboxylic acid|1|10.0|O=C(O)C1=CC(=C(c2ccc(O)c(C(=O)O)c2)c2ccc(O)c(C(=O)O)c2)C=CC1=O|107|5.5|0.0|0.0|32.3|0.5|42.3|0.0|41.1|37.1|0.0|0.0|26.6|28.4
Aurintricarboxylic acid|1|30.0|O=C(O)C1=CC(=C(c2ccc(O)c(C(=O)O)c2)c2ccc(O)c(C(=O)O)c2)C=CC1=O|108|23.0|19.9|0.0|8.2|0.0|31.8|0.0|7.7|30.5|0.0|0.0|0.0|24.6
3'-Azido-3'-deoxythymidine, Azidothymidine, AZT|1|30.0|Cc1cn([C@H]2C[C@@H](N=[N+]=[N-])[C@@H](CO)O2)c(=O)[nH]c1=O|96|15.4|12.1|0.0|10.4|26.9|13.4|25.0|4.4|12.2|36.6|6.3|24.6|33.3
5-Azacytidine|1|10.0|Nc1ncn([C@@H]2O[C@H](CO)[C@@H](O)[C@H]2O)c(=O)n1|66|26.6|2.0|28.1|0.0|60.3|0.0|0.0|0.0|18.3|4.1|22.2|4.8|0.0
5-Azacytidine|1|30.0|Nc1ncn([C@@H]2O[C@H](CO)[C@@H](O)[C@H]2O)c(=O)n1|62|29.4|0.0|26.1|9.9|31.9|4.3|0.0|0.0|34.3|39.5|0.0|33.6|16.7
EIPA|1|10.0|CCN(c1nc(N)c(C(=O)N=C(N)N)nc1Cl)C(C)C|100|8.6|10.9|0.0|51.2|0.0|53.6|30.6|75.8|9.0|33.1|0.0|48.8|51.7
EIPA|1|30.0|CCN(c1nc(N)c(C(=O)N=C(N)N)nc1Cl)C(C)C|94|72.2|0.0|0.0|62.8|0.0|67.0|33.5|85.4|16.2|43.5|0.0|63.1|45.8
Gabaculine hydrochloride|1|30.0|NC1C=CC=C(C(=O)O)C1|77|42.0|0.0|0.0|56.9|0.0|57.0|8.0|55.8|43.6|55.4|0.0|66.3|57.0
Docebenone|1|30.0|CC1=C(C)C(=O)C(CCCCC#CCCCC#CCO)=C(C)C1=O|82|23.1|0.0|0.5|30.8|0.0|31.0|50.3|46.5|1.2|36.4|0.0|51.1|19.0
3-Amino-1-propanesulfonic acid sodium|1|10.0|NCCCS(=O)(=O)O|105|12.8|52.2|0.0|10.1|18.3|3.3|0.0|24.6|0.0|0.0|7.6|5.2|44.9
5-(N,N-Dimethyl)amiloride hydrochloride, DMA|1|30.0|CN(C)c1nc(N)c(C(=O)N=C(N)N)nc1Cl|82|10.5|25.0|31.5|0.0|50.8|0.0|27.4|0.0|0.0|0.0|60.4|0.0|0.0
Azathioprine|1|10.0|Cn1cnc([N+](=O)[O-])c1Sc1ncnc2nc[nH]c12|98|6.7|37.3|0.0|32.3|6.0|26.2|0.0|46.1|15.9|12.0|0.0|32.0|54.7
L-732,138|1|30.0|CC(=O)N[C@@H](Cc1c[nH]c2ccccc12)C(=O)OCc1cc(C(F)(F)F)cc(C(F)(F)F)c1|91|7.6|0.0|2.3|52.0|0.0|51.0|0.0|43.9|52.4|51.4|0.0|60.1|44.7
4-Androsten-4-ol-3,17-dione, 4-OH-A|1|10.0|CC12CCC3C(CCC4=C(O)C(=O)CCC43C)C1CCC2=O|96|16.2|0.0|0.0|67.9|0.0|71.3|0.0|85.8|41.1|30.8|0.0|56.0|38.4
4-Androsten-4-ol-3,17-dione, 4-OH-A|1|30.0|CC12CCC3C(CCC4=C(O)C(=O)CCC43C)C1CCC2=O|100|33.7|0.0|0.0|64.8|0.0|62.4|9.7|89.8|27.1|31.7|0.0|65.1|34.9
A-315456|1|30.0|CCS(=O)(=O)Nc1cccc(C(=C2CCCCC2)c2cnc[nH]2)c1|93|39.4|2.5|0.0|54.4|0.0|57.3|32.0|75.4|18.6|52.2|0.0|57.1|51.8
Actinonin|1|30.0|CCCCC[C@H](CC(=O)NO)C(=O)N[C@H](C(=O)N1CCC[C@H]1CO)C(C)C|96|13.6|32.5|0.0|20.6|17.9|8.3|29.8|39.1|3.0|31.1|0.0|36.9|23.7
Amperozide hydrochloride|1|30.0|CCNC(=O)N1CCN(CCCC(c2ccc(F)cc2)c2ccc(F)cc2)CC1|92|48.4|0.0|0.0|58.6|0.0|63.2|38.2|81.4|15.6|39.1|0.0|62.2|34.8
Allopurinol|1|30.0|Oc1ncnc2[nH]ncc12|103|5.2|34.3|0.0|0.0|17.0|0.0|0.0|0.0|5.8|0.0|34.0|0.0|0.0
Ancitabine hydrochloride, Cyclocytidine hydrochloride, Cyclo-C|1|10.0|N=c1ccn2c(n1)OC1[C@@H](O)[C@@H](CO)O[C@H]12|68|33.5|58.5|17.1|0.0|97.5|0.0|0.0|0.0|0.0|0.0|78.6|0.0|0.0
Ancitabine hydrochloride, Cyclocytidine hydrochloride, Cyclo-C|1|30.0|N=c1ccn2c(n1)OC1[C@@H](O)[C@@H](CO)O[C@H]12|61|31.3|58.2|21.0|0.0|96.7|0.0|0.2|0.0|0.0|0.0|77.4|0.0|0.0
L(-)-Norepinephrine bitartrate, (-)-Arterenol bitartrate, Noradrenaline bitartrate|1|30.0|NC[C@H](O)c1ccc(O)c(O)c1|106|7.9|0.0|0.0|75.2|0.0|65.1|11.8|76.5|26.0|57.1|0.0|69.1|61.2
5-(N,N-hexamethylene)amiloride|1|10.0|NC(N)=NC(=O)c1nc(Cl)c(N2CCCCCC2)nc1N|102|23.1|3.8|0.0|54.6|0.0|54.9|33.9|78.6|0.0|26.9|0.0|55.6|48.1
Amsacrine (hydrochloride)|1|10.0|COc1cc(NS(C)(=O)=O)ccc1Nc1c2ccccc2nc2ccccc12|61|44.7|13.1|46.8|0.0|75.7|0.0|6.0|13.4|0.0|0.0|41.7|0.0|0.0
Antozoline hydrochloride|1|30.0|c1ccc(CN(Cc2ncc[nH]2)c2ccccc2)cc1|92|12.8|0.0|0.0|66.8|0.0|66.5|25.4|90.0|16.3|44.2|0.0|63.8|48.1
Bromoacetyl alprenolol menthane|1|3.0|C=CCc1ccccc1OCC(O)CN[C@]1(C)CCC[C@H](C(C)(C)NC(=O)CBr)C1|86|14.2|0.0|0.0|80.2|0.0|76.5|19.4|88.5|38.5|61.3|0.0|77.6|59.5
Benoxathian hydrochloride|1|30.0|COc1cccc(OC)c1OCCNCC1CSc2ccccc2O1|95|34.5|0.0|0.0|45.1|0.0|51.8|37.3|71.0|8.3|24.0|0.0|52.4|21.4
R(+)-6-Bromo-APB hydrobromide|1|30.0|C=CCN1CCc2c(cc(O)c(O)c2Br)[C@@H](c2ccccc2)C1|95|10.0|21.6|26.0|0.0|78.3|0.0|17.8|14.7|0.0|0.0|44.9|0.0|0.0
BTCP hydrochloride|1|30.0|c1ccc2sc(C3(N4CCCCC4)CCCCC3)cc2c1|100|37.8|0.0|0.0|58.9|0.0|60.3|26.4|80.3|18.3|40.7|0.0|60.2|25.6
(±)-Butaclamol hydrochloride, AY 23028|1|30.0|CC(C)(C)[C@]1(O)CCN2C[C@H]3c4ccccc4CCc4cccc(c43)[C@@H]2C1|88|67.0|0.0|0.0|69.8|0.0|68.9|30.6|83.5|29.6|46.6|0.0|67.7|44.9
(±)-Butaclamol hydrochloride, AY 23028|2|10.0|CC(C)(C)[C@]1(O)CCN2C[C@H]3c4ccccc4CCc4cccc(c43)[C@@H]2C1|104|43.5|0.0|0.0|76.5|0.0|72.6|12.3|93.9|31.3|47.0|0.0|66.7|54.3
(±)-Butaclamol hydrochloride, AY 23028|2|30.0|CC(C)(C)[C@]1(O)CCN2C[C@H]3c4ccccc4CCc4cccc(c43)[C@@H]2C1|92|82.2|0.0|0.0|73.9|0.0|72.0|28.0|85.6|30.9|55.8|0.0|72.3|51.2
BRL 37344 sodium|1|30.0|CC(Cc1ccc(OCC(=O)O)cc1)NCC(O)c1cccc(Cl)c1|109|12.6|0.0|0.0|49.1|0.0|44.1|19.3|66.5|11.6|34.7|0.0|51.1|27.4
BW 723C86|1|10.0|CC(N)Cc1c[nH]c2ccc(OCc3cccs3)cc12|102|33.2|0.0|0.0|76.9|0.0|72.2|5.5|94.3|35.9|43.5|0.0|65.4|48.2
BW 723C86|1|30.0|CC(N)Cc1c[nH]c2ccc(OCc3cccs3)cc12|84|78.8|0.0|0.0|78.3|0.0|75.3|26.1|90.4|36.0|58.1|0.0|77.4|58.8
Beclomethasone|1|10.0|C[C@H]1CC2C3CCC4=CC(=O)C=C[C@]4(C)[C@@]3(Cl)[C@@H](O)C[C@]2(C)[C@@]1(O)C(=O)CO|106|9.3|65.3|7.1|0.0|80.8|0.0|12.9|0.0|0.0|0.0|89.0|0.0|0.0
(+)-Bromocriptine methanesulfonate|1|10.0|CC(C)C[C@H]1C(=O)N2CCC[C@H]2[C@]2(O)O[C@](NC(=O)[C@@H]3C=C4c5cccc6[nH]c(Br)c(c56)C[C@H]4N(C)C3)(C(C)C)C(=O)N12|97|9.8|0.0|0.0|32.1|0.0|38.5|45.5|50.7|18.6|15.5|0.0|34.1|0.6
(+)-Bromocriptine methanesulfonate|1|30.0|CC(C)C[C@H]1C(=O)N2CCC[C@H]2[C@]2(O)O[C@](NC(=O)[C@@H]3C=C4c5cccc6[nH]c(Br)c(c56)C[C@H]4N(C)C3)(C(C)C)C(=O)N12|91|28.2|0.6|0.0|43.8|0.0|38.9|45.6|53.0|19.3|27.3|0.0|49.8|31.6
Benazoline oxalate|1|30.0|Cc1sc2ccccc2c1CC1=NCCN1|89|10.0|0.0|0.0|33.5|0.0|38.9|31.6|59.0|0.0|19.9|0.0|34.5|16.7
BWB70C|1|30.0|CC(/C=C/c1cccc(Oc2ccc(F)cc2)c1)N(O)C(N)=O|86|19.3|0.0|0.0|51.3|0.0|45.8|37.1|70.1|19.5|38.0|0.0|75.1|49.5
5-Bromo-2'-deoxyuridine, Br-dU|1|10.0|O=c1[nH]c(=O)n([C@H]2C[C@H](O)[C@@H](CO)O2)cc1Br|95|16.4|68.2|0.0|0.0|85.0|0.0|0.0|0.0|0.0|0.0|59.1|0.0|10.2
5-Bromo-2'-deoxyuridine, Br-dU|1|30.0|O=c1[nH]c(=O)n([C@H]2C[C@H](O)[C@@H](CO)O2)cc1Br|103|15.7|65.4|0.0|0.0|85.1|0.0|3.5|0.0|0.0|0.0|62.9|0.0|6.2
(+)-Brompheniramine maleate, Dexbrompheniramine maleate|1|30.0|CN(C)CC[C@@H](c1ccc(Br)cc1)c1ccccn1|98|6.6|0.0|0.6|34.3|0.0|37.1|31.4|36.4|6.7|27.5|0.0|37.3|0.0
BRL 52537 hydrochloride|1|10.0|O=C(Cc1ccc(Cl)c(Cl)c1)N1CCCCC1CN1CCCC1|96|11.7|0.0|0.0|72.5|0.0|67.1|17.3|76.1|36.3|39.4|0.0|67.8|50.5
BRL 52537 hydrochloride|1|30.0|O=C(Cc1ccc(Cl)c(Cl)c1)N1CCCCC1CN1CCCC1|95|57.3|0.0|0.0|82.8|0.0|80.2|17.7|92.6|40.8|54.1|0.0|74.6|50.4
BAY 11-7085|1|10.0|CC(C)(C)c1ccc(S(=O)(=O)/C=C/C#N)cc1|92|6.9|16.9|24.0|0.0|65.6|0.0|7.6|2.0|0.0|8.0|16.8|22.4|1.8
Betamethasone, 9alpha-Fluoro-16beta-methylprednisolone|1|10.0|C[C@H]1CC2C3CCC4=CC(=O)C=C[C@]4(C)[C@@]3(F)[C@@H](O)C[C@]2(C)[C@@]1(O)C(=O)CO|93|10.9|75.9|1.3|0.0|82.1|0.0|11.7|0.0|0.0|0.0|90.9|0.0|0.0
Brefeldin A from Penicillium brefeldianum, BFA, Ascotoxin, Cyanein|1|1.0|C[C@H]1CCC/C=C/C2C[C@H](O)C[C@@]2(O)C/C=C/C(=O)O1|62|77.5|0.0|0.0|82.0|0.0|78.1|26.2|64.3|56.4|68.2|0.0|80.1|81.9
Brefeldin A from Penicillium brefeldianum, BFA, Ascotoxin, Cyanein|1|3.0|C[C@H]1CCC/C=C/C2C[C@H](O)C[C@@]2(O)C/C=C/C(=O)O1|67|84.1|0.0|0.0|81.3|0.0|78.3|33.6|63.2|51.4|76.0|0.0|79.0|80.7
Budesonide|1|30.0|CCCC1O[C@@H]2C[C@H]3[C@@H]4CCC5=CC(=O)C=C[C@]5(C)[C@H]4[C@@H](O)C[C@]3(C)[C@]2(C(=O)CO)O1|104|34.5|0.0|0.0|58.1|0.0|54.8|48.8|58.5|25.1|38.3|0.0|63.5|41.6
8-Bromo-cAMP sodium|1|30.0|Nc1ncnc2c1nc(Br)n2C1OC2COP(=O)(O)O[C@@H]2C1O|97|5.2|0.0|0.0|62.6|0.0|53.4|49.2|52.5|22.0|65.8|0.0|72.7|59.8
Benztropine mesylate|1|10.0|CN1C2CCC1CC(OC(c1ccccc1)c1ccccc1)C2|100|7.4|0.0|0.0|66.6|0.0|64.4|6.3|88.2|30.0|32.1|0.0|59.0|25.9
Benztropine mesylate|1|30.0|CN1C2CCC1CC(OC(c1ccccc1)c1ccccc1)C2|97|63.2|0.0|0.0|69.5|0.0|72.9|22.7|87.9|30.7|42.8|0.0|67.0|42.8
BP 897|1|30.0|COc1ccccc1N1CCN(CCCCNC(=O)c2ccc3ccccc3c2)CC1|81|84.6|0.0|0.0|74.2|0.0|76.1|25.2|87.6|32.5|49.9|0.0|72.6|42.4
BRL 15572|1|30.0|OC(CN1CCN(c2cccc(Cl)c2)CC1)C(c1ccccc1)c1ccccc1|100|19.3|0.0|0.0|26.4|0.0|26.9|42.1|37.0|1.7|10.3|0.0|35.8|0.0
OXA-22 iodide|1|30.0|C[C@@H]1O[C@H](C[N+](C)(C)C)CS1|99|17.4|0.0|10.9|27.3|0.0|26.9|12.6|18.3|20.2|54.3|0.0|36.4|31.1
CGS-12066A maleate|1|10.0|CN1CCN(c2nc3cc(C(F)(F)F)ccc3n3cccc23)CC1|105|19.3|0.0|0.0|80.6|0.0|76.7|8.7|88.4|42.8|44.5|0.0|70.6|42.9
CGS-12066A maleate|1|30.0|CN1CCN(c2nc3cc(C(F)(F)F)ccc3n3cccc23)CC1|98|81.7|0.0|0.0|79.8|0.0|78.1|24.0|88.6|35.8|58.2|0.0|74.2|54.0
SKF-82958 (hydrobromide)|1|30.0|C=CCN1CCc2c(cc(O)c(O)c2Cl)C(c2ccccc2)C1|96|17.1|27.1|22.8|0.0|79.7|0.0|22.5|0.0|0.0|0.0|70.2|0.0|0.0
CGS-21680 hydrochloride|1|30.0|CCNC(=O)[C@H]1O[C@@H](n2cnc3c(N)nc(NCCc4ccc(CCC(=O)O)cc4)nc32)C(O)[C@H]1O|101|13.3|0.0|0.0|33.8|0.0|33.1|27.2|43.3|11.4|14.1|0.0|36.4|8.4
Capsazepine|1|10.0|Oc1cc2c(cc1O)CN(C(=S)NCCc1ccc(Cl)cc1)CCC2|100|9.0|0.0|0.0|54.7|0.0|57.4|56.7|57.8|23.7|47.5|0.0|61.0|53.0
Capsazepine|1|30.0|Oc1cc2c(cc1O)CN(C(=S)NCCc1ccc(Cl)cc1)CCC2|86|8.1|0.0|0.0|35.2|0.0|53.9|63.9|41.8|13.5|43.2|0.0|50.4|35.7
8-(3-Chlorostyryl)caffeine, CSC|1|30.0|Cn1c(=O)c2c(nc(/C=C/c3cccc(Cl)c3)n2C)n(C)c1=O|110|5.0|9.9|0.0|0.0|0.0|0.0|18.5|16.6|0.0|0.0|10.2|0.0|0.0
CGS 15943|1|10.0|Nc1nc2ccc(Cl)cc2c2nc(-c3ccco3)nn12|94|14.2|52.0|0.0|39.1|0.0|38.7|18.0|59.2|18.8|20.8|0.0|32.7|59.8
CGS 15943|1|30.0|Nc1nc2ccc(Cl)cc2c2nc(-c3ccco3)nn12|86|34.2|30.2|0.0|57.3|0.0|61.8|46.9|71.6|17.6|55.5|0.0|55.1|68.4
CGS 15943|9|10.0|Nc1nc2ccc(Cl)cc2c2nc(-c3ccco3)nn12|102|9.3|34.5|0.0|51.3|0.0|47.9|37.9|70.9|5.3|45.9|0.0|54.8|71.9
CGS 15943|10|2.0|Nc1nc2ccc(Cl)cc2c2nc(-c3ccco3)nn12|98|8.8|0.0|0.0|74.0|0.0|76.6|1.0|66.8|51.1|39.8|0.0|60.7|57.9
CGS 15943|10|10.0|Nc1nc2ccc(Cl)cc2c2nc(-c3ccco3)nn12|84|11.1|30.7|0.0|42.1|1.2|41.3|33.5|71.9|0.0|22.0|0.0|45.5|56.4
CGS 15943|10|30.0|Nc1nc2ccc(Cl)cc2c2nc(-c3ccco3)nn12|94|38.2|47.0|0.0|50.5|0.0|48.3|41.1|68.5|8.7|56.0|0.0|49.1|73.0
CGS 15943|10|50.0|Nc1nc2ccc(Cl)cc2c2nc(-c3ccco3)nn12|91|40.2|43.5|0.0|48.4|0.0|46.9|39.4|61.7|11.2|57.3|0.0|47.2|72.1
CGP 20712A methanesulfonate|1|30.0|Cn1cc(C(F)(F)F)nc1-c1ccc(OCC(O)CNCCOc2ccc(O)c(C(N)=O)c2)cc1|84|5.5|0.0|6.5|51.5|0.0|62.1|20.8|59.1|31.5|35.1|0.0|55.9|17.2
Chloro-IB-MECA|1|10.0|CNC(=O)[C@H]1O[C@@H](n2cnc3c(NCc4ccc(I)cc4)nc(Cl)nc32)[C@H](O)[C@@H]1O|107|7.1|0.0|0.0|73.9|0.0|74.6|15.7|80.4|48.1|46.4|0.0|66.1|51.7
Chloro-IB-MECA|1|30.0|CNC(=O)[C@H]1O[C@@H](n2cnc3c(NCc4ccc(I)cc4)nc(Cl)nc32)[C@H](O)[C@@H]1O|87|29.7|0.0|0.0|73.1|0.0|73.1|35.1|71.4|46.0|51.0|0.0|67.5|64.9
6-Chloromelatonin|1|30.0|COc1cc2c(CCNC(C)=O)c[nH]c2cc1Cl|104|21.4|0.0|0.0|79.5|0.0|73.8|22.2|79.1|37.6|57.1|0.0|77.3|53.4
PK 11195|1|30.0|CCC(C)N(C)C(=O)c1cc2ccccc2c(-c2ccccc2Cl)n1|98|14.5|0.0|0.0|17.7|2.9|7.1|42.2|38.9|0.0|14.5|0.0|38.7|7.2
CGP-7930|1|30.0|CC(C)(CO)Cc1cc(C(C)(C)C)c(O)c(C(C)(C)C)c1|97|12.3|0.0|0.0|59.5|0.0|52.8|20.3|60.9|31.0|46.6|0.0|65.5|41.3
CGP-13501|1|10.0|CC(C)(C=O)Cc1cc(C(C)(C)C)c(O)c(C(C)(C)C)c1|97|6.4|0.0|0.0|60.0|0.0|54.7|18.0|61.8|16.6|34.6|0.0|68.8|57.5
CGP-13501|1|30.0|CC(C)(C=O)Cc1cc(C(C)(C)C)c(O)c(C(C)(C)C)c1|108|10.9|12.9|0.0|54.2|0.0|51.6|24.9|46.7|30.3|45.8|0.0|43.8|48.3
ML-9|1|30.0|O=S(=O)(c1cccc2c(Cl)cccc12)N1CCCNCC1|99|70.8|0.0|0.0|74.4|0.0|69.1|17.2|89.4|24.4|56.0|0.0|74.2|54.1
1-(4-Chlorobenzyl)-5-methoxy-2-methylindole-3-acetic acid|1|30.0|COc1ccc2c(c1)c(CC(=O)O)c(C)n2Cc1ccc(Cl)cc1|93|6.0|0.0|0.0|70.7|0.0|63.0|2.5|67.8|50.5|51.4|0.0|70.4|47.8
Chlorprothixene hydrochloride|1|10.0|CN(C)CC/C=C1/c2ccccc2Sc2cc(Cl)ccc21|105|31.8|0.0|0.0|74.1|0.0|68.9|6.2|93.9|36.7|39.7|0.0|62.4|50.3
CB 1954|1|30.0|NC(=O)c1cc(N2CC2)c([N+](=O)[O-])cc1[N+](=O)[O-]|82|6.9|31.8|48.3|0.0|71.4|0.0|5.4|0.0|0.0|0.0|67.7|0.0|0.0
CGP-74514A hydrochloride|1|10.0|CCn1cnc2c(Nc3cccc(Cl)c3)nc(N[C@@H]3CCCC[C@@H]3N)nc21|56|68.7|0.0|0.0|62.3|0.0|59.4|19.5|82.4|37.5|21.7|0.0|68.2|35.6
Cyproterone acetate|1|30.0|CC(=O)O[C@]1(C(C)=O)CC[C@H]2[C@@H]3C=C(Cl)C4=CC(=O)[C@@H]5C[C@@H]5[C@]4(C)[C@H]3CC[C@@]21C|92|29.2|0.0|0.0|38.9|0.0|50.0|45.9|62.1|8.6|27.1|0.0|44.5|17.9
Cyclosporin A, Antibiotic S 7481F1|1|30.0|C/C=C/CC(C)C(O)C1C(=O)NC(CC)C(=O)N(C)CC(=O)N(C)C(CC(C)C)C(=O)NC(C(C)C)C(=O)N(C)C(CC(C)C)C(=O)NC(C)C(=O)NC(C)C(=O)N(C)C(CC(C)C)C(=O)N(C)C(CC(C)C)C(=O)N(C)C(C(C)C)C(=O)N1C|88|29.4|45.1|0.0|3.9|29.5|0.0|46.9|21.9|0.0|14.2|24.3|28.5|34.0
Cyclosporin A, Antibiotic S 7481F1|4|10.0|C/C=C/CC(C)C(O)C1C(=O)NC(CC)C(=O)N(C)CC(=O)N(C)C(CC(C)C)C(=O)NC(C(C)C)C(=O)N(C)C(CC(C)C)C(=O)NC(C)C(=O)NC(C)C(=O)N(C)C(CC(C)C)C(=O)N(C)C(CC(C)C)C(=O)N(C)C(C(C)C)C(=O)N1C|92|20.0|47.6|0.0|0.0|55.9|0.0|58.0|0.0|0.0|8.1|52.4|0.0|10.1
Cyclosporin A, Antibiotic S 7481F1|5|10.0|C/C=C/CC(C)C(O)C1C(=O)NC(CC)C(=O)N(C)CC(=O)N(C)C(CC(C)C)C(=O)NC(C(C)C)C(=O)N(C)C(CC(C)C)C(=O)NC(C)C(=O)NC(C)C(=O)N(C)C(CC(C)C)C(=O)N(C)C(CC(C)C)C(=O)N(C)C(C(C)C)C(=O)N1C|87|20.6|26.9|0.0|33.2|0.0|31.3|51.4|35.4|7.3|41.6|0.0|43.9|55.3
Cyclosporin A, Antibiotic S 7481F1|5|30.0|C/C=C/CC(C)C(O)C1C(=O)NC(CC)C(=O)N(C)CC(=O)N(C)C(CC(C)C)C(=O)NC(C(C)C)C(=O)N(C)C(CC(C)C)C(=O)NC(C)C(=O)NC(C)C(=O)N(C)C(CC(C)C)C(=O)N(C)C(CC(C)C)C(=O)N(C)C(C(C)C)C(=O)N1C|83|29.7|35.1|0.0|47.2|0.0|48.4|53.5|39.3|22.0|60.3|0.0|50.7|79.0
Cyclosporin A, Antibiotic S 7481F1|5|50.0|C/C=C/CC(C)C(O)C1C(=O)NC(CC)C(=O)N(C)CC(=O)N(C)C(CC(C)C)C(=O)NC(C(C)C)C(=O)N(C)C(CC(C)C)C(=O)NC(C)C(=O)NC(C)C(=O)N(C)C(CC(C)C)C(=O)N(C)C(CC(C)C)C(=O)N(C)C(C(C)C)C(=O)N1C|87|39.4|47.4|0.0|29.2|0.0|29.6|63.8|28.4|6.2|51.2|0.0|40.5|70.4
8-(4-Chlorophenylthio)-cAMP sodium|1|30.0|Nc1ncnc2c1nc(Sc1ccc(Cl)cc1)n2C1OC2COP(=O)(O)O[C@@H]2[C@@H]1O|94|11.6|0.0|0.0|57.0|0.0|50.6|13.7|68.5|27.8|36.1|0.0|59.4|32.2
CNS-1102, Cerestat, Aptiganel hydrochloride|1|10.0|CCc1cccc(N(C)C(=N)Nc2cccc3ccccc23)c1|102|7.8|0.0|0.0|52.5|0.0|52.7|13.3|77.5|15.2|7.9|0.0|49.3|37.7
CNS-1102, Cerestat, Aptiganel hydrochloride|1|30.0|CCc1cccc(N(C)C(=N)Nc2cccc3ccccc23)c1|96|53.7|0.0|0.0|68.1|0.0|69.4|25.8|92.6|24.8|38.4|0.0|66.6|46.5
9-cyclopentyladenine, 9-CP-Ade|1|30.0|Nc1ncnc2c1ncn2C1CCCC1|97|5.4|38.4|0.0|15.5|46.5|3.8|0.0|29.8|2.0|9.4|3.1|25.1|48.9
(+)-Chlorpheniramine maleate|1|30.0|CN(C)CC[C@@H](c1ccc(Cl)cc1)c1ccccn1|90|18.0|0.0|0.0|57.1|0.0|60.7|19.9|83.2|17.1|33.6|0.0|55.1|22.4
2-CADO|1|30.0|Nc1nc(Cl)nc2c1ncn2[C@@H]1O[C@H](CO)[C@H](O)C1O|84|34.5|49.5|0.0|25.2|33.2|15.5|10.7|30.6|5.0|31.3|0.0|43.8|71.6
7-Chloro-4-hydroxy-2-phenyl-1,8-naphthyridine|1|10.0|Oc1cc(-c2ccccc2)nc2nc(Cl)ccc12|77|45.4|0.0|0.0|66.8|0.0|59.3|27.7|63.4|41.7|40.8|0.0|88.3|59.1
7-Chloro-4-hydroxy-2-phenyl-1,8-naphthyridine|1|30.0|Oc1cc(-c2ccccc2)nc2nc(Cl)ccc12|63|61.1|0.0|0.0|77.6|0.0|70.4|28.1|68.8|52.6|57.6|0.0|94.9|66.3
Cytosine-1-beta-D-arabinofuranoside hydrochloride, Arabinocytidine hydrochloride, Arabinosylcytosine hydrochloride, Ara-C hydrochloride|1|10.0|Nc1ccn([C@@H]2O[C@H](CO)[C@@H](O)[C@@H]2O)c(=O)n1|63|29.4|57.2|18.4|0.0|97.7|0.0|0.0|0.0|0.0|0.0|75.9|0.0|0.0
Cytosine-1-beta-D-arabinofuranoside hydrochloride, Arabinocytidine hydrochloride, Arabinosylcytosine hydrochloride, Ara-C hydrochloride|1|30.0|Nc1ccn([C@@H]2O[C@H](CO)[C@@H](O)[C@@H]2O)c(=O)n1|66|34.9|58.2|19.7|0.0|97.1|0.0|0.0|0.0|0.0|0.0|79.6|0.0|0.0
Cefaclor|1|30.0|NC(C(=O)N[C@@H]1C(=O)N2C(C(=O)O)=C(Cl)CS[C@H]12)c1ccccc1|81|7.1|0.0|2.7|33.9|18.6|27.5|4.7|41.1|21.1|34.9|0.0|56.2|22.6
McN-A-343|1|30.0|C[N+](C)(C)CC#CCOC(=O)Nc1cccc(Cl)c1|92|8.8|0.0|7.1|33.8|0.0|26.8|26.3|36.3|20.0|33.7|0.0|55.0|24.1
N-(2-[4-(4-Chlorophenyl)piperazin-1-yl]ethyl)-3-methoxybenzamide|1|30.0|COc1cccc(C(=O)NCCN2CCN(c3ccc(Cl)cc3)CC2)c1|96|17.8|0.0|0.0|28.2|0.0|27.4|39.3|45.3|0.0|12.6|0.0|42.1|11.2
Calcimycin, A23187, Calcium ionophore A23187|1|10.0|CNc1ccc2oc(C[C@H]3O[C@@]4(CC[C@H]3C)O[C@H]([C@H](C)C(=O)c3ccc[nH]3)[C@H](C)C[C@H]4C)nc2c1C(=O)O|57|60.3|3.4|0.0|33.9|0.0|37.0|45.6|35.1|24.7|46.5|0.0|36.8|30.9
Calcimycin, A23187, Calcium ionophore A23187|3|0.1|CNc1ccc2oc(C[C@H]3O[C@@]4(CC[C@H]3C)O[C@H]([C@H](C)C(=O)c3ccc[nH]3)[C@H](C)C[C@H]4C)nc2c1C(=O)O|83|6.6|0.0|1.7|59.9|0.0|60.2|32.0|56.2|34.6|61.4|0.0|65.4|41.1
Calcimycin, A23187, Calcium ionophore A23187|3|0.3|CNc1ccc2oc(C[C@H]3O[C@@]4(CC[C@H]3C)O[C@H]([C@H](C)C(=O)c3ccc[nH]3)[C@H](C)C[C@H]4C)nc2c1C(=O)O|75|61.1|0.0|0.0|57.0|0.0|60.2|39.9|56.7|41.4|56.4|0.0|60.1|43.2
Calcimycin, A23187, Calcium ionophore A23187|3|1.0|CNc1ccc2oc(C[C@H]3O[C@@]4(CC[C@H]3C)O[C@H]([C@H](C)C(=O)c3ccc[nH]3)[C@H](C)C[C@H]4C)nc2c1C(=O)O|62|75.0|0.0|0.0|64.4|0.0|67.0|47.7|60.1|49.9|62.5|0.0|69.1|64.8
Calcimycin, A23187, Calcium ionophore A23187|3|3.0|CNc1ccc2oc(C[C@H]3O[C@@]4(CC[C@H]3C)O[C@H]([C@H](C)C(=O)c3ccc[nH]3)[C@H](C)C[C@H]4C)nc2c1C(=O)O|58|71.7|0.0|0.0|69.5|0.0|69.4|41.5|59.1|49.6|62.5|0.0|67.3|61.4
Cantharidin|1|3.0|CC12C(=O)OC(=O)C1(C)C1CCC2O1|93|39.7|0.0|0.0|82.6|0.0|74.7|7.3|63.6|50.3|74.1|0.0|85.1|51.6
Cantharidin|1|10.0|CC12C(=O)OC(=O)C1(C)C1CCC2O1|77|83.9|0.0|0.0|89.6|0.0|88.3|5.6|72.3|62.8|65.7|0.0|87.6|55.4
Cantharidic Acid|1|3.0|CC1(C(=O)O)C2CCC(O2)C1(C)C(=O)O|91|44.7|0.0|0.0|87.3|0.0|80.2|0.0|63.9|60.8|72.0|0.0|83.8|56.6
Caffeic acid phenethyl ester|1|10.0|O=C(/C=C/c1ccc(O)c(O)c1)OCCc1ccccc1|91|8.5|29.1|0.0|22.4|0.0|23.5|38.0|18.6|7.6|33.9|0.0|27.3|48.4
Caffeic acid phenethyl ester|1|30.0|O=C(/C=C/c1ccc(O)c(O)c1)OCCc1ccccc1|67|29.2|0.0|36.9|0.0|57.7|0.0|41.2|13.5|0.0|7.5|22.5|31.9|0.0
Cephradine, Cefradin, SQ-11436|1|10.0|CC1=C(C(=O)O)N2C(=O)[C@@H](NC(=O)C(N)C3=CCC=CC3)[C@H]2SC1|103|5.4|0.0|5.0|56.6|0.0|61.0|20.9|26.7|45.3|44.8|0.0|47.0|34.5
Clemastine fumarate|1|10.0|CN1CCCC1CCOC(C)(c1ccccc1)c1ccc(Cl)cc1|91|52.5|0.0|0.0|79.6|0.0|74.8|7.4|94.4|39.3|44.3|0.0|67.8|53.9
Pyrocatechol, Catechol|1|10.0|Oc1ccccc1O|78|12.1|51.3|0.0|0.0|61.5|0.0|18.8|0.0|0.0|0.0|44.3|0.0|4.3
Pyrocatechol, Catechol|1|30.0|Oc1ccccc1O|72|23.8|50.8|29.1|0.0|95.2|0.0|12.2|0.0|0.0|0.0|79.3|0.0|0.0
Z-L-Phe chloromethyl ketone, ZPCK|1|10.0|O=C(N[C@@H](Cc1ccccc1)C(=O)CCl)OCc1ccccc1|63|26.9|34.2|45.5|0.0|83.8|0.0|16.0|0.0|0.0|0.0|80.8|0.0|0.0
R(-)-Apocodeine hydrochloride|1|30.0|COc1ccc2c(c1O)-c1cccc3c1[C@@H](C2)N(C)CC3|93|33.7|0.0|0.0|53.0|0.0|54.7|37.9|74.1|5.6|41.9|0.0|58.3|30.9
R(-)-Propylnorapomorphine hydrochloride, R(-)-NPA hydrochloride|1|30.0|CCCN1CCc2cccc3c2[C@H]1Cc1ccc(O)c(O)c1-3|97|7.6|69.1|0.0|0.0|77.0|0.0|38.6|0.0|0.0|0.0|69.9|0.0|0.0
R(-)-2,10,11-Trihydroxyaporphine hybrobromide|1|30.0|CN1CCc2cc(O)cc3c2[C@H]1Cc1ccc(O)c(O)c1-3|80|42.8|24.9|20.1|0.0|56.1|0.0|0.0|0.0|0.0|0.0|69.1|0.0|0.0
R(-)-TNPA HBr, R(-)-2-OH-NPA hydrobromide|1|30.0|CCCN1CCc2cc(O)cc3c2[C@H]1Cc1ccc(O)c(O)c1-3|80|24.5|9.2|18.8|0.0|55.8|0.0|0.0|16.6|0.0|0.0|40.7|0.0|0.0
R(-)-N-Allylnorapomorphine hydrobromide|1|30.0|C=CCN1CCc2cccc3c2[C@H]1Cc1ccc(O)c(O)c1-3|90|26.4|64.0|0.0|0.0|85.2|0.0|25.3|0.0|0.0|0.0|77.8|0.0|0.0
SKF 38393 (hydrochloride)|1|30.0|Oc1cc2c(cc1O)C(c1ccccc1)CNCC2|106|12.4|7.4|0.0|28.8|2.0|25.1|2.9|13.2|10.4|50.2|0.0|30.9|50.9
R(+)-SCH-23390 hydrochloride|1|30.0|CN1CCc2cc(Cl)c(O)cc2[C@@H](c2ccccc2)C1|96|18.5|2.5|0.0|23.9|8.8|21.2|30.9|56.0|0.0|10.8|0.0|34.9|0.1
(±)-DOI hydrochloride|1|30.0|COc1cc(CC(C)N)c(OC)cc1I|96|39.9|0.0|0.0|64.5|0.0|58.8|30.0|73.4|17.0|56.2|0.0|68.0|48.0
Dihydroergocristine methanesulfonate|1|10.0|CC(C)[C@@]1(NC(=O)[C@@H]2C[C@@H]3c4cccc5[nH]cc(c45)C[C@H]3N(C)C2)O[C@@]2(O)[C@@H]3CCCN3C(=O)[C@H](Cc3ccccc3)N2C1=O|91|20.7|0.0|0.0|67.5|0.0|62.7|19.2|81.9|23.7|37.7|0.0|63.1|30.4
Dihydroergocristine methanesulfonate|1|30.0|CC(C)[C@@]1(NC(=O)[C@@H]2C[C@@H]3c4cccc5[nH]cc(c45)C[C@H]3N(C)C2)O[C@@]2(O)[C@@H]3CCCN3C(=O)[C@H](Cc3ccccc3)N2C1=O|102|72.2|0.0|0.0|72.8|0.0|74.3|24.2|89.5|30.7|42.5|0.0|69.0|41.0
WB-4101 hydrochloride|1|30.0|COc1cccc(OC)c1OCCNCC1COc2ccccc2O1|95|31.1|0.0|0.0|63.2|0.0|65.9|32.9|81.0|24.8|41.2|0.0|60.0|37.2
Dihydroouabain|1|1.0|C[C@@H]1O[C@@H](O[C@H]2C[C@@H](O)[C@]3(CO)[C@@H]4C(CC[C@]3(O)C2)[C@@]2(O)CC[C@H](C3COC(=O)C3)[C@@]2(C)C[C@H]4O)[C@H](O)[C@H](O)[C@H]1O|98|9.0|0.0|32.3|0.0|0.0|0.0|0.0|0.0|22.2|0.0|26.7|0.0|0.0
Dihydroouabain|1|3.0|C[C@@H]1O[C@@H](O[C@H]2C[C@@H](O)[C@]3(CO)[C@@H]4C(CC[C@]3(O)C2)[C@@]2(O)CC[C@H](C3COC(=O)C3)[C@@]2(C)C[C@H]4O)[C@H](O)[C@H](O)[C@H]1O|83|30.7|24.6|1.6|0.0|13.7|0.0|0.0|0.0|35.1|4.0|24.4|0.0|7.4
Dihydroouabain|1|10.0|C[C@@H]1O[C@@H](O[C@H]2C[C@@H](O)[C@]3(CO)[C@@H]4C(CC[C@]3(O)C2)[C@@]2(O)CC[C@H](C3COC(=O)C3)[C@@]2(C)C[C@H]4O)[C@H](O)[C@H](O)[C@H]1O|59|28.8|0.0|44.5|0.0|0.0|9.1|0.0|0.0|61.5|16.2|0.0|0.0|0.0
Dihydroouabain|1|30.0|C[C@@H]1O[C@@H](O[C@H]2C[C@@H](O)[C@]3(CO)[C@@H]4C(CC[C@]3(O)C2)[C@@]2(O)CC[C@H](C3COC(=O)C3)[C@@]2(C)C[C@H]4O)[C@H](O)[C@H](O)[C@H]1O|50|50.6|0.0|6.4|27.0|0.0|43.0|0.0|0.0|87.4|24.5|0.0|21.5|26.5
Droperidol|1|30.0|O=C(CCCN1C=CC(n2c(=O)[nH]c3ccccc32)CC1)c1ccc(F)cc1|92|31.8|0.0|0.0|38.9|0.0|43.7|45.0|61.1|1.6|21.2|0.0|48.1|5.7
Diltiazem hydrochloride|1|30.0|COc1ccc([C@@H]2Sc3ccccc3N(CCN(C)C)C(=O)[C@@H]2OC(C)=O)cc1|103|9.0|0.0|0.0|15.4|0.0|7.4|37.9|32.8|0.0|16.6|0.0|28.9|0.0
Dextromethorphan hydrobromide monohydrate|1|10.0|COc1ccc2c(c1)C13CCCCC1C(C2)N(C)CC3|108|6.6|0.0|0.0|49.8|0.0|44.0|4.8|48.0|26.4|32.0|0.0|41.6|38.0
Dextromethorphan hydrobromide monohydrate|1|30.0|COc1ccc2c(c1)C13CCCCC1C(C2)N(C)CC3|90|31.8|0.0|0.0|79.9|0.0|75.3|14.9|89.7|43.0|54.4|0.0|70.3|50.0
Dihydroergotamine methanesulfonate|1|10.0|CN1C[C@H](C(=O)N[C@]2(C)O[C@@]3(O)[C@@H]4CCCN4C(=O)[C@H](Cc4ccccc4)N3C2=O)C[C@@H]2c3cccc4[nH]cc(c34)C[C@H]21|96|8.3|0.0|0.0|63.9|0.0|66.3|18.1|65.2|49.4|35.1|0.0|59.8|29.7
Dihydroergotamine methanesulfonate|1|30.0|CN1C[C@H](C(=O)N[C@]2(C)O[C@@]3(O)[C@@H]4CCCN4C(=O)[C@H](Cc4ccccc4)N3C2=O)C[C@@H]2c3cccc4[nH]cc(c34)C[C@H]21|100|49.2|0.0|0.0|61.3|0.0|62.6|29.7|83.0|27.0|30.8|0.0|61.5|29.3
Diphenyleneiodonium chloride|1|10.0|c1ccc2c(c1)[I+]c1ccccc1-2|53|34.9|43.3|19.6|0.0|47.1|0.0|37.8|0.0|0.0|0.0|44.8|0.0|0.0
Diphenyleneiodonium chloride|2|1.0|c1ccc2c(c1)[I+]c1ccccc1-2|82|7.8|32.0|45.9|0.0|78.5|0.0|30.2|0.0|0.0|0.0|75.0|0.0|0.0
Diphenyleneiodonium chloride|2|3.0|c1ccc2c(c1)[I+]c1ccccc1-2|67|30.4|0.0|61.7|0.0|25.3|12.2|42.1|7.8|8.9|33.5|1.5|35.5|0.0
Diphenyleneiodonium chloride|2|10.0|c1ccc2c(c1)[I+]c1ccccc1-2|57|42.1|35.7|31.3|0.0|63.8|0.0|48.1|2.1|0.0|0.0|48.2|0.0|0.0
Diphenyleneiodonium chloride|2|10.0|c1ccc2c(c1)[I+]c1ccccc1-2|57|40.4|50.4|33.4|0.0|84.1|0.0|40.8|0.0|0.0|0.0|74.6|0.0|0.0
asym-Dimethylarginine hydrochloride ADMA|1|10.0|CN(C)C(=N)NCCC[C@H](N)C(=O)O|103|5.9|0.0|2.9|51.5|0.0|54.2|14.9|23.8|51.2|41.6|0.0|35.9|25.1
(-)-alpha-Methylnorepinephrine, Levonordefrin|1|10.0|CC(N)[C@H](O)c1ccc(O)c(O)c1|84|24.4|0.0|0.0|57.3|0.0|49.9|0.0|70.3|32.2|19.6|0.0|52.2|34.6
(-)-alpha-Methylnorepinephrine, Levonordefrin|1|30.0|CC(N)[C@H](O)c1ccc(O)c(O)c1|102|8.1|0.0|0.0|72.0|0.0|64.5|2.1|76.5|34.0|48.0|0.0|69.5|46.5
Dilazep hydrochloride, Cormelian|1|3.0|COc1cc(C(=O)OCCCN2CCCN(CCCOC(=O)c3cc(OC)c(OC)c(OC)c3)CC2)cc(OC)c1OC|101|15.0|0.0|0.0|69.6|0.0|66.9|23.6|84.7|26.2|38.4|0.0|72.2|48.1
Dilazep hydrochloride, Cormelian|1|10.0|COc1cc(C(=O)OCCCN2CCCN(CCCOC(=O)c3cc(OC)c(OC)c(OC)c3)CC2)cc(OC)c1OC|91|72.7|0.0|0.0|81.9|0.0|81.0|9.0|94.8|43.1|51.6|0.0|73.8|49.8
DMNQ|1|10.0|COC1=C(OC)C(=O)c2ccccc2C1=O|76|23.7|46.8|21.5|0.0|93.7|0.0|0.0|0.0|0.0|0.0|66.8|0.0|0.0
DMNQ|1|30.0|COC1=C(OC)C(=O)c2ccccc2C1=O|53|57.0|24.6|0.0|14.8|11.6|19.8|34.1|30.0|20.5|35.8|0.0|18.4|20.3
Daphnetin|1|30.0|O=c1ccc2ccc(O)c(O)c2o1|105|7.9|47.3|16.4|0.0|79.5|0.0|0.0|0.0|0.0|0.0|66.9|0.0|0.0
N-Methyldopamine hydrochloride, Epinine hydrochloride|1|10.0|CNCCc1ccc(O)c(O)c1|100|14.3|3.8|0.0|65.3|0.0|60.1|40.2|76.9|4.3|59.7|0.0|63.5|57.6
N-Methyldopamine hydrochloride, Epinine hydrochloride|1|30.0|CNCCc1ccc(O)c(O)c1|91|7.1|0.0|0.0|55.2|0.0|56.1|30.2|70.2|17.9|52.9|0.0|60.9|37.9
DL-erythro-Dihydrosphingosine, DL-Sphinganine|1|30.0|CCCCCCCCCCCCCCC[C@H](O)[C@H](N)CO|95|6.7|0.0|0.0|69.7|0.0|64.7|10.1|77.7|22.9|35.2|0.0|72.8|36.3
(±) trans-U-50488 methanesulfonate|1|10.0|CN(C(=O)Cc1ccc(Cl)c(Cl)c1)[C@H]1CCCC[C@@H]1N1CCCC1|100|7.9|0.0|0.0|52.6|0.0|51.9|28.2|68.0|17.6|36.1|0.0|66.4|42.9
(±) trans-U-50488 methanesulfonate|1|30.0|CN(C(=O)Cc1ccc(Cl)c(Cl)c1)[C@H]1CCCC[C@@H]1N1CCCC1|108|68.9|0.0|0.0|75.5|0.0|75.3|17.8|91.6|32.3|46.1|0.0|70.8|46.4
Dephostatin|1|10.0|CN(N=O)c1cc(O)ccc1O|86|5.4|28.2|23.1|0.0|74.5|0.0|17.7|1.5|0.0|4.5|33.9|2.4|0.0
Dephostatin|1|30.0|CN(N=O)c1cc(O)ccc1O|75|37.0|21.0|26.2|0.0|85.5|0.0|25.8|1.5|0.0|0.0|58.0|0.0|0.0
Danazol|1|30.0|C#C[C@]1(O)CC[C@H]2[C@@H]3CCC4=Cc5oncc5CC4(C)[C@H]3CCC21C|86|14.3|12.6|0.0|39.1|0.0|37.5|43.4|73.6|0.0|12.1|0.0|54.9|36.2
(R,R)-cis-Diethyl tetrahydro-2,8-chrysenediol|1|10.0|CC[C@@H]1Cc2cc(O)ccc2C2=C1c1ccc(O)cc1C[C@H]2CC|97|7.1|0.0|0.0|68.0|0.0|66.6|8.0|73.3|35.5|44.4|0.0|59.4|56.1
DCEBIO|1|30.0|CCn1c(=O)[nH]c2cc(Cl)c(Cl)cc21|95|37.1|0.0|0.0|73.8|0.0|68.2|34.3|75.2|27.4|54.7|0.0|76.8|53.9
(-)-Eseroline fumarate|1|30.0|CN1CC[C@@]2(C)c3cc(O)ccc3N(C)[C@@H]12|72|46.6|20.8|13.1|4.2|70.4|0.0|6.1|48.2|0.0|0.0|12.0|23.4|0.0
FLB 131|1|10.0|CCc1cc(Cl)c(OC)c(C(=O)NC[C@@H]2CCN(CC)C2)c1O|101|11.6|0.0|0.0|82.8|0.0|81.6|18.6|87.2|39.4|62.3|0.0|75.3|54.3
FLB 131|1|30.0|CCc1cc(Cl)c(OC)c(C(=O)NC[C@@H]2CCN(CC)C2)c1O|86|82.6|0.0|0.0|74.6|0.0|74.0|24.1|85.6|34.3|62.1|0.0|75.1|52.9
Etoposide, Lastet|1|30.0|COc1cc([C@@H]2c3cc4c(cc3[C@@H](O[C@@H]3O[C@@H]5CO[C@@H](C)O[C@@]5(O)C[C@H]3O)[C@H]3COC(=O)[C@H]23)OCO4)cc(OC)c1O|62|30.1|33.6|45.8|0.0|88.0|0.0|4.7|0.0|0.0|0.0|70.5|0.0|0.0
Etazolate hydrochloride|1|30.0|CCOC(=O)c1cnc2c(cnn2CC)c1NN=C(C)C|85|9.0|38.2|0.0|0.0|50.3|0.0|36.1|17.8|0.0|0.0|56.6|0.0|0.0
Eliprodil|1|30.0|OC(CN1CCC(Cc2ccc(F)cc2)CC1)c1ccc(Cl)cc1|107|25.2|0.0|0.0|50.1|0.0|53.1|32.6|58.2|16.5|32.6|0.0|52.4|18.6
Emetine dihydrochloride hydrate|1|1.0|CC[C@H]1CN2CCc3cc(OC)c(OC)cc3[C@@H]2C[C@@H]1C[C@H]1NCCc2cc(OC)c(OC)cc21|59|57.5|0.0|0.0|55.3|0.0|50.4|16.3|29.8|46.5|96.8|0.0|55.7|49.6
Emetine dihydrochloride hydrate|1|10.0|CC[C@H]1CN2CCc3cc(OC)c(OC)cc3[C@@H]2C[C@@H]1C[C@H]1NCCc2cc(OC)c(OC)cc21|52|77.7|0.0|0.0|67.9|0.0|64.4|17.2|62.5|41.0|78.6|0.0|73.7|68.1
Emetine dihydrochloride hydrate|1|30.0|CC[C@H]1CN2CCc3cc(OC)c(OC)cc3[C@@H]2C[C@@H]1C[C@H]1NCCc2cc(OC)c(OC)cc21|52|76.7|0.0|0.0|73.3|0.0|71.4|10.4|81.4|46.1|66.5|0.0|75.4|64.3
Ellipticine|1|1.0|Cc1c2ccncc2c(C)c2c1[nH]c1ccccc12|93|10.0|43.3|41.9|0.0|79.0|0.0|2.4|0.0|0.0|0.0|73.5|0.0|0.0
Ellipticine|1|3.0|Cc1c2ccncc2c(C)c2c1[nH]c1ccccc12|67|38.0|50.7|35.7|0.0|87.7|0.0|12.0|0.0|0.0|0.0|79.7|0.0|0.0
rac-2-Ethoxy-3-hexadecanamido-1-propylphosphocholine|1|30.0|CCCCCCCCCCCCCCCC(=O)NCC(COP(=O)(O)OCC[N+](C)(C)C)OCC|84|34.7|47.9|39.0|0.0|71.9|0.0|7.5|0.0|0.0|0.0|72.3|0.0|0.0
rac-2-Ethoxy-3-octadecanamido-1-propylphosphocholine|1|10.0|CCCCCCCCCCCCCCCCCC(=O)NCC(COP(=O)(O)OCC[N+](C)(C)C)OCC|100|34.2|67.8|12.5|0.0|79.2|0.0|0.0|0.0|0.0|0.0|76.1|0.0|0.0
rac-2-Ethoxy-3-octadecanamido-1-propylphosphocholine|1|30.0|CCCCCCCCCCCCCCCCCC(=O)NCC(COP(=O)(O)OCC[N+](C)(C)C)OCC|94|34.0|48.3|32.7|0.0|70.6|0.0|0.0|0.0|0.0|0.0|79.1|0.0|0.0
(-)-Epinephrine bitartrate, Adrenaline bitartrate|1|10.0|CNC[C@H](O)c1ccc(O)c(O)c1|105|14.0|3.6|0.0|70.2|0.0|68.2|7.8|78.6|23.1|47.5|0.0|61.9|67.5
(-)-Epinephrine bitartrate, Adrenaline bitartrate|1|30.0|CNC[C@H](O)c1ccc(O)c(O)c1|97|8.1|0.0|0.0|67.1|0.0|68.5|37.7|71.6|14.3|49.8|0.0|62.8|49.8
beta-Estradiol, Dihydrofolliculin|1|30.0|C[C@]12CC[C@@H]3c4ccc(O)cc4CC[C@H]3[C@@H]1CC[C@@H]2O|88|37.8|0.0|0.0|79.1|0.0|72.4|25.1|65.6|53.6|53.4|0.0|92.2|62.9
cis-(Z)-Flupenthixol dihydrochloride|1|10.0|OCCN1CCN(CC/C=C2/c3ccccc3Sc3ccc(C(F)(F)F)cc32)CC1|102|35.6|0.0|0.0|74.1|0.0|72.7|19.3|87.3|36.3|42.6|0.0|69.1|34.7
cis-(Z)-Flupenthixol dihydrochloride|1|30.0|OCCN1CCN(CC/C=C2/c3ccccc3Sc3ccc(C(F)(F)F)cc32)CC1|90|84.3|0.0|0.0|75.6|0.0|75.6|25.0|87.5|34.2|51.0|0.0|73.9|48.4
Furafylline|1|30.0|Cc1nc2c([nH]1)c(=O)n(C)c(=O)n2Cc1ccco1|102|7.8|0.0|0.0|80.3|0.0|68.3|2.3|68.4|41.8|61.0|0.0|78.0|57.7
FPL 64176|1|30.0|COC(=O)c1c(C)[nH]c(C)c1C(=O)c1ccccc1Cc1ccccc1|100|21.2|0.0|0.0|34.0|0.0|32.1|41.9|47.7|3.6|17.0|0.0|52.9|15.1
S-(+)-Fluoxetine hydrochloride|1|10.0|CNCC[C@H](Oc1ccc(C(F)(F)F)cc1)c1ccccc1|108|25.0|0.0|0.0|70.5|0.0|65.0|1.6|93.9|31.1|31.9|0.0|58.3|38.5
Fiduxosin hydrochloride|1|10.0|COc1cccc2c1[C@@H]1CN(CCCCn3c(=O)[nH]c4c(sc5ncc(-c6ccccc6)nc54)c3=O)C[C@@H]1CO2|100|24.7|0.0|0.0|60.8|0.0|59.6|7.1|89.9|22.1|25.6|0.0|54.9|32.2
Fiduxosin hydrochloride|1|30.0|COc1cccc2c1[C@@H]1CN(CCCCn3c(=O)[nH]c4c(sc5ncc(-c6ccccc6)nc54)c3=O)C[C@@H]1CO2|90|76.5|0.0|0.0|79.1|0.0|78.5|10.6|91.8|42.5|49.1|0.0|70.2|49.8
p-Fluoro-L-phenylalanine, 4-Fluoro-L-phenylalanine|1|30.0|N[C@@H](Cc1ccc(F)cc1)C(=O)O|93|27.5|0.0|3.2|24.7|0.8|19.3|31.7|13.3|2.7|52.8|0.0|38.1|37.2
Forskolin|1|10.0|C=CC1(C)CC(=O)C2(O)C(C)(O1)C(OC(C)=O)C(O)C1C(C)(C)CCC(O)C12C|95|19.3|0.0|0.0|71.9|0.0|65.5|28.1|81.5|18.1|59.7|0.0|74.6|59.4
Forskolin|1|30.0|C=CC1(C)CC(=O)C2(O)C(C)(O1)C(OC(C)=O)C(O)C1C(C)(C)CCC(O)C12C|94|43.0|0.0|0.0|68.6|0.0|65.7|34.9|75.5|26.5|54.7|0.0|76.6|56.5
5-Fluoro-5'-deoxyuridine, Doxifluridine|1|30.0|C[C@H]1O[C@@H](n2cc(F)c(=O)[nH]c2=O)[C@H](O)[C@@H]1O|93|30.9|42.4|0.0|0.0|48.6|0.0|0.0|0.0|0.0|0.0|64.1|0.0|0.0
Flupirtine (Maleate)|1|10.0|CCOC(=O)Nc1ccc(NCc2ccc(F)cc2)nc1N|89|5.2|0.0|0.0|42.6|0.0|41.9|27.4|44.8|17.5|31.6|0.0|50.3|26.7
Flupirtine (Maleate)|1|30.0|CCOC(=O)Nc1ccc(NCc2ccc(F)cc2)nc1N|95|24.4|4.3|0.0|7.1|15.7|0.0|33.3|26.8|0.0|2.2|13.0|24.3|0.0
Formoterol|1|10.0|C[C@@H](Cc1ccc(C=O)cc1)NC[C@@H](O)c1ccc(O)c(NCO)c1|94|20.0|0.0|0.0|87.1|0.0|84.2|25.8|81.3|47.2|60.4|0.0|84.8|60.8
Formoterol|1|30.0|C[C@@H](Cc1ccc(C=O)cc1)NC[C@@H](O)c1ccc(O)c(NCO)c1|107|44.9|0.0|0.0|79.1|0.0|73.0|17.3|75.8|32.4|63.1|0.0|80.6|56.5
GYKI 52466 hydrochloride|1|30.0|CC1=NN=C(c2ccc(N)cc2)c2cc3c(cc2C1)OCO3|100|6.7|0.2|0.0|33.7|0.0|28.7|21.3|62.7|6.9|8.6|0.0|39.8|7.4
GW2974|1|10.0|CN(C)c1cc2c(Nc3ccc4c(cnn4Cc4ccccc4)c3)ncnc2cn1|103|36.4|0.0|0.0|68.2|0.0|71.2|27.1|91.6|29.0|29.5|0.0|63.0|32.4
GW2974|1|30.0|CN(C)c1cc2c(Nc3ccc4c(cnn4Cc4ccccc4)c3)ncnc2cn1|88|76.2|0.0|0.0|69.1|0.0|75.9|42.3|73.6|31.7|52.3|0.0|70.0|48.1
L-Glutamic acid hydrochloride|1|30.0|N[C@@H](CCC(=O)O)C(=O)O|92|6.6|1.1|0.0|47.0|0.0|38.5|21.2|58.9|14.2|31.2|0.0|56.5|37.0
Guanidinyl-naltrindole di-trifluoroacetate|1|30.0|N=C(N)Nc1ccc2[nH]c3c(c2c1)C[C@@]1(O)[C@H]2Cc4ccc(O)c5c4[C@@]1(CCN2CC1CC1)[C@H]3O5|96|30.9|0.0|0.0|50.4|0.0|49.4|29.3|65.3|5.8|35.7|0.0|55.4|30.0
GR 127935 hydrochloride|1|1.0|COc1ccc(NC(=O)c2ccc(-c3ccc(-c4noc(C)n4)cc3C)cc2)cc1N1CCN(C)CC1|99|40.9|0.0|0.0|68.7|0.0|68.4|11.8|90.9|22.0|41.0|0.0|65.5|33.4
GR 127935 hydrochloride|1|3.0|COc1ccc(NC(=O)c2ccc(-c3ccc(-c4noc(C)n4)cc3C)cc2)cc1N1CCN(C)CC1|96|74.8|0.0|0.0|82.1|0.0|80.1|17.1|95.9|33.5|59.0|0.0|75.3|49.6
GR 113808|1|30.0|Cn1cc(C(=O)OCC2CCN(CCNS(C)(=O)=O)CC2)c2ccccc21|94|49.1|0.0|0.0|69.6|0.0|71.0|22.3|84.9|31.4|40.5|0.0|66.6|33.2
GR 4661|1|30.0|COc1ccc(CNC(=O)/C=C/c2ccc3[nH]cc(CCN(C)C)c3c2)cc1|96|68.2|0.0|0.0|67.7|0.0|66.4|22.5|89.7|23.2|42.4|0.0|65.6|40.1
GBR 12935 (dihydrochloride)|1|10.0|c1ccc(CCCN2CCN(CCOC(c3ccccc3)c3ccccc3)CC2)cc1|94|32.6|0.0|0.0|73.5|0.0|73.8|11.0|94.4|40.2|47.9|0.0|68.0|40.8
GBR 12935 (dihydrochloride)|1|30.0|c1ccc(CCCN2CCN(CCOC(c3ccccc3)c3ccccc3)CC2)cc1|77|83.8|0.0|0.0|85.2|0.0|85.2|29.0|81.2|47.0|66.2|0.0|80.4|68.6
Hexahydro-sila-difenidol hydrochloride, p-fluoro analog, p-F-HHSiD hydrochloride|1|10.0|O[Si](CCCN1CCCCC1)(c1ccc(F)cc1)C1CCCCC1|92|48.2|0.0|0.0|85.6|0.0|82.4|13.0|92.0|49.1|53.8|0.0|72.7|54.3
Hexahydro-sila-difenidol hydrochloride, p-fluoro analog, p-F-HHSiD hydrochloride|1|30.0|O[Si](CCCN1CCCCC1)(c1ccc(F)cc1)C1CCCCC1|86|83.2|0.0|0.0|81.7|0.0|80.1|26.3|87.9|39.8|61.5|0.0|75.9|59.1
R-(+)-8-Hydroxy-DPAT hydrobromide|1|30.0|CCCN(CCC)[C@@H]1CCc2cccc(O)c2C1|100|10.2|0.0|0.0|67.7|0.0|62.0|9.0|83.4|24.6|44.5|0.0|67.2|27.8
Hydralazine hydrochloride|1|30.0|NNc1nncc2ccccc12|96|8.5|0.0|0.0|62.1|0.0|65.1|0.0|51.1|40.9|39.6|0.0|53.0|52.0
Hydrocortisone, Cortisol|1|10.0|C[C@]12C[C@H](O)[C@H]3[C@@H](CCC4=CC(=O)CC[C@@]43C)[C@@H]1CC[C@]2(O)C(=O)CO|98|7.3|69.5|0.4|0.0|84.4|0.0|13.8|0.0|0.0|0.0|88.0|0.0|0.0
Hydrocortisone, Cortisol|1|30.0|C[C@]12C[C@H](O)[C@H]3[C@@H](CCC4=CC(=O)CC[C@@]43C)[C@@H]1CC[C@]2(O)C(=O)CO|91|5.9|49.9|11.5|0.0|75.6|0.0|0.0|0.0|0.0|0.0|81.3|0.0|0.0
PPT|1|30.0|CCCc1c(-c2ccc(O)cc2)nn(-c2ccc(O)cc2)c1-c1ccc(O)cc1|92|17.4|4.7|0.0|50.8|0.0|60.5|54.7|73.7|21.7|40.1|0.0|55.8|38.8
Fenretinide|1|1.0|CC1=C(/C=C/C(C)=C/C=C/C(C)=C/C(=O)Nc2ccc(O)cc2)C(C)(C)CCC1|96|6.2|0.0|0.0|44.4|0.0|42.9|10.1|24.1|35.8|55.9|0.0|58.0|21.3
Fenretinide|1|3.0|CC1=C(/C=C/C(C)=C/C=C/C(C)=C/C(=O)Nc2ccc(O)cc2)C(C)(C)CCC1|93|9.8|0.0|0.0|66.9|0.0|68.2|15.0|63.8|44.8|44.9|0.0|62.3|40.2
Fenretinide|1|10.0|CC1=C(/C=C/C(C)=C/C=C/C(C)=C/C(=O)Nc2ccc(O)cc2)C(C)(C)CCC1|85|45.6|0.0|0.0|72.0|0.0|79.9|41.7|70.4|41.3|51.9|0.0|73.5|51.7
(±)-7-Hydroxy-DPAT hydrobromide, (±)-7-OH-DPAT HBr, (±)-Hydroxy-dipropylaminotetralin hydrobromide|1|30.0|CCCN(CCC)C1CCc2ccc(O)cc2C1|89|11.6|0.0|0.0|71.0|0.0|69.8|25.0|82.0|26.7|45.5|0.0|72.8|37.6
Hydroquinone, 1,4-Benzenediol|1|10.0|Oc1ccc(O)cc1|66|14.5|37.9|28.4|0.0|84.6|0.0|6.6|0.0|0.0|0.0|61.1|0.0|0.0
Hydroquinone, 1,4-Benzenediol|1|30.0|Oc1ccc(O)cc1|80|21.4|45.8|28.6|0.0|85.8|0.0|28.5|0.0|0.0|0.0|55.1|0.0|0.0
5-Hydroxy-L-tryptophan|1|10.0|N[C@@H](Cc1c[nH]c2ccc(O)cc12)C(=O)O|103|11.2|15.4|0.0|0.0|0.0|0.0|4.5|0.0|0.0|0.6|0.0|0.0|0.0
Indatraline hydrochloride, Lu 19-005|1|10.0|CN[C@@H]1C[C@@H](c2ccc(Cl)c(Cl)c2)c2ccccc21|93|55.1|0.0|0.0|83.0|0.0|78.9|8.9|94.2|40.6|51.9|0.0|70.1|57.5
Iofetamine hydrochloride|1|30.0|CC(C)NC(C)Cc1ccc(I)cc1|102|39.6|0.0|0.0|69.2|0.0|68.9|25.1|84.3|26.2|50.7|0.0|69.4|42.2
IB-MECA|1|30.0|CNC(=O)[C@H]1O[C@@H](n2cnc3c(NCc4cccc(I)c4)ncnc32)C(O)[C@H]1O|96|11.6|0.0|0.0|67.8|0.0|64.3|31.0|64.2|43.9|56.1|0.0|73.0|52.5
3-(1H-Imidazol-4-yl)propyl di(p-fluorophenyl)methyl ether hydrochloride|1|30.0|Fc1ccc(C(OCCCc2c[nH]cn2)c2ccc(F)cc2)cc1|95|33.9|0.0|0.0|70.8|0.0|67.8|25.3|89.9|26.1|46.7|0.0|65.2|53.2
Indirubin-3'-oxime|1|10.0|O=C1Nc2ccccc2/C1=C1/Nc2ccccc2/C1=N\O|89|31.1|68.7|0.0|0.0|25.4|0.0|45.4|3.2|0.0|6.9|22.9|10.7|38.5
Indirubin-3'-oxime|1|30.0|O=C1Nc2ccccc2/C1=C1/Nc2ccccc2/C1=N\O|63|46.8|40.4|0.0|0.0|0.0|0.0|66.4|0.2|0.0|0.0|32.2|0.0|2.8
Indirubin-3'-oxime|2|10.0|O=C1Nc2ccccc2/C1=C1/Nc2ccccc2/C1=N\O|84|41.8|80.1|0.0|0.0|57.8|0.0|56.5|0.0|0.0|0.0|51.8|0.0|20.6
IC261|1|1.0|COc1cc(OC)c(/C=C2/C(=O)Nc3ccccc32)c(OC)c1|91|12.1|16.2|0.0|50.1|0.0|38.3|13.0|43.8|31.2|36.1|0.0|79.1|68.4
IC261|1|3.0|COc1cc(OC)c(/C=C2/C(=O)Nc3ccccc32)c(OC)c1|66|64.4|0.0|0.0|81.3|0.0|76.3|29.1|61.6|58.0|73.8|0.0|92.2|69.6
HA-100|1|30.0|O=S(=O)(c1cccc2ncccc12)N1CCNCC1|99|13.8|66.3|0.0|0.0|65.0|0.0|33.5|11.4|0.0|0.0|43.2|0.0|0.0
IMID-4F hydrochloride|1|30.0|Fc1ccc(CN(C2=NCCN2)c2c(Cl)cccc2Cl)cc1|103|10.4|0.0|0.0|69.2|0.0|73.0|8.3|87.7|40.4|28.5|0.0|52.9|35.5
R(-)-Isoproterenol (+)-bitartrate|1|10.0|CC(C)NC[C@H](O)c1ccc(O)c(O)c1|103|9.2|22.7|0.0|32.1|2.6|17.0|11.3|44.1|0.0|19.0|0.0|41.8|34.3
R(-)-Isoproterenol (+)-bitartrate|1|30.0|CC(C)NC[C@H](O)c1ccc(O)c(O)c1|96|8.5|0.0|0.0|58.5|0.0|55.5|33.0|72.9|11.5|45.4|0.0|62.7|39.5
ML-7 (hydrochloride)|1|30.0|O=S(=O)(c1cccc2c(I)cccc12)N1CCCNCC1|108|57.9|0.0|0.0|82.2|0.0|77.4|9.5|94.8|37.9|57.2|0.0|77.7|48.9
ML-7 (hydrochloride)|3|10.0|O=S(=O)(c1cccc2c(I)cccc12)N1CCCNCC1|99|17.6|0.0|0.0|66.9|0.0|64.4|11.0|83.0|32.5|14.8|0.0|60.6|31.4
Ifenprodil tartrate|1|10.0|CC(C(O)c1ccc(O)cc1)N1CCC(Cc2ccccc2)CC1|84|20.0|0.0|0.0|68.1|0.0|62.2|0.0|79.8|37.2|20.4|0.0|56.5|29.5
Ifenprodil tartrate|1|30.0|CC(C(O)c1ccc(O)cc1)N1CCC(Cc2ccccc2)CC1|108|63.0|0.0|0.0|73.3|0.0|72.2|22.6|93.3|30.1|45.0|0.0|68.8|39.1
Isoprenaline (hydrochloride)|1|10.0|CC(C)NCC(O)c1ccc(O)c(O)c1|96|7.4|5.6|0.0|57.3|0.0|48.2|25.3|68.3|8.3|51.5|0.0|65.8|53.8
Isoprenaline (hydrochloride)|1|30.0|CC(C)NCC(O)c1ccc(O)c(O)c1|105|8.8|0.0|0.0|60.9|0.0|52.7|18.0|71.9|15.5|55.5|0.0|69.5|50.5
(-)-Isoproterenol hydrochloride, (-)-Isoprenaline hydrochloride|1|10.0|CC(C)NC[C@H](O)c1ccc(O)c(O)c1|99|7.9|0.0|0.0|73.6|0.0|64.6|16.6|73.3|39.7|67.3|0.0|75.9|61.9
(-)-Isoproterenol hydrochloride, (-)-Isoprenaline hydrochloride|1|30.0|CC(C)NC[C@H](O)c1ccc(O)c(O)c1|89|6.9|0.0|0.0|64.8|0.0|58.2|26.5|67.2|19.7|62.9|0.0|68.2|58.8
H-7|1|30.0|CC1CNCCN1S(=O)(=O)c1cccc2cnccc12|97|12.3|38.8|0.0|32.8|17.0|24.4|31.3|65.0|0.0|27.1|0.0|43.6|43.4
S(+)-Isoproterenol (+)-bitartrate|1|10.0|CC(C)NC[C@@H](O)c1ccc(O)c(O)c1|106|6.2|0.0|0.0|80.5|0.0|69.6|9.4|72.5|39.0|70.8|0.0|75.2|62.3
S(+)-Isoproterenol (+)-bitartrate|1|30.0|CC(C)NC[C@@H](O)c1ccc(O)c(O)c1|107|8.1|0.1|0.0|57.6|0.0|47.9|20.8|66.3|14.0|41.9|0.0|59.2|44.0
JL-18|1|30.0|Cc1ccc2c(c1)C(N1CCN(C)CC1)=Nc1cccnc1N2|88|13.3|0.0|0.5|29.3|0.0|36.6|49.5|38.5|4.4|46.2|0.0|41.2|21.1
JWH-015|1|10.0|CCCn1c(C)c(C(=O)c2ccc3ccccc3c2)c2ccccc21|98|5.7|47.3|0.0|16.2|13.4|9.7|53.9|22.1|0.0|16.9|6.6|37.6|58.1
JWH-015|1|30.0|CCCn1c(C)c(C(=O)c2ccc3ccccc3c2)c2ccccc21|75|70.5|0.0|0.0|65.9|0.0|68.5|51.8|67.2|38.1|53.7|0.0|81.1|56.4
K 185|1|30.0|CCCC(=O)NCCc1c2n(c3ccc(OC)cc13)CCCc1ccccc1-2|91|52.3|0.0|0.0|42.3|0.0|52.2|52.2|54.4|6.6|44.9|0.0|53.7|32.9
L-703,606, oxalate|1|3.0|Ic1ccccc1CNC1C2CCN(CC2)C1C(c1ccccc1)c1ccccc1|108|5.2|0.0|0.0|75.0|0.0|71.1|18.9|76.8|38.1|42.0|0.0|65.8|34.9
L-703,606, oxalate|1|10.0|Ic1ccccc1CNC1C2CCN(CC2)C1C(c1ccccc1)c1ccccc1|86|63.9|0.0|0.0|80.9|0.0|78.2|13.8|95.3|39.4|52.8|0.0|71.4|59.1
Levallorphan tartrate|1|30.0|C=CCN1CC[C@]23CCCCC2[C@H]1Cc1ccc(O)cc13|111|12.6|3.1|0.0|56.0|0.0|55.5|25.9|79.2|18.2|30.8|0.0|55.9|33.7
L-750,667 trihydrochloride|1|30.0|Ic1ccc(N2CCN(Cc3c[nH]c4ncccc34)CC2)cc1|105|37.0|0.0|0.0|72.8|0.0|74.9|32.1|79.8|31.8|53.7|0.0|72.8|41.8
L-741626|1|10.0|OC1(c2ccc(Cl)cc2)CCN(Cc2c[nH]c3ccccc23)CC1|106|52.8|0.0|0.0|80.0|0.0|76.1|6.8|94.7|32.3|50.5|0.0|65.4|46.3
L-162,313|1|30.0|CCCCOC(=O)NS(=O)(=O)c1sc(CC(C)C)cc1-c1ccc(Cn2c(CC)nc3c(C)cc(C)nc32)cc1|98|34.5|0.0|0.0|48.0|0.0|52.6|50.9|56.9|14.7|37.0|0.0|53.9|40.0
LY-367,265|1|30.0|O=S1(=O)N(CCN2CC=C(c3c[nH]c4cc(F)ccc34)CC2)c2cccc3c2N1CCC3|96|34.5|0.0|0.0|27.1|0.0|32.9|48.9|48.7|0.0|25.2|0.0|41.8|10.3
LY310762|1|30.0|CC1(C)C(=O)N(CCN2CCC(C(=O)c3ccc(F)cc3)CC2)c2ccccc21|93|40.2|0.0|3.4|27.2|0.0|29.8|36.8|49.3|0.0|29.0|0.0|41.3|5.1
L-765,314|1|10.0|COc1cc2nc(N3CCN(C(=O)OCc4ccccc4)C(C(=O)NC(C)(C)C)C3)nc(N)c2cc1OC|101|45.8|0.0|0.0|69.8|0.0|71.0|21.7|91.0|31.2|34.1|0.0|66.3|34.9
L-765,314|1|30.0|COc1cc2nc(N3CCN(C(=O)OCc4ccccc4)C(C(=O)NC(C)(C)C)C3)nc(N)c2cc1OC|91|79.6|0.0|0.0|64.7|0.0|68.7|30.6|84.9|25.0|45.9|0.0|67.9|45.1
alpha-Lobeline hydrochloride, (-)-Lobeline hydrochloride|1|30.0|CN1[C@H](C[C@H](O)c2ccccc2)CCC[C@@H]1CC(=O)c1ccccc1|90|39.4|0.0|0.0|62.8|0.0|68.0|33.5|73.3|25.1|45.8|0.0|63.4|40.2
LE 300|1|30.0|CN1CCc2ccccc2Cc2[nH]c3ccccc3c2CC1|95|20.6|0.0|0.0|46.4|0.0|48.2|35.9|70.0|4.8|31.8|0.0|55.6|21.0
L-687,384 hydrochloride|1|10.0|c1ccc(CN2CCC3(CCCc4ccccc43)CC2)cc1|101|25.7|0.0|0.0|79.6|0.0|75.7|18.6|92.6|30.9|49.5|0.0|69.0|59.1
L-687,384 hydrochloride|1|30.0|c1ccc(CN2CCC3(CCCc4ccccc43)CC2)cc1|101|68.0|0.0|0.0|66.9|0.0|66.2|26.7|87.3|19.5|45.1|0.0|65.9|48.5
Methoctramine tetrahydrochloride|1|10.0|COc1ccccc1CNCCCCCCNCCCCCCCCNCCCCCCNCc1ccccc1OC|89|41.5|0.0|0.0|54.0|0.0|51.0|0.0|53.3|44.1|43.4|0.0|53.1|26.0
Methoctramine tetrahydrochloride|1|30.0|COc1ccccc1CNCCCCCCNCCCCCCCCNCCCCCCNCc1ccccc1OC|93|53.9|0.0|0.0|55.2|0.0|50.9|3.0|48.3|43.9|50.9|0.0|54.2|24.9
Methiothepin mesylate|1|3.0|CSc1ccc2c(c1)C(N1CCN(C)CC1)Cc1ccccc1S2|96|5.4|0.0|0.0|58.8|0.0|55.0|12.7|67.9|26.0|47.2|0.0|54.1|27.2
Methiothepin mesylate|1|10.0|CSc1ccc2c(c1)C(N1CCN(C)CC1)Cc1ccccc1S2|97|53.4|0.0|0.0|79.0|0.0|74.7|11.5|95.6|34.3|52.5|0.0|67.4|55.5
Methiothepin mesylate|1|30.0|CSc1ccc2c(c1)C(N1CCN(C)CC1)Cc1ccccc1S2|83|84.3|0.0|0.0|79.2|0.0|76.3|21.6|88.0|37.7|54.8|0.0|77.2|58.9
3-Methoxy-morphanin hydrochloride, nor-Dextromethorphan hydrochloride|1|10.0|COc1ccc2c(c1)[C@@]13CCCC[C@H]1[C@@H](C2)NCC3|93|13.3|0.0|0.0|66.2|0.0|61.0|1.1|54.7|31.9|43.7|0.0|49.1|38.0
3-Methoxy-morphanin hydrochloride, nor-Dextromethorphan hydrochloride|1|30.0|COc1ccc2c(c1)[C@@]13CCCC[C@H]1[C@@H](C2)NCC3|98|25.4|0.0|0.0|84.1|0.0|78.3|0.3|81.3|62.0|52.1|0.0|73.1|53.1
p-MPPI hydrochloride|1|10.0|COc1ccccc1N1CCN(CCN(C(=O)c2ccc(I)cc2)c2ccccn2)CC1|72|9.8|0.0|3.0|40.2|0.0|46.2|24.3|67.1|15.5|13.6|0.0|50.2|13.6
p-MPPI hydrochloride|1|30.0|COc1ccccc1N1CCN(CCN(C(=O)c2ccc(I)cc2)c2ccccn2)CC1|104|28.3|0.0|0.0|53.5|0.0|54.8|17.1|86.8|26.2|17.5|0.0|52.1|19.4
Metrifudil|1|10.0|Cc1ccccc1CNc1ncnc2c1ncn2C1OC(CO)C(O)C1O|88|20.0|0.0|0.0|42.3|32.2|32.3|0.0|57.7|0.2|16.0|0.0|57.3|30.2
Metrifudil|1|30.0|Cc1ccccc1CNc1ncnc2c1ncn2C1OC(CO)C(O)C1O|103|49.9|0.0|0.0|57.7|1.3|51.4|0.0|61.4|43.4|33.1|0.0|70.8|38.5
(-)-Naproxen sodium|1|10.0|COc1ccc2cc([C@H](C)C(=O)O)ccc2c1|95|7.6|0.0|0.0|3.4|0.0|0.6|0.0|0.0|0.0|2.1|0.0|0.0|0.0
MRS 1845, N-Propargylnitrendipene|1|30.0|C#CCN1C(C)=C(C(=O)OC)C(c2cccc([N+](=O)[O-])c2)C(C(=O)OCC)=C1C|102|5.9|10.0|0.0|19.0|0.0|16.6|48.3|38.5|5.4|22.9|0.0|30.7|3.2
MRS 1523|1|10.0|CCCOC(=O)c1c(-c2ccccc2)nc(CC)c(C(=O)SCC)c1CCC|86|21.2|0.0|0.0|65.4|0.0|58.0|0.0|81.0|26.7|30.3|0.0|62.0|23.0
MRS 1523|1|30.0|CCCOC(=O)c1c(-c2ccccc2)nc(CC)c(C(=O)SCC)c1CCC|108|33.3|0.0|0.0|66.3|0.0|57.9|6.1|80.5|20.5|43.6|0.0|70.1|23.7
Melphalan, L-Phenylalanine mustard|1|10.0|NC(Cc1ccc(N(CCCl)CCCl)cc1)C(=O)O|73|19.7|34.0|47.6|0.0|86.9|0.0|0.0|0.0|0.0|0.0|70.6|0.0|0.0
Melphalan, L-Phenylalanine mustard|1|30.0|NC(Cc1ccc(N(CCCl)CCCl)cc1)C(=O)O|69|27.1|44.3|37.7|0.0|91.5|0.0|15.8|0.0|0.0|0.0|72.4|0.0|0.0
Mevastatin, Compactin|1|10.0|CC[C@H](C)C(=O)O[C@H]1CCC=C2C=C[C@H](C)[C@H](CC[C@@H]3C[C@@H](O)CC(=O)O3)[C@H]21|107|35.1|0.0|0.0|86.9|0.0|81.8|20.6|83.0|45.4|57.0|0.0|77.0|67.3
Mevastatin, Compactin|1|30.0|CC[C@H](C)C(=O)O[C@H]1CCC=C2C=C[C@H](C)[C@H](CC[C@@H]3C[C@@H](O)CC(=O)O3)[C@H]21|101|82.4|0.0|0.0|86.9|0.0|83.3|19.4|76.8|59.6|68.8|0.0|87.7|66.8
MK-886|1|30.0|CC(C)c1ccc2c(c1)c(SC(C)(C)C)c(CC(C)(C)C(=O)O)n2Cc1ccc(Cl)cc1|88|7.3|42.5|2.4|0.0|34.7|0.0|22.3|0.0|0.0|0.0|40.1|0.0|0.0
Methylergonovine maleate, Methergine maleate|1|30.0|CC[C@@H](CO)NC(=O)[C@@H]1C=C2c3cccc4[nH]cc(c34)C[C@H]2N(C)C1|105|8.3|11.7|0.0|0.0|17.1|0.0|24.3|0.0|0.0|0.0|44.3|0.0|0.0
Metergoline|1|3.0|CN1C[C@H](CNC(=O)OCc2ccccc2)C[C@@H]2c3cccc4c3c(cn4C)C[C@H]21|103|24.4|0.0|0.0|72.0|0.0|68.0|21.4|92.4|23.5|45.0|0.0|69.6|51.4
Metergoline|1|10.0|CN1C[C@H](CNC(=O)OCc2ccccc2)C[C@@H]2c3cccc4c3c(cn4C)C[C@H]21|99|76.3|0.0|0.0|83.4|0.0|79.6|5.1|94.4|40.0|53.2|0.0|71.4|51.0
Mibefradil dihydrochloride, Ro 40-5967|1|3.0|COCC(=O)O[C@]1(CCN(C)CCCc2nc3ccccc3[nH]2)CCc2cc(F)ccc2[C@@H]1C(C)C|97|10.5|0.0|0.0|70.4|0.0|65.2|32.2|80.2|13.9|60.5|0.0|68.3|55.0
Mibefradil dihydrochloride, Ro 40-5967|1|10.0|COCC(=O)O[C@]1(CCN(C)CCCc2nc3ccccc3[nH]2)CCc2cc(F)ccc2[C@@H]1C(C)C|89|73.4|0.0|0.0|82.5|0.0|79.1|19.9|92.6|37.5|52.2|0.0|73.9|60.7
Gallopamil (hydrochloride)|1|10.0|COc1ccc(CCN(C)CCCC(C#N)(c2cc(OC)c(OC)c(OC)c2)C(C)C)cc1OC|102|11.4|0.0|0.0|47.4|0.0|49.7|32.0|70.4|18.0|20.7|0.0|49.9|16.7
Gallopamil (hydrochloride)|1|30.0|COc1ccc(CCN(C)CCCC(C#N)(c2cc(OC)c(OC)c(OC)c2)C(C)C)cc1OC|97|49.1|0.0|0.0|53.4|0.0|58.9|33.4|80.4|17.0|23.7|0.0|53.5|20.1
Metrazoline oxalate|1|10.0|Cc1ccccc1/C=C/C1=NCCN1|84|13.3|41.5|15.1|0.0|88.6|0.0|0.0|0.0|0.0|0.0|58.7|0.0|0.0
Metrazoline oxalate|1|30.0|Cc1ccccc1/C=C/C1=NCCN1|74|21.4|20.9|39.1|0.0|85.8|0.0|0.0|0.0|0.0|0.0|51.3|0.0|0.0
GW9662|1|10.0|O=C(Nc1ccccc1)c1cc([N+](=O)[O-])ccc1Cl|96|7.3|0.0|0.0|63.7|0.0|63.5|9.6|71.4|29.8|49.5|0.0|65.3|40.8
GW9662|1|30.0|O=C(Nc1ccccc1)c1cc([N+](=O)[O-])ccc1Cl|82|52.0|0.0|0.0|80.7|0.0|77.7|19.8|74.7|55.4|66.8|0.0|84.0|52.0
2-methoxyestradiol|1|1.0|COc1cc2c(cc1O)CC[C@@H]1[C@@H]2CC[C@]2(C)[C@@H](O)CC[C@@H]12|98|11.7|25.6|0.0|41.8|0.0|31.1|15.1|38.3|30.0|8.3|0.0|65.2|60.8
2-methoxyestradiol|1|3.0|COc1cc2c(cc1O)CC[C@@H]1[C@@H]2CC[C@]2(C)[C@@H](O)CC[C@@H]12|60|67.7|0.0|0.0|78.3|0.0|77.4|26.6|59.8|65.7|67.9|0.0|95.4|56.4
MDL 28170, Z-Val-Phe-CHO|1|10.0|CC(C)[C@H](NC(=O)OCc1ccccc1)C(=O)N[C@H](C=O)Cc1ccccc1|99|15.9|3.2|0.0|45.4|17.3|41.7|11.1|78.2|4.9|7.7|0.0|51.0|28.9
MDL 28170, Z-Val-Phe-CHO|1|30.0|CC(C)[C@H](NC(=O)OCc1ccccc1)C(=O)N[C@H](C=O)Cc1ccccc1|95|44.0|0.0|0.0|54.6|0.0|52.5|11.0|89.4|12.8|23.0|0.0|56.9|24.7
Mifepristone, RU-486|1|10.0|CC#C[C@]1(O)CC[C@H]2[C@@H]3CCC4=CC(=O)CCC4=C3[C@@H](c3ccc(N(C)C)cc3)C[C@@]21C|107|11.6|47.3|0.0|0.0|12.3|0.0|46.8|17.1|0.0|3.1|24.6|7.6|12.6
Mifepristone, RU-486|1|30.0|CC#C[C@]1(O)CC[C@H]2[C@@H]3CCC4=CC(=O)CCC4=C3[C@@H](c3ccc(N(C)C)cc3)C[C@@]21C|85|27.1|18.6|0.0|34.8|0.0|25.5|57.5|46.7|12.0|44.7|0.0|57.3|45.7
H-8 dihydrochloride|1|30.0|CNCCNS(=O)(=O)c1cccc2cnccc12|105|6.7|65.7|0.0|0.0|76.6|0.0|14.0|0.0|0.0|0.0|51.5|0.0|5.0
Naltrindole hydrochloride, NTI hydrochloride|1|10.0|Oc1ccc2c3c1O[C@H]1c4[nH]c5ccccc5c4C[C@@]4(O)C(C2)N(CC2CC2)CCC314|105|7.1|0.0|0.0|61.5|0.0|59.5|21.1|79.8|8.2|38.3|0.0|54.4|42.0
Naltrindole hydrochloride, NTI hydrochloride|1|30.0|Oc1ccc2c3c1O[C@H]1c4[nH]c5ccccc5c4C[C@@]4(O)C(C2)N(CC2CC2)CCC314|105|37.1|0.0|0.0|74.0|0.0|70.4|17.5|95.8|29.5|39.4|0.0|64.2|44.4
Nylidrin (hydrochloride)|1|10.0|CC(CCc1ccccc1)NC(C)C(O)c1ccc(O)cc1|100|20.0|0.0|0.0|70.1|0.0|63.1|0.0|84.1|24.3|40.5|0.0|65.9|53.0
Nylidrin (hydrochloride)|1|30.0|CC(CCc1ccccc1)NC(C)C(O)c1ccc(O)cc1|95|66.1|0.0|0.0|81.8|0.0|77.6|25.8|85.8|40.8|61.2|0.0|79.7|55.7
Naltriben methanesulfonate, NTB|1|10.0|Oc1ccc2c3c1O[C@H]1c4oc5ccccc5c4C[C@@]4(O)C(C2)N(CC2CC2)CCC314|105|17.3|0.0|0.0|71.1|0.0|73.2|1.1|87.4|40.7|34.7|0.0|56.4|48.6
Naltriben methanesulfonate, NTB|1|30.0|Oc1ccc2c3c1O[C@H]1c4oc5ccccc5c4C[C@@]4(O)C(C2)N(CC2CC2)CCC314|99|82.4|0.0|0.0|70.8|0.0|69.8|16.6|88.5|28.5|42.2|0.0|68.0|39.2
Naloxone benzoylhydrazone|1|30.0|C=CCN1CC[C@]23c4c5ccc(O)c4O[C@H]2/C(=N/NC(=O)c2ccccc2)CC[C@@]3(O)[C@H]1C5|100|7.4|5.9|2.7|1.1|0.0|6.3|38.4|27.4|0.0|0.0|11.1|12.9|0.0
NS-1619|1|10.0|O=c1[nH]c2cc(C(F)(F)F)ccc2n1-c1cc(C(F)(F)F)ccc1O|96|7.9|0.0|5.9|43.8|0.0|41.4|1.5|63.1|6.0|3.1|0.0|52.3|10.0
NS-1619|1|30.0|O=c1[nH]c2cc(C(F)(F)F)ccc2n1-c1cc(C(F)(F)F)ccc1O|95|6.9|0.0|6.7|52.0|0.0|57.8|2.6|48.0|30.0|34.0|0.0|54.7|11.4
Naloxonazine dihydrochloride|1|10.0|C=CCN1CC[C@]23c4c5ccc(O)c4O[C@@H]2/C(=N/N=C2\CC[C@@]4(O)C6Cc7ccc(O)c8c7[C@@]4(CCN6CC=C)[C@@H]2O8)CC[C@@]3(O)C1C5|89|34.7|0.0|0.0|63.5|0.0|61.7|10.7|92.7|19.2|25.6|0.0|59.2|41.5
NS-2028|1|30.0|O=c1onc2n1-c1cc(Br)ccc1OC2|102|16.2|0.0|0.0|63.4|0.0|61.3|42.3|63.0|25.7|60.6|0.0|69.5|45.7
NNC 55-0396|1|3.0|CC(C)c1cc(F)cc2c1C[C@](CCN(C)CCCc1nc3ccccc3[nH]1)(OC(=O)C1CC1)CC2|103|38.2|0.0|0.0|80.4|0.0|76.0|26.9|89.9|31.4|67.4|0.0|74.5|62.3
NSC 95397|1|10.0|O=C1C(SCCO)=C(SCCO)C(=O)c2ccccc21|75|5.4|0.0|23.6|4.9|59.3|0.0|5.1|25.5|2.3|4.5|10.3|39.8|0.0
NAN-190 (hydrobromide)|1|10.0|COc1ccccc1N1CCN(CCCCN2C(=O)c3ccccc3C2=O)CC1|85|12.3|0.0|0.0|59.2|0.0|52.1|8.7|85.4|4.5|32.8|0.0|61.9|36.5
NAN-190 (hydrobromide)|1|30.0|COc1ccccc1N1CCN(CCCCN2C(=O)c3ccccc3C2=O)CC1|106|16.9|0.0|0.0|63.0|0.0|62.3|11.4|90.5|11.1|32.8|0.0|60.4|29.0
Nordihydroguaiaretic acid from Larrea divaricata (creosote bush), NDGA|1|10.0|C[C@@H](Cc1ccc(O)c(O)c1)[C@H](C)Cc1ccc(O)c(O)c1|91|11.1|56.6|0.0|0.0|57.8|0.0|31.6|10.9|0.0|0.0|40.9|0.0|11.4
Nordihydroguaiaretic acid from Larrea divaricata (creosote bush), NDGA|1|30.0|C[C@@H](Cc1ccc(O)c(O)c1)[C@H](C)Cc1ccc(O)c(O)c1|97|10.7|10.7|6.6|11.7|2.5|23.1|61.2|35.3|0.0|23.1|0.0|31.4|19.6
Nimustine hydrochloride, ACNU|1|10.0|Cc1ncc(CNC(=O)N(CCCl)N=O)c(N)n1|88|6.7|18.4|0.0|0.0|19.9|0.0|0.0|0.0|7.4|0.0|31.2|0.0|0.0
(±)-Octoclothepin maleate|1|10.0|CN1CCN(C2Cc3ccccc3Sc3ccc(Cl)cc32)CC1|103|52.3|0.0|0.0|82.4|0.0|79.1|18.0|95.5|40.0|57.8|0.0|71.1|57.5
Olomoucine|1|10.0|Cn1cnc2c(NCc3ccccc3)nc(NCCO)nc21|96|6.9|0.0|0.0|50.2|0.0|51.4|0.0|64.6|24.0|3.8|0.0|42.7|31.9
N-Oleoyldopamine, OLDA|1|10.0|CCCCCCCC/C=C\CCCCCCCC(=O)NCCc1ccc(O)c(O)c1|71|28.7|1.0|0.0|42.3|19.9|37.5|3.8|59.1|7.9|21.5|0.0|49.3|37.1
N-Oleoyldopamine, OLDA|1|30.0|CCCCCCCC/C=C\CCCCCCCC(=O)NCCc1ccc(O)c(O)c1|58|58.9|0.0|0.0|62.8|0.0|59.1|31.8|69.1|31.2|62.9|0.0|72.9|53.7
Ouabain, Acocantherine|1|10.0|C[C@@H]1O[C@@H](O[C@H]2C[C@@H](O)[C@]3(CO)[C@H]4[C@H](O)C[C@]5(C)[C@@H](C6=CC(=O)OC6)CC[C@]5(O)[C@@H]4CC[C@]3(O)C2)[C@H](O)[C@H](O)[C@H]1O|50|61.1|0.0|0.0|71.7|0.0|76.8|0.0|41.8|88.4|54.8|0.0|74.2|46.4
2-Phenylaminoadenosine, CV-1808|1|10.0|Nc1nc(Nc2ccccc2)nc2c1ncn2[C@@H]1O[C@H](CO)[C@H](O)C1O|105|6.7|0.0|0.0|80.6|0.0|77.5|16.8|66.7|45.6|48.4|0.0|67.4|56.0
2-Phenylaminoadenosine, CV-1808|1|30.0|Nc1nc(Nc2ccccc2)nc2c1ncn2[C@@H]1O[C@H](CO)[C@H](O)C1O|105|12.3|4.9|0.0|77.0|0.0|78.8|38.1|67.7|45.5|58.5|0.0|65.9|75.8
S(-)-3PPP hydrochloride, Preclamol hydrochloride|1|30.0|CCCN1CCC[C@@H](c2cccc(O)c2)C1|107|10.9|0.0|0.0|65.4|0.0|63.5|10.0|74.2|39.8|43.2|0.0|74.2|32.8
(±)-PPHT hydrochloride|1|30.0|CCCN(CCc1ccccc1)C1CCc2c(O)cccc2C1|95|44.0|0.0|0.0|67.8|0.0|64.0|24.3|90.6|19.6|38.8|0.0|65.9|43.9
Phenamil methanesulfonate|1|10.0|N=C(NC(=O)c1nc(Cl)c(N)nc1N)Nc1ccccc1|96|24.7|0.0|0.0|68.7|0.0|62.3|0.5|76.8|11.1|48.1|0.0|50.6|47.6
Phenamil methanesulfonate|1|30.0|N=C(NC(=O)c1nc(Cl)c(N)nc1N)Nc1ccccc1|94|68.2|0.0|0.0|69.3|0.0|65.2|23.7|93.6|19.0|51.4|0.0|68.4|52.5
Progesterone|1|30.0|CC(=O)[C@H]1CC[C@H]2[C@@H]3CCC4=CC(=O)CC[C@]4(C)[C@H]3CC[C@]12C|94|46.3|0.0|0.0|70.9|0.0|70.5|23.5|86.3|20.7|45.8|0.0|69.1|49.8
PNU-37887A|1|30.0|C1CCC(N/C(=N\C23CC4CC(CC(C4)C2)C3)N2CCOCC2)CC1|111|11.7|0.0|0.0|56.9|0.0|55.3|29.5|75.5|11.5|27.9|0.0|59.3|38.7
Pentamidine isethionate|1|10.0|N=C(N)c1ccc(OCCCCCOc2ccc(C(=N)N)cc2)cc1|109|18.0|0.0|0.0|28.5|10.0|15.3|0.0|49.3|0.0|4.2|0.0|39.5|0.0
Pentamidine isethionate|1|30.0|N=C(N)c1ccc(OCCCCCOc2ccc(C(=N)N)cc2)cc1|82|57.0|0.0|4.3|39.4|0.0|36.3|31.8|40.8|18.4|53.1|0.0|56.6|24.7
Parthenolide|1|10.0|C=C1C(=O)O[C@H]2[C@H]1CC/C(C)=C\CC[C@@]1(C)O[C@H]21|82|15.0|0.0|0.0|46.6|0.0|44.2|2.8|44.5|25.7|23.9|0.0|60.2|47.5
Propranolol (hydrochloride)|1|10.0|CC(C)NCC(O)COc1cccc2ccccc12|103|10.7|0.0|0.0|80.9|0.0|74.9|29.4|75.9|31.0|63.2|0.0|72.3|56.8
Propranolol (hydrochloride)|1|30.0|CC(C)NCC(O)COc1cccc2ccccc12|100|59.6|0.0|0.0|63.8|0.0|65.7|33.0|75.6|17.7|46.7|0.0|67.3|39.3
5-alpha-THDOC|1|30.0|C[C@]12CC[C@@H](O)C[C@@H]1CCC1C2CC[C@@]2(C)C1CC[C@@H]2C(=O)CO|95|6.9|20.0|0.0|48.9|0.0|55.1|38.3|77.5|4.5|42.9|0.0|44.3|49.8
8-Phenyltheophylline|1|30.0|Cn1c(=O)c2[nH]c(-c3ccccc3)nc2n(C)c1=O|101|5.0|0.0|0.0|45.2|0.0|43.6|1.4|19.8|45.9|51.6|0.0|47.0|46.6
1-Phenyl-3-(2-thiazolyl)-2-thiourea|1|30.0|S=C(Nc1ccccc1)Nc1nccs1|86|10.2|19.5|0.0|36.8|0.0|49.8|49.2|29.7|35.4|51.2|0.0|40.7|63.3
Phenylephrine hydrochloride|1|10.0|CNC[C@H](O)c1cccc(O)c1|92|11.1|0.0|0.0|73.6|0.0|65.6|17.8|79.9|35.9|55.2|0.0|75.5|60.7
Phenylephrine hydrochloride|1|30.0|CNC[C@H](O)c1cccc(O)c1|100|9.0|0.0|0.0|77.4|0.0|72.4|8.5|77.3|38.2|64.2|0.0|70.4|54.2
PDMP hydrochloride|1|10.0|CCCCCCCCCC(=O)NC(CN1CCOCC1)[C@H](O)c1ccccc1|96|15.7|0.0|0.0|84.0|0.0|86.4|31.7|73.9|54.7|65.0|0.0|81.0|57.5
PDMP hydrochloride|1|30.0|CCCCCCCCCC(=O)NC(CN1CCOCC1)[C@H](O)c1ccccc1|89|68.4|0.0|0.0|77.5|0.0|80.2|31.5|82.5|38.7|58.9|0.0|74.6|46.8
Propionylpromazine hydrochloride|1|10.0|CCC(=O)c1ccc2c(c1)N(CCCN(C)C)c1ccccc1S2|90|43.2|0.0|0.0|71.5|0.0|70.6|12.5|96.3|36.2|35.0|0.0|62.9|41.6
Propionylpromazine hydrochloride|1|30.0|CCC(=O)c1ccc2c(c1)N(CCCN(C)C)c1ccccc1S2|84|84.6|0.0|0.0|78.4|0.0|77.4|22.9|88.3|37.9|51.2|0.0|77.2|54.6
Phorbol 12-myristate 13-acetate, PMA|1|0.2|CCCCCCCCCCCCCC(=O)O[C@@H]1[C@@H](C)[C@@]2(O)[C@@H](C=C(CO)C[C@@]3(O)C(=O)C(C)=C[C@H]32)[C@@H]2C(C)(C)[C@]12OC(C)=O|85|36.3|21.7|0.0|62.4|0.0|58.3|9.4|77.8|36.2|33.6|0.0|64.2|69.8
Phorbol 12-myristate 13-acetate, PMA|1|2.0|CCCCCCCCCCCCCC(=O)O[C@@H]1[C@@H](C)[C@@]2(O)[C@@H](C=C(CO)C[C@@]3(O)C(=O)C(C)=C[C@H]32)[C@@H]2C(C)(C)[C@]12OC(C)=O|92|31.4|36.4|0.0|62.2|0.0|60.9|16.1|73.0|36.1|42.3|0.0|63.8|76.9
Phorbol 12-myristate 13-acetate, PMA|1|10.0|CCCCCCCCCCCCCC(=O)O[C@@H]1[C@@H](C)[C@@]2(O)[C@@H](C=C(CO)C[C@@]3(O)C(=O)C(C)=C[C@H]32)[C@@H]2C(C)(C)[C@]12OC(C)=O|85|37.5|22.2|0.0|59.9|4.5|53.1|16.9|74.6|25.3|45.1|0.0|69.2|72.6
Ammonium pyrrolidinedithiocarbamate, APDC|1|10.0|S=C(S)N1CCCC1|83|26.4|20.3|0.0|18.0|41.7|18.1|32.0|40.1|16.8|20.0|0.0|38.9|16.9
Ammonium pyrrolidinedithiocarbamate, APDC|1|30.0|S=C(S)N1CCCC1|91|19.9|10.9|14.0|0.0|59.6|0.0|27.5|13.2|0.0|0.1|42.6|6.9|0.0
Pergolide methanesulfonate, propylergoline methanesulfonate|1|10.0|CCCN1C[C@H](CSC)C[C@@H]2c3cccc4[nH]cc(c34)C[C@H]21|95|23.3|0.0|0.0|69.6|0.0|68.1|20.6|82.8|27.2|36.0|0.0|69.8|35.4
Pergolide methanesulfonate, propylergoline methanesulfonate|1|30.0|CCCN1C[C@H](CSC)C[C@@H]2c3cccc4[nH]cc(c34)C[C@H]21|106|33.2|0.0|0.0|48.0|0.0|45.4|24.3|68.7|9.8|24.1|0.0|52.8|21.0
6(5H)-Phenanthridinone|1|30.0|Oc1nc2ccccc2c2ccccc12|94|8.1|27.3|0.0|22.9|12.9|21.5|45.4|57.9|0.0|1.6|0.0|38.4|24.0
Prochlorperazine dimaleate|1|3.0|CN1CCN(CCCN2c3ccccc3Sc3ccc(Cl)cc32)CC1|99|21.1|0.0|0.0|79.1|0.0|78.8|29.6|85.8|29.0|58.9|0.0|76.1|51.2
PD 169316|1|0.2|O=[N+]([O-])c1ccc(-c2nc(-c3ccc(F)cc3)c(-c3ccncc3)[nH]2)cc1|92|6.0|38.0|0.0|0.0|74.2|0.0|0.0|0.0|0.0|0.0|49.8|0.0|0.0
PD 169316|1|2.0|O=[N+]([O-])c1ccc(-c2nc(-c3ccc(F)cc3)c(-c3ccncc3)[nH]2)cc1|96|5.7|34.6|0.0|0.0|58.2|0.0|0.0|8.8|0.0|0.0|42.7|0.0|0.0
PD 169316|1|30.0|O=[N+]([O-])c1ccc(-c2nc(-c3ccc(F)cc3)c(-c3ccncc3)[nH]2)cc1|102|28.3|15.1|0.0|22.1|27.1|18.6|27.8|62.1|0.0|1.9|0.0|38.1|11.1
PD 169316|3|10.0|O=[N+]([O-])c1ccc(-c2nc(-c3ccc(F)cc3)c(-c3ccncc3)[nH]2)cc1|98|37.5|28.2|0.0|33.2|7.6|36.0|39.5|72.6|0.0|16.0|0.0|44.0|31.0
Paromomycin sulfate|1|30.0|NCC1OC(O[C@@H]2[C@H](O)C(OC3C(O)C(N)CC(N)C3OC3OC(CO)C(O)C(O)C3N)O[C@@H]2CO)C(N)C(O)C1O|95|7.3|34.3|0.0|0.0|39.7|0.0|0.0|0.0|17.0|0.0|30.9|0.0|5.8
o-Phenanthroline|1|10.0|c1cnc2c(c1)ccc1cccnc12|71|44.2|46.1|11.6|0.0|96.0|0.0|0.0|0.0|0.0|0.0|63.2|0.0|0.0
o-Phenanthroline|1|30.0|c1cnc2c(c1)ccc1cccnc12|68|44.2|43.7|17.0|0.0|96.1|0.0|0.0|0.0|0.0|0.0|63.5|0.0|0.0
o-Phenanthroline|3|10.0|c1cnc2c(c1)ccc1cccnc12|71|36.4|44.7|11.6|0.0|92.3|0.0|0.0|0.0|0.0|0.0|59.0|0.0|0.0
o-Phenanthroline|3|30.0|c1cnc2c(c1)ccc1cccnc12|70|41.1|47.2|5.6|0.0|93.2|0.0|0.0|0.0|0.0|0.0|59.2|0.0|0.0
o-Phenanthroline|3|50.0|c1cnc2c(c1)ccc1cccnc12|67|45.8|48.0|8.2|0.0|92.5|0.0|0.0|0.0|0.0|0.0|64.6|0.0|0.0
Paroxetine hydrochloride hemihydrate (MW = 374.83)|1|10.0|Fc1ccc([C@@H]2CCNC[C@H]2COc2ccc3c(c2)OCO3)cc1|89|70.5|0.0|0.0|87.7|0.0|86.0|14.0|86.6|51.6|54.1|0.0|77.2|64.2
Pyridostigmine bromide|1|30.0|CN(C)C(=O)Oc1ccc[n+](C)c1|102|9.3|48.9|0.0|0.0|32.7|0.0|0.0|0.0|0.0|0.0|32.4|0.0|0.6
Psora-4|1|30.0|O=c1ccc2c(OCCCCc3ccccc3)c3ccoc3cc2o1|108|8.8|0.0|22.6|33.1|0.0|43.7|44.6|24.1|7.4|30.6|0.0|29.4|7.8
Quipazine, 6-nitro-, maleate|1|10.0|O=[N+]([O-])c1ccc2nc(N3CCNCC3)ccc2c1|106|9.0|0.0|0.0|54.4|0.0|49.2|14.8|56.1|0.0|42.9|0.0|31.3|41.1
Quipazine, 6-nitro-, maleate|1|30.0|O=[N+]([O-])c1ccc2nc(N3CCNCC3)ccc2c1|99|9.7|3.5|0.0|52.1|0.0|51.6|35.7|72.6|14.1|39.9|0.0|52.7|40.1
Quinelorane dihydrochloride, LY-163,502|1|10.0|CCCN1CCC[C@@H]2Cc3nc(N)ncc3C[C@H]21|105|9.7|0.0|0.0|18.5|0.0|16.9|9.8|18.3|0.0|10.1|0.0|0.0|0.0
Quinidine sulfate|1|1.0|C=C[C@H]1CN2CC[C@H]1C[C@@H]2[C@@H](O)c1ccnc2ccc(OC)cc12|103|23.1|0.0|7.0|47.6|0.0|57.2|36.4|36.3|36.4|46.9|0.0|46.8|12.5
Quinidine sulfate|1|3.0|C=C[C@H]1CN2CC[C@H]1C[C@@H]2[C@@H](O)c1ccnc2ccc(OC)cc12|102|25.2|0.0|0.3|39.2|0.0|43.3|33.0|26.3|29.0|54.8|0.0|44.2|29.7
Quinidine sulfate|1|10.0|C=C[C@H]1CN2CC[C@H]1C[C@@H]2[C@@H](O)c1ccnc2ccc(OC)cc12|100|35.8|0.0|0.0|28.6|0.0|30.9|26.6|55.3|3.0|22.7|0.0|34.3|0.0
Quinidine sulfate|1|10.0|C=C[C@H]1CN2CC[C@H]1C[C@@H]2[C@@H](O)c1ccnc2ccc(OC)cc12|96|33.9|0.0|0.0|57.6|0.0|59.9|17.7|75.5|22.6|41.1|0.0|58.2|19.6
Quinidine sulfate|1|30.0|C=C[C@H]1CN2CC[C@H]1C[C@@H]2[C@@H](O)c1ccnc2ccc(OC)cc12|87|66.3|0.0|0.0|66.5|0.0|66.2|14.7|92.2|21.9|37.5|0.0|60.8|34.5
Quinidine sulfate|1|30.0|C=C[C@H]1CN2CC[C@H]1C[C@@H]2[C@@H](O)c1ccnc2ccc(OC)cc12|83|66.3|0.0|0.0|56.7|0.0|57.8|22.8|83.6|20.1|37.7|0.0|55.5|27.9
Quinidine sulfate|1|50.0|C=C[C@H]1CN2CC[C@H]1C[C@@H]2[C@@H](O)c1ccnc2ccc(OC)cc12|93|84.3|0.0|0.0|72.2|0.0|69.0|13.8|90.5|23.7|47.8|0.0|66.3|43.3
Quinine sulfate|1|30.0|C=C[C@H]1CN2CC[C@H]1C[C@H]2[C@H](O)c1ccnc2ccc(OC)cc12|85|48.5|0.0|0.0|46.1|0.0|49.4|31.4|65.5|14.9|34.0|0.0|50.7|23.6
Quinine sulfate|1|30.0|C=C[C@H]1CN2CC[C@H]1C[C@H]2[C@H](O)c1ccnc2ccc(OC)cc12|91|18.8|0.0|11.4|14.0|1.8|11.8|29.4|30.8|9.6|27.5|0.0|26.3|0.0
Quinine sulfate|1|50.0|C=C[C@H]1CN2CC[C@H]1C[C@H]2[C@H](O)c1ccnc2ccc(OC)cc12|81|57.5|0.0|0.0|61.7|0.0|63.3|24.8|84.2|27.5|37.1|0.0|60.2|31.2
Ritanserin|1|30.0|Cc1nc2sccn2c(=O)c1CCN1CCC(=C(c2ccc(F)cc2)c2ccc(F)cc2)CC1|85|54.2|1.7|0.0|64.8|0.0|66.1|30.7|89.6|27.3|39.6|0.0|58.0|48.1
Ro 41-0960|3|1.0|O=C(c1cc(O)c(O)c([N+](=O)[O-])c1)c1ccccc1F|83|33.3|12.6|26.9|0.0|41.7|0.0|22.1|7.5|0.0|0.0|35.7|0.0|0.0
Ro 41-0960|3|3.0|O=C(c1cc(O)c(O)c([N+](=O)[O-])c1)c1ccccc1F|63|55.6|0.0|43.4|5.3|19.7|17.9|37.5|43.7|0.0|0.7|0.0|20.0|0.0
Riluzole, Rilutek|1|10.0|Nc1nc2ccc(OC(F)(F)F)cc2s1|96|5.9|0.0|0.0|41.5|0.0|39.9|0.0|69.9|9.8|0.0|0.0|42.4|18.3
Riluzole, Rilutek|1|30.0|Nc1nc2ccc(OC(F)(F)F)cc2s1|93|42.3|0.0|0.0|73.1|0.0|72.7|39.4|66.5|32.9|65.9|0.0|77.0|45.3
Ritodrine hydrochloride|1|30.0|C[C@@H](NCCc1ccc(O)cc1)[C@@H](O)c1ccc(O)cc1|102|6.6|0.0|0.0|75.0|0.0|67.0|4.8|70.2|33.5|52.1|0.0|64.3|49.6
REV 5901|1|30.0|CCCCCC(O)c1cccc(OCc2ccc3ccccc3n2)c1|103|9.8|0.0|0.0|41.0|0.0|43.1|57.1|42.8|19.2|39.9|0.0|53.4|32.0
Ro 25-6981 hydrochloride|1|30.0|C[C@@H](CN1CCC(Cc2ccccc2)CC1)[C@@H](O)c1ccc(O)cc1|91|20.9|2.5|0.0|46.0|2.1|43.1|22.1|81.1|0.0|25.9|0.0|51.1|28.9
Roscovitine|1|10.0|CC[C@@H](CO)Nc1nc(NCc2ccccc2)c2ncn(C(C)C)c2n1|85|15.0|50.8|10.0|0.0|89.2|0.0|5.8|0.0|0.0|0.0|59.3|0.0|0.0
Roscovitine|1|30.0|CC[C@@H](CO)Nc1nc(NCc2ccccc2)c2ncn(C(C)C)c2n1|62|40.2|20.8|48.9|0.0|83.3|0.0|38.1|0.0|0.0|0.0|62.7|0.0|0.0
Rotenone|7|0.3|C=C(C)[C@H]1Cc2c(ccc3c2O[C@@H]2COc4cc(OC)c(OC)cc4[C@@H]2C3=O)O1|77|35.6|0.0|0.0|70.3|0.0|65.1|11.2|60.6|59.1|53.9|0.0|88.7|54.2
Rotenone|7|1.0|C=C(C)[C@H]1Cc2c(ccc3c2O[C@@H]2COc4cc(OC)c(OC)cc4[C@@H]2C3=O)O1|55|51.5|0.0|1.8|76.7|0.0|75.9|28.7|61.1|61.0|56.9|0.0|93.5|52.8
Rotenone|7|1.0|C=C(C)[C@H]1Cc2c(ccc3c2O[C@@H]2COc4cc(OC)c(OC)cc4[C@@H]2C3=O)O1|58|53.2|0.0|14.4|72.1|0.0|77.9|30.0|57.4|58.2|70.0|0.0|86.1|48.9
Ro 8-4304|1|30.0|NC(=O)c1ccc(OCC(O)CN2CC=C(c3ccc(F)cc3)CC2)cc1|91|13.0|9.4|0.0|57.5|0.0|58.0|37.8|82.1|11.9|46.1|0.0|59.8|55.3
1-(1-Naphthyl)piperazine hydrochloride|1|30.0|c1ccc2c(N3CCNCC3)cccc2c1|105|61.7|0.0|0.0|78.5|0.0|75.9|23.5|86.1|37.7|60.9|0.0|76.9|55.4
Ketanserin tartrate, R 41468|1|10.0|O=C(c1ccc(F)cc1)C1CCN(CCn2c(=O)[nH]c3ccccc3c2=O)CC1|95|6.6|0.0|0.0|46.3|0.0|40.6|16.0|72.8|17.1|11.1|0.0|50.7|19.5
Ketanserin tartrate, R 41468|1|30.0|O=C(c1ccc(F)cc1)C1CCN(CCn2c(=O)[nH]c3ccccc3c2=O)CC1|103|43.2|0.0|0.0|55.2|0.0|59.6|30.3|77.7|20.5|31.2|0.0|56.8|18.0
PAPP, LY-165,163, p-Aminophenethyl-m-trifluoromethylphenyl piperazine|1|10.0|Nc1ccc(CCN2CCN(c3cccc(C(F)(F)F)c3)CC2)cc1|95|11.9|0.0|0.0|56.4|0.0|55.1|31.3|67.4|37.9|24.5|0.0|57.6|31.1
PAPP, LY-165,163, p-Aminophenethyl-m-trifluoromethylphenyl piperazine|1|30.0|Nc1ccc(CCN2CCN(c3cccc(C(F)(F)F)c3)CC2)cc1|101|45.4|0.0|0.0|62.4|0.0|63.2|47.6|71.7|29.3|42.9|0.0|66.0|37.6
Spiroxatrine, R 5188|1|30.0|O=C1NCN(c2ccccc2)C12CCN(CC1COc3ccccc3O1)CC2|97|10.5|0.0|0.0|57.4|0.0|60.2|38.2|70.3|17.3|43.5|0.0|59.8|30.1
(±)-6-Chloro-PB hydrobromide, (±)-SKF-81297 hydrobromide|1|10.0|Oc1cc2c(c(Cl)c1O)CCNCC2c1ccccc1|94|13.3|56.6|0.0|17.6|27.0|1.3|10.4|23.2|0.0|21.1|4.6|34.9|65.1
(±)-6-Chloro-PB hydrobromide, (±)-SKF-81297 hydrobromide|1|30.0|Oc1cc2c(c(Cl)c1O)CCNCC2c1ccccc1|74|17.6|42.5|7.3|0.0|93.1|0.0|0.0|0.0|0.0|0.0|64.6|0.0|0.0
SDZ-205,557 hydrochloride|1|30.0|CCN(CC)CCOC(=O)c1cc(Cl)c(N)cc1OC|95|16.6|0.0|0.0|79.8|0.0|74.9|25.3|81.3|40.3|59.2|0.0|78.7|52.9
SB 206553 hydrochloride|1|10.0|Cn1ccc2cc3c(cc21)CCN3C(=O)Nc1cccnc1|99|15.7|4.4|0.0|0.0|0.0|5.1|21.2|0.0|3.9|33.0|0.0|0.0|0.8
SB-366791, Vanilloid receptor-1 antagonist|1|10.0|COc1ccc(NC(=O)/C=C/c2ccc(Cl)cc2)cc1|61|12.4|36.0|0.0|23.5|26.9|17.1|28.4|46.6|0.0|13.9|4.0|37.0|37.2
SB-366791, Vanilloid receptor-1 antagonist|1|30.0|COc1ccc(NC(=O)/C=C/c2ccc(Cl)cc2)cc1|92|49.1|0.6|0.0|62.6|0.0|70.1|57.7|71.6|21.1|54.2|0.0|60.9|57.1
Nitroprusside (disodium dihydrate)|1|30.0|N#C[Fe]C#N|91|16.9|10.5|8.1|0.0|35.5|0.0|17.1|16.9|1.1|3.8|18.2|4.4|0.0
SB 200646 hydrochloride|1|30.0|CN1CCc2cc(NC(=O)Nc3cccnc3)ccc21|100|21.6|0.0|0.0|56.0|0.0|49.4|38.6|52.6|38.3|37.5|0.0|80.9|31.9
SB 204741|1|30.0|Cc1cc(NC(=O)Nc2ccc3c(ccn3C)c2)sn1|99|7.6|0.0|0.0|48.2|0.0|56.2|55.9|55.2|10.8|33.4|0.0|55.9|18.7
SB-215505|1|30.0|Cc1cc2c(cc1Cl)N(C(=O)Nc1ccnc3ccccc13)CC2|92|10.5|0.0|13.2|51.5|0.0|54.6|42.0|55.7|18.0|61.2|0.0|60.1|37.7
Cortexolone maleate|1|1.0|COc1ccccc1N1CCN(CCCCNS(=O)(=O)c2cccc3c(N(C)C)cccc23)CC1|92|16.6|0.0|0.0|62.5|0.0|60.1|5.8|89.3|14.9|36.2|0.0|63.1|36.6
Cortexolone maleate|1|3.0|COc1ccccc1N1CCN(CCCCNS(=O)(=O)c2cccc3c(N(C)C)cccc23)CC1|96|37.7|0.0|0.0|72.8|0.0|71.9|9.9|96.9|29.1|39.8|0.0|65.4|44.0
Cortexolone maleate|1|10.0|COc1ccccc1N1CCN(CCCCNS(=O)(=O)c2cccc3c(N(C)C)cccc23)CC1|89|60.1|0.0|0.0|76.3|0.0|73.6|12.9|95.5|29.5|45.4|0.0|67.2|48.0
Cortexolone maleate|1|30.0|COc1ccccc1N1CCN(CCCCNS(=O)(=O)c2cccc3c(N(C)C)cccc23)CC1|90|81.3|0.0|0.0|76.9|0.0|76.0|24.3|87.8|34.2|53.5|0.0|71.3|55.1
SU 9516|1|1.0|COc1ccc2c(c1)/C(=C/c1cnc[nH]1)C(=O)N2|98|9.2|14.0|44.6|0.0|73.6|0.0|4.5|0.0|0.0|0.0|66.5|0.0|0.0
SU 9516|1|2.0|COc1ccc2c(c1)/C(=C/c1cnc[nH]1)C(=O)N2|90|28.8|31.1|40.2|0.0|87.1|0.0|0.8|0.0|0.0|0.0|81.3|0.0|0.0
SU 9516|1|3.0|COc1ccc2c(c1)/C(=C/c1cnc[nH]1)C(=O)N2|82|33.7|29.7|46.8|0.0|82.3|0.0|0.0|0.0|0.0|0.0|79.8|0.0|0.0
SU 9516|1|10.0|COc1ccc2c(c1)/C(=C/c1cnc[nH]1)C(=O)N2|56|45.3|16.8|63.8|0.0|78.8|0.0|4.5|0.0|0.0|0.0|78.2|0.0|0.0
SU 9516|1|30.0|COc1ccc2c(c1)/C(=C/c1cnc[nH]1)C(=O)N2|57|49.4|50.5|31.1|0.0|82.3|0.0|9.3|0.0|0.0|0.0|74.0|0.0|0.0
DL-Stearoylcarnitine chloride|1|10.0|CCCCCCCCCCCCCCCCCC(=O)OC(CC(=O)O)C[N+](C)(C)C|94|34.7|0.0|0.0|79.2|0.0|78.7|17.7|79.5|44.0|52.8|0.0|69.7|66.1
DL-Stearoylcarnitine chloride|1|30.0|CCCCCCCCCCCCCCCCCC(=O)OC(CC(=O)O)C[N+](C)(C)C|92|33.2|2.3|0.0|63.0|0.0|63.3|38.0|64.4|28.3|61.8|0.0|65.0|69.7
Spermidine trihydrochloride|1|30.0|NCCCCNCCCN|81|29.5|24.5|7.0|0.0|45.8|0.0|14.0|1.8|0.0|32.7|5.3|18.9|30.8
SKF 83959 hydrobromide|1|10.0|Cc1cccc(C2CN(C)CCc3c2cc(O)c(O)c3Cl)c1|91|5.0|37.8|0.0|6.6|53.0|0.0|0.0|32.8|0.0|0.0|17.4|10.5|14.9
SKF 83959 hydrobromide|1|30.0|Cc1cccc(C2CN(C)CCc3c2cc(O)c(O)c3Cl)c1|85|25.4|31.7|18.1|0.0|87.9|0.0|14.3|18.1|0.0|0.0|52.0|0.0|0.0
Spironolactone|1|30.0|CC(=O)SC1CC2=CC(=O)CC[C@]2(C)C2CC[C@@]3(C)C(CC[C@@]34CCC(=O)O4)C12|89|21.2|68.0|16.9|0.0|93.6|0.0|8.1|0.0|0.0|0.0|84.6|0.0|0.0
SB216763|1|10.0|Cn1cc(C2=C(c3ccc(Cl)cc3Cl)C(=O)NC2=O)c2ccccc21|94|26.1|0.0|7.5|34.0|22.1|19.1|0.0|41.4|9.9|7.2|0.0|49.5|16.7
SB216763|1|30.0|Cn1cc(C2=C(c3ccc(Cl)cc3Cl)C(=O)NC2=O)c2ccccc21|80|67.5|0.0|7.8|51.3|0.0|43.6|31.0|57.6|18.7|43.2|0.0|73.4|32.0
SB 415286|1|10.0|O=C1NC(=O)C(c2ccccc2[N+](=O)[O-])=C1Nc1ccc(O)c(Cl)c1|94|18.7|74.7|0.0|0.0|89.5|0.0|0.0|0.0|0.0|0.0|75.7|0.0|0.0
SB 415286|1|30.0|O=C1NC(=O)C(c2ccccc2[N+](=O)[O-])=C1Nc1ccc(O)c(Cl)c1|81|30.1|46.6|33.1|0.0|79.8|0.0|16.6|0.0|0.0|0.0|58.5|0.0|0.0
Albuterol hemisulfate, Salbutamol hemisulfate|1|10.0|CC(C)(C)NCC(O)c1ccc(O)c(CO)c1|107|5.4|6.1|0.0|56.0|0.0|49.0|17.1|68.7|24.0|39.8|0.0|56.8|47.2
Albuterol hemisulfate, Salbutamol hemisulfate|1|30.0|CC(C)(C)NCC(O)c1ccc(O)c(CO)c1|85|19.3|0.0|0.0|56.5|0.0|49.8|26.4|67.2|20.3|50.3|0.0|68.9|44.6
Salmeterol (xinafoate)|1|1.0|OCc1cc(C(O)CNCCCCCCOCCCCc2ccccc2)ccc1O|103|7.8|6.5|0.0|69.9|0.0|59.2|19.6|76.8|16.9|51.2|0.0|71.2|59.1
Salmeterol (xinafoate)|1|3.0|OCc1cc(C(O)CNCCCCCCOCCCCc2ccccc2)ccc1O|102|15.9|0.0|0.0|76.1|0.0|70.0|22.0|84.3|24.8|47.7|0.0|71.5|48.9
Salmeterol (xinafoate)|1|10.0|OCc1cc(C(O)CNCCCCCCOCCCCc2ccccc2)ccc1O|95|57.9|0.0|0.0|84.7|0.0|81.3|15.2|93.1|42.2|51.9|0.0|75.0|59.7
SB 222200|1|30.0|CC[C@H](NC(=O)c1c(C)c(-c2ccccc2)nc2ccccc12)c1ccccc1|97|23.7|20.0|0.0|15.9|0.0|11.7|56.4|37.2|0.0|11.7|0.2|33.7|13.2
SKF 95282 dimaleate, Zolantidine|1|10.0|c1cc(CN2CCCCC2)cc(OCCCNc2nc3ccccc3s2)c1|96|48.7|0.0|0.0|82.2|0.0|79.5|9.8|93.9|43.5|51.4|0.0|69.6|51.7
SP600125,  Anthrapyrazolone|1|10.0|O=C1c2ccccc2-c2n[nH]c3cccc1c23|95|9.2|71.0|0.0|0.0|41.8|0.0|48.3|10.3|0.0|10.8|25.5|0.0|33.4
SP600125,  Anthrapyrazolone|1|30.0|O=C1c2ccccc2-c2n[nH]c3cccc1c23|64|20.7|52.8|38.0|0.0|59.1|0.0|58.6|0.0|0.0|8.8|40.8|0.0|0.0
SP600125,  Anthrapyrazolone|2|10.0|O=C1c2ccccc2-c2n[nH]c3cccc1c23|95|27.3|82.1|0.0|0.0|71.9|0.0|25.9|0.0|0.0|0.0|53.2|0.0|19.5
SP600125,  Anthrapyrazolone|5|10.0|O=C1c2ccccc2-c2n[nH]c3cccc1c23|101|9.8|76.3|0.0|0.0|51.1|0.0|40.0|1.8|0.0|5.5|33.8|0.0|36.6
Sanguinarine chloride|3|1.0|C[n+]1cc2c3c(ccc2c2ccc4cc5c(cc4c21)OCO5)OCO3|71|36.3|10.8|0.0|6.7|26.3|4.4|28.1|27.4|6.4|25.0|0.7|21.1|0.0
Sertraline hydrochloride|1|10.0|CN[C@H]1CC[C@@H](c2ccc(Cl)c(Cl)c2)c2ccccc21|103|56.1|0.0|0.0|79.7|0.0|75.1|8.6|94.8|36.5|48.9|0.0|69.7|53.8
SB 202190|1|30.0|Oc1ccc(-c2nc(-c3ccncc3)c(-c3ccc(F)cc3)[nH]2)cc1|91|28.7|33.2|0.0|29.0|6.3|30.8|42.9|73.3|0.0|3.4|0.0|38.7|31.0
SB 202190|2|10.0|Oc1ccc(-c2nc(-c3ccncc3)c(-c3ccc(F)cc3)[nH]2)cc1|100|18.8|23.0|0.0|43.2|0.0|48.0|38.2|75.7|0.0|7.0|0.0|39.5|37.0
SB 269970 hydrochloride|1|30.0|CC1CCN(CC[C@H]2CCCN2S(=O)(=O)c2cccc(O)c2)CC1|88|19.2|0.0|0.0|32.2|0.0|33.2|31.9|57.8|0.0|18.7|0.0|43.5|9.9
Spiperone hydrochloride, R 5147 hydrochloride, Spiroperidol hydrochloride|1|30.0|O=C(CCCN1CCC2(CC1)C(=O)NCN2c1ccccc1)c1ccc(F)cc1|94|38.9|0.0|0.0|79.2|0.0|74.4|33.5|78.6|44.4|61.6|0.0|85.0|61.2
SKF-96365|1|3.0|COc1ccc(CCCOC(Cn2ccnc2)c2ccc(OC)cc2)cc1|79|30.7|6.2|0.0|60.1|0.0|53.3|36.0|53.0|36.5|56.6|0.0|88.0|68.1
SKF-96365|1|10.0|COc1ccc(CCCOC(Cn2ccnc2)c2ccc(OC)cc2)cc1|53|72.9|0.0|0.0|81.0|0.0|83.9|24.3|65.2|65.1|60.4|0.0|90.0|49.0
SB 205384|1|30.0|CC#CCOC(=O)c1c(C)nc2sc3c(c2c1N)CCC(O)C3|76|50.4|0.0|0.0|72.5|0.0|69.6|16.6|67.1|44.2|64.7|0.0|78.4|38.5
Semaxinib|1|10.0|Cc1cc(C)c(/C=C2\C(=O)Nc3ccccc32)[nH]1|98|10.5|45.4|0.0|40.9|0.0|32.8|36.2|63.3|1.3|22.1|0.0|50.8|55.3
Semaxinib|1|30.0|Cc1cc(C)c(/C=C2\C(=O)Nc3ccccc32)[nH]1|99|24.5|70.7|0.0|0.0|18.8|0.0|31.9|23.4|0.0|0.0|18.5|1.6|29.9
(-)-Scopolamine methyl bromide, Hyoscine methyl bromide|1|10.0|C[N+]1(C)C2CC(OC(=O)[C@H](CO)c3ccccc3)CC1C1OC12|92|7.6|0.6|0.0|51.7|0.0|47.5|33.5|59.3|20.6|38.0|0.0|56.4|45.4
(-)-Scopolamine methyl bromide, Hyoscine methyl bromide|1|30.0|C[N+]1(C)C2CC(OC(=O)[C@H](CO)c3ccccc3)CC1C1OC12|99|10.4|0.0|0.0|74.4|0.0|65.6|25.6|79.2|27.4|48.4|0.0|77.4|53.1
SU 4312|1|10.0|CN(C)c1ccc(/C=C2\C(=O)Nc3ccccc32)cc1|94|19.3|14.3|0.0|59.5|0.0|54.7|43.5|67.6|21.5|34.5|0.0|69.5|64.3
SU 4312|1|30.0|CN(C)c1ccc(/C=C2\C(=O)Nc3ccccc32)cc1|79|80.3|0.0|0.0|78.1|0.0|75.5|40.8|74.8|39.7|64.1|0.0|86.1|53.7
SR 59230A oxalate|1|10.0|CCc1ccccc1OC[C@@H](O)CN[C@H]1CCc2ccccc2C1|102|52.5|0.0|0.0|74.3|0.0|69.8|17.8|88.6|28.3|40.7|0.0|67.4|48.5
SB 218795|1|10.0|COC(=O)[C@H](NC(=O)c1cc(-c2ccccc2)nc2ccccc12)c1ccccc1|93|5.0|0.0|0.0|46.8|0.0|40.8|19.8|61.8|19.6|20.6|0.0|56.6|26.9
SB 218795|1|30.0|COC(=O)[C@H](NC(=O)c1cc(-c2ccccc2)nc2ccccc12)c1ccccc1|100|32.6|0.0|0.0|41.3|0.0|44.9|40.1|63.5|3.2|27.1|0.0|49.4|17.9
SKF89976A (hydrochloride)|1|30.0|O=C(O)C1CCCN(CCC=C(c2ccccc2)c2ccccc2)C1|94|5.0|0.0|0.0|48.4|0.0|51.6|31.3|59.7|23.8|29.6|0.0|51.7|14.5
SU6656|1|2.0|CN(C)S(=O)(=O)c1ccc2c(c1)/C(=C/c1cc3c([nH]1)CCCC3)C(=O)N2|101|9.5|36.3|25.0|0.0|53.4|0.0|15.1|0.0|0.0|0.0|59.0|0.0|0.0
SU6656|1|10.0|CN(C)S(=O)(=O)c1ccc2c(c1)/C(=C/c1cc3c([nH]1)CCCC3)C(=O)N2|59|57.2|0.0|76.3|17.4|0.0|23.2|7.8|28.9|6.5|11.8|0.0|40.3|0.0
SU6656|1|30.0|CN(C)S(=O)(=O)c1ccc2c(c1)/C(=C/c1cc3c([nH]1)CCCC3)C(=O)N2|58|81.2|0.0|28.5|69.9|0.0|73.5|37.3|72.0|43.9|58.8|0.0|84.3|30.3
Trifluperidol hydrochloride, R 2498 hydrochloride, Triperidol hydrochloride|1|10.0|O=C(CCCN1CCC(O)(c2cccc(C(F)(F)F)c2)CC1)c1ccc(F)cc1|91|35.8|0.0|0.0|75.1|0.0|73.3|18.1|96.4|26.1|50.4|0.0|68.2|45.0
Trifluperidol hydrochloride, R 2498 hydrochloride, Triperidol hydrochloride|1|30.0|O=C(CCCN1CCC(O)(c2cccc(C(F)(F)F)c2)CC1)c1ccc(F)cc1|95|84.6|0.0|0.0|73.7|0.0|72.9|24.3|86.2|29.8|52.2|0.0|71.5|46.6
3-Tropanyl-indole-3-carboxylate hydrochloride, Navoban, Tropisetron|1|30.0|CN1C2CCC1CC(OC(=O)c1c[nH]c3ccccc13)C2|91|24.5|0.0|0.0|79.5|0.0|77.0|21.7|81.6|40.6|59.8|0.0|74.8|53.1
Tracazolate|1|30.0|CCCCNc1c(C(=O)OCC)c(C)nc2c1cnn2CC|93|24.7|0.0|0.0|30.2|0.0|26.3|47.7|43.7|4.5|17.9|0.0|42.2|5.7
Tyrphostin A9|1|10.0|CC(C)(C)c1cc(C=C(C#N)C#N)cc(C(C)(C)C)c1O|73|47.5|9.5|0.0|66.2|0.0|66.8|17.3|40.5|49.6|57.7|0.0|55.1|87.1
Tyrphostin A9|1|30.0|CC(C)(C)c1cc(C=C(C#N)C#N)cc(C(C)(C)C)c1O|70|79.3|0.0|0.0|87.4|0.0|84.4|22.5|75.8|54.5|72.1|0.0|82.5|82.2
Tyrphostin A9|3|2.0|CC(C)(C)c1cc(C=C(C#N)C#N)cc(C(C)(C)C)c1O|102|5.4|31.6|0.0|53.9|0.0|52.0|28.7|42.3|29.3|50.1|0.0|43.9|83.0
Tyrphostin AG 879|1|10.0|CC(C)(C)c1cc(/C=C(\C#N)C(N)=S)cc(C(C)(C)C)c1O|88|22.5|43.0|0.0|44.8|0.4|34.6|18.9|37.9|25.3|36.9|0.0|55.2|88.8
Tyrphostin AG 879|1|30.0|CC(C)(C)c1cc(/C=C(\C#N)C(N)=S)cc(C(C)(C)C)c1O|78|51.1|9.9|0.0|68.1|0.0|67.0|23.7|43.6|48.2|65.0|0.0|61.8|91.2
Tetraethylammonium (chloride)|1|30.0|CC[N+](CC)(CC)CC|104|11.7|1.0|3.6|11.1|23.6|8.9|32.0|21.2|6.0|34.2|0.0|34.7|28.5
AG-490|1|30.0|N#C/C(=C\c1ccc(O)c(O)c1)C(=O)NCc1ccccc1|90|10.4|60.4|8.5|0.0|83.8|0.0|16.6|0.0|0.0|0.0|69.7|0.0|0.0
TTNPB|1|30.0|C/C(=C\c1ccc(C(=O)O)cc1)c1ccc2c(c1)C(C)(C)CCC2(C)C|101|9.5|0.0|0.0|44.6|0.0|41.0|25.0|40.5|12.3|50.5|0.0|50.4|39.4
AG-494|1|30.0|N#C/C(=C\c1ccc(O)c(O)c1)C(=O)Nc1ccccc1|86|13.1|59.2|0.0|0.0|75.7|0.0|23.4|0.3|0.0|0.0|49.0|6.8|27.0
N-p-Tosyl-L-phenylalanine chloromethyl ketone, TPCK|1|30.0|Cc1ccc(S(=O)(=O)N[C@@H](Cc2ccccc2)C(=O)CCl)cc1|64|40.4|38.8|45.9|0.0|85.5|0.0|7.1|0.0|0.0|0.0|81.8|0.0|0.0
Tyrphostin AG 527, Tyrphostin B44|1|30.0|C[C@@H](NC(=O)/C(C#N)=C/c1ccc(O)c(O)c1)c1ccccc1|82|28.0|34.7|17.5|0.0|69.2|0.0|16.9|0.0|0.0|0.0|46.0|0.0|0.0
AG 555|1|10.0|N#C/C(=C\c1ccc(O)c(O)c1)C(=O)NCCCc1ccccc1|91|6.2|9.5|0.0|0.0|0.0|6.4|24.6|0.0|0.0|11.3|6.4|0.0|9.0
AG 555|1|30.0|N#C/C(=C\c1ccc(O)c(O)c1)C(=O)NCCCc1ccccc1|85|14.0|39.6|36.5|0.0|83.2|0.0|25.6|0.0|0.0|0.0|72.6|0.0|0.0
Tyrphostin AG 698, Tyrphostin B52|1|30.0|N#C/C(=C\c1ccc(O)c(O)c1)C(=O)NCCc1ccccc1|97|15.4|53.8|11.3|0.0|83.8|0.0|37.4|0.0|0.0|0.0|62.5|0.0|0.0
Tyrphostin AG 808|1|30.0|N#C/C(=C\c1c[nH]c2ccccc12)C(=O)c1ccc(O)c(O)c1|87|15.7|39.1|16.7|0.0|86.7|0.0|12.1|4.3|0.0|0.0|58.5|0.0|0.0
Tyrphostin AG 835, Tyrphostin B50|1|30.0|C[C@H](NC(=O)/C(C#N)=C/c1ccc(O)c(O)c1)c1ccccc1|85|10.0|54.3|15.9|0.0|87.3|0.0|17.9|0.0|0.0|0.0|72.0|0.0|0.0
Tulobuterol (hydrochloride)|1|10.0|CC(C)(C)NCC(O)c1ccccc1Cl|102|7.1|0.0|0.0|78.0|0.0|76.1|22.7|79.0|33.6|48.4|0.0|75.6|46.8
Tulobuterol (hydrochloride)|1|30.0|CC(C)(C)NCC(O)c1ccccc1Cl|107|12.8|0.0|0.0|49.2|0.0|45.8|17.9|61.4|14.5|17.2|0.0|50.4|21.0
Triamcinolone, Fluoxyprednisolone|1|10.0|C[C@]12C[C@H](O)[C@@]3(F)[C@@H](CCC4=CC(=O)C=C[C@@]43C)[C@@H]1C[C@@H](O)[C@]2(O)C(=O)CO|103|8.3|61.4|6.7|0.0|72.6|0.0|0.0|0.0|0.0|0.0|86.5|0.0|0.0
F3|1|30.0|CC(COc1ccc(/C=C/c2ccccc2)cc1)[N+](C)(C)C|103|7.4|0.0|0.0|40.5|0.0|46.2|26.4|48.5|24.4|13.2|0.0|45.0|0.0
Taxol, Paclitaxel.|1|30.0|CC(=O)O[C@H]1C(=O)[C@]2(C)[C@@H](O)C[C@H]3OC[C@@]3(OC(C)=O)[C@H]2[C@H](OC(=O)c2ccccc2)[C@]2(O)C[C@H](OC(=O)[C@H](O)[C@@H](NC(=O)c3ccccc3)c3ccccc3)C(C)=C1C2(C)C|58|53.2|7.6|39.0|10.6|0.0|23.0|73.0|32.2|5.9|31.8|0.0|48.7|13.5
Taxol, Paclitaxel.|4|10.0|CC(=O)O[C@H]1C(=O)[C@]2(C)[C@@H](O)C[C@H]3OC[C@@]3(OC(C)=O)[C@H]2[C@H](OC(=O)c2ccccc2)[C@]2(O)C[C@H](OC(=O)[C@H](O)[C@@H](NC(=O)c3ccccc3)c3ccccc3)C(C)=C1C2(C)C|51|58.2|0.0|39.2|15.0|0.0|25.3|60.4|22.0|10.4|47.6|0.0|50.0|10.9
Tyrphostin 51|1|30.0|N#CC(C#N)=C/C(N)=C(/C#N)c1cc(O)c(O)c(O)c1|81|6.4|7.5|57.8|0.0|68.2|0.0|8.4|0.0|0.0|0.0|50.3|0.0|0.0
Tyrphostin AG 538|1|30.0|N#C/C(=C\c1ccc(O)c(O)c1)C(=O)c1ccc(O)c(O)c1|87|7.6|27.7|33.4|0.0|53.2|0.0|24.2|0.0|0.0|0.0|58.7|0.0|0.0
Tomoxetine|1|30.0|CNCCC(Oc1ccccc1C)c1ccccc1|88|28.3|0.0|0.0|71.4|0.0|72.1|15.8|88.5|29.1|46.5|0.0|63.7|39.6
3-Tropanyl-3,5-dichlorobenzoate|1|10.0|CN1C2CCC1CC(OC(=O)c1cc(Cl)cc(Cl)c1)C2|89|35.8|0.0|0.0|86.4|0.0|83.3|2.7|88.1|45.4|58.7|0.0|76.3|55.3
3-Tropanyl-3,5-dichlorobenzoate|1|30.0|CN1C2CCC1CC(OC(=O)c1cc(Cl)cc(Cl)c1)C2|99|79.6|0.0|0.0|83.5|0.0|81.2|20.1|88.6|43.4|64.5|0.0|77.4|57.3
Sodium Taurocholate|1|30.0|C[C@H](CCC(=O)NCCS(=O)(=O)O)C1CCC2C3C(C[C@H](O)C21C)C1(C)CC[C@@H](O)CC1C[C@H]3O|87|6.4|0.0|0.0|61.8|0.0|60.7|31.9|66.3|29.6|57.6|0.0|65.9|36.6
U-69593|1|30.0|CN(C(=O)Cc1ccccc1)[C@@H]1CC[C@]2(CCCO2)C[C@H]1N1CCCC1|103|30.1|0.0|0.0|48.9|0.0|49.7|30.1|74.1|11.1|21.2|0.0|54.2|17.6
U-62066, Spiradoline mesylate|1|30.0|CN(C(=O)Cc1ccc(Cl)c(Cl)c1)[C@@H]1CC[C@]2(CCCO2)C[C@H]1N1CCCC1|96|69.4|0.0|0.0|65.0|0.0|66.9|32.2|81.4|22.3|47.6|0.0|66.6|41.1
(-)-cis-(1S,2R)-U-50488 tartrate|1|30.0|CN(C(=O)Cc1ccc(Cl)c(Cl)c1)[C@@H]1CCCC[C@@H]1N1CCCC1|104|52.8|0.0|0.0|75.0|0.0|73.4|17.9|96.2|32.9|42.5|0.0|63.9|42.8
S(-)-UH-301 hydrochloride|1|30.0|CCCN(CCC)[C@H]1CCc2c(F)ccc(O)c2C1|98|17.8|0.0|0.0|36.9|0.0|37.9|26.0|64.0|3.2|18.7|0.0|48.6|7.5
(-)-trans-(1S,2S)-U-50488 hydrochloride|1|30.0|CN(C(=O)Cc1ccc(Cl)c(Cl)c1)[C@H]1CCCC[C@@H]1N1CCCC1|92|61.8|0.0|0.0|70.9|0.0|68.6|28.5|88.5|23.9|49.7|0.0|69.0|51.4
U-101958 maleate|1|30.0|CC(C)Oc1cccnc1N(C)C1CCN(Cc2ccccc2)CC1|99|27.5|0.0|0.0|54.1|0.0|57.7|29.8|76.9|12.0|36.0|0.0|55.9|22.8
U0126|1|30.0|N#CC(=C(\N)Sc1ccccc1N)/C(C#N)=C(/N)Sc1ccccc1N|94|6.9|39.7|0.0|0.0|65.1|0.0|45.8|6.9|0.0|0.0|48.9|0.0|0.7
U-75302|1|30.0|CCCCC/C=C\CC(O)/C=C/c1cccc(CC(O)CCCCO)n1|73|43.9|0.0|16.5|21.5|34.5|13.6|40.1|42.3|0.0|25.4|0.0|54.5|8.1
U-74389G maleate|1|10.0|C[C@]12C=CC(=O)C=C1CC[C@@H]1C2=CC[C@]2(C)[C@@H](C(=O)CN3CCN(c4cc(N5CCCC5)nc(N5CCCC5)n4)CC3)CC[C@@H]12|91|32.8|0.0|0.0|68.8|0.0|67.5|14.8|91.4|32.6|36.0|0.0|62.1|35.3
U-74389G maleate|1|30.0|C[C@]12C=CC(=O)C=C1CC[C@@H]1C2=CC[C@]2(C)[C@@H](C(=O)CN3CCN(c4cc(N5CCCC5)nc(N5CCCC5)n4)CC3)CC[C@@H]12|85|77.9|0.0|0.0|70.5|0.0|68.7|24.5|88.9|28.0|46.5|0.0|69.6|46.6
U-73122|1|10.0|COc1ccc2c(c1)CCC1C2CC[C@@]2(C)C1CC[C@@H]2NCCCCCCN1C(=O)C=CC1=O|90|28.7|0.0|0.0|76.4|0.0|73.6|0.0|80.5|42.5|51.0|0.0|71.8|45.8
U-73122|1|30.0|COc1ccc2c(c1)CCC1C2CC[C@@]2(C)C1CC[C@@H]2NCCCCCCN1C(=O)C=CC1=O|78|70.3|0.0|0.0|72.3|0.0|69.9|8.9|84.0|43.9|49.3|0.0|73.6|39.8
Vinblastine sulfate salt, VLB|1|0.01|CCC1(O)CC2CN(CCc3c([nH]c4ccccc34)[C@@](C(=O)OC)(c3cc4c(cc3OC)N(C)C3[C@@](O)(C(=O)OC)[C@H](OC(C)=O)[C@]5(CC)C=CCN6CC[C@]43[C@@H]65)C2)C1|53|56.6|0.0|1.5|74.7|0.0|77.3|26.5|55.7|60.6|71.0|0.0|91.0|55.8
VER-3323 hemifumarate salt|1|10.0|C[C@H](N)CN1CCc2ccc(Br)cc21|103|8.5|0.0|0.0|80.4|0.0|73.8|7.0|87.5|32.0|60.3|0.0|69.1|55.6
VER-3323 hemifumarate salt|1|30.0|C[C@H](N)CN1CCc2ccc(Br)cc21|91|59.1|0.0|0.0|76.7|0.0|71.7|22.0|89.1|27.9|56.7|0.0|73.0|56.0
Vancomycin hydrochloride from Streptomyces orientalis, Cancocin hydrochloride|1|10.0|CN[C@H](CC(C)C)C(=O)N[C@H]1C(=O)N[C@@H](CC(N)=O)C(=O)N[C@H]2C(=O)N[C@H]3C(=O)N[C@H](C(=O)N[C@H](C(=O)O)c4cc(O)cc(O)c4-c4cc3ccc4O)[C@H](O)c3ccc(c(Cl)c3)Oc3cc2cc(c3O[C@@H]2O[C@H](CO)[C@@H](O)[C@H](O)[C@H]2O[C@H]2C[C@](C)(N)[C@H](O)[C@H](C)O2)Oc2ccc(cc2Cl)[C@H]1O|97|5.4|0.0|0.0|60.5|0.0|61.2|19.3|51.7|34.3|36.0|0.0|40.0|45.9
Vincristine sulfate, VCR|1|0.01|CCC1(O)CC2CN(CCc3c([nH]c4ccccc34)[C@@](C(=O)OC)(c3cc4c(cc3OC)N(C=O)C3[C@@](O)(C(=O)OC)[C@H](OC(C)=O)[C@]5(CC)C=CCN6CC[C@]43[C@@H]65)C2)C1|59|40.4|0.0|4.6|70.1|0.0|71.9|34.7|56.5|53.0|68.5|0.0|92.7|54.8
( R)-(+)-WIN 55,212-2 mesylate|1|10.0|Cc1c(C(=O)c2cccc3ccccc23)c2cccc3c2n1[C@H](CN1CCOCC1)CO3|72|53.2|0.0|0.0|67.5|0.0|63.4|30.3|51.3|47.3|56.2|0.0|64.9|74.1
( R)-(+)-WIN 55,212-2 mesylate|1|30.0|Cc1c(C(=O)c2cccc3ccccc23)c2cccc3c2n1[C@H](CN1CCOCC1)CO3|64|79.8|0.0|0.0|71.2|0.0|73.2|43.0|51.9|54.6|65.9|0.0|74.2|68.5
WIN 62,577|1|10.0|C[C@]12CCC3C(CCC4=Cc5nc6nc7ccccc7n6cc5C[C@@]43C)[C@@H]1CC[C@@]2(O)C#N|99|16.8|0.0|0.0|36.6|0.0|47.1|49.9|47.8|17.1|17.0|0.0|40.8|6.2
WIN 62,577|1|30.0|C[C@]12CCC3C(CCC4=Cc5nc6nc7ccccc7n6cc5C[C@@]43C)[C@@H]1CC[C@@]2(O)C#N|87|39.0|0.0|0.0|44.0|0.0|49.0|39.2|63.3|16.4|26.3|0.0|50.3|14.1
WAY-100635 maleate|1|30.0|COc1ccccc1N1CCN(CCN(C(=O)C2CCCCC2)c2ccccn2)CC1|95|27.3|0.0|0.0|26.2|0.0|22.6|31.1|50.0|0.0|10.6|0.0|38.5|1.4
Wortmannin from Penicillium funiculosum|1|10.0|COC[C@H]1OC(=O)c2coc3c2[C@@]1(C)C1=C(C3=O)C2CCC(=O)[C@@]2(C)C[C@H]1OC(C)=O|96|19.0|78.2|0.0|0.0|68.6|0.0|4.8|21.5|0.0|0.0|48.1|0.0|15.7
YS-035 hydrochloride|1|30.0|COc1ccc(CCN(C)CCc2ccc(OC)c(OC)c2)cc1OC|93|21.9|0.0|2.6|10.1|0.0|4.1|37.2|27.1|0.0|14.4|0.0|20.8|0.0
Lificiguat|1|10.0|OCc1ccc(-c2nn(Cc3ccccc3)c3ccccc23)o1|74|17.3|0.0|35.2|9.6|47.2|6.1|0.0|25.2|15.6|0.0|2.0|34.9|0.0
Lificiguat|1|30.0|OCc1ccc(-c2nn(Cc3ccccc3)c3ccccc23)o1|79|29.2|0.0|26.3|0.0|49.9|0.0|47.3|20.8|0.0|9.7|20.9|34.5|0.0
Y-27632 2HCl|1|10.0|C[C@@H](N)[C@H]1CC[C@H](C(=O)Nc2ccncc2)CC1|95|5.4|59.5|0.0|0.0|68.4|0.0|2.7|0.0|0.0|0.0|59.4|0.0|6.8
Y-27632 2HCl|1|10.0|C[C@@H](N)[C@H]1CC[C@H](C(=O)Nc2ccncc2)CC1|102|13.3|67.7|0.0|0.0|54.7|0.0|18.9|8.8|0.0|0.0|38.0|0.0|20.3
Y-27632 2HCl|1|30.0|C[C@@H](N)[C@H]1CC[C@H](C(=O)Nc2ccncc2)CC1|95|19.3|56.2|0.0|0.0|50.4|0.0|19.1|0.0|0.0|0.0|57.3|0.0|0.0
Zimelidine dihydrochloride|1|30.0|CN(C)C/C=C(/c1ccc(Br)cc1)c1cccnc1|94|39.2|0.0|0.0|61.7|0.0|66.2|32.3|78.5|18.3|44.2|0.0|65.4|31.1
"Dibucaine hydrochloride, Cinchocaine ;hydrochloride"|2|10.0|CCCCOc1cc(C(=O)NCCN(CC)CC)c2ccccc2n1|98|17.1|0.0|0.0|76.8|0.0|74.4|9.0|87.8|39.9|49.2|0.0|72.5|50.9
Englerin A|2|10.0|CC(C)[C@@]12C[C@@H](OC(=O)CO)[C@@](C)(O1)[C@@H]1CC[C@@H](C)[C@H]1[C@@H]2OC(=O)/C=C/c1ccccc1|100|24.0|2.3|0.0|7.0|0.0|0.0|38.3|27.0|0.0|9.3|0.9|19.1|0.0
Englerin A|2|30.0|CC(C)[C@@]12C[C@@H](OC(=O)CO)[C@@](C)(O1)[C@@H]1CC[C@@H](C)[C@H]1[C@@H]2OC(=O)/C=C/c1ccccc1|100|23.7|14.9|0.0|14.1|16.1|7.8|29.5|43.2|0.0|9.2|1.6|28.8|0.0
Englerin A|2|50.0|CC(C)[C@@]12C[C@@H](OC(=O)CO)[C@@](C)(O1)[C@@H]1CC[C@@H](C)[C@H]1[C@@H]2OC(=O)/C=C/c1ccccc1|70|42.8|27.2|0.0|28.8|5.2|23.3|35.5|50.4|1.1|32.2|0.0|41.4|30.6
Spiramycin I,Spiramycin II and, Spiramycin III|1|3.0|CCC(=O)O[C@@H]1CC(=O)O[C@H](C)C/C=C/C=C/[C@H](OC2CCC(N(C)C)C(C)O2)[C@H](C)C[C@H](CC=O)[C@H](OC2OC(C)C(OC3CC(C)(O)C(O)C(C)O3)C(N(C)C)C2O)[C@H]1OC|95|5.4|0.7|0.0|46.0|13.1|40.4|8.6|77.0|0.0|15.9|0.0|54.8|33.6
Spiramycin I,Spiramycin II and, Spiramycin III|1|10.0|CCC(=O)O[C@@H]1CC(=O)O[C@H](C)C/C=C/C=C/[C@H](OC2CCC(N(C)C)C(C)O2)[C@H](C)C[C@H](CC=O)[C@H](OC2OC(C)C(OC3CC(C)(O)C(O)C(C)O3)C(N(C)C)C2O)[C@H]1OC|99|35.4|0.0|0.0|60.5|0.0|60.1|10.3|91.9|18.9|24.2|0.0|60.1|34.6
Spiramycin I,Spiramycin II and, Spiramycin III|1|30.0|CCC(=O)O[C@@H]1CC(=O)O[C@H](C)C/C=C/C=C/[C@H](OC2CCC(N(C)C)C(C)O2)[C@H](C)C[C@H](CC=O)[C@H](OC2OC(C)C(OC3CC(C)(O)C(O)C(C)O3)C(N(C)C)C2O)[C@H]1OC|93|67.5|0.0|0.0|64.6|0.0|62.5|2.5|89.3|23.0|33.3|0.0|62.0|34.3
Epiblastin A|1|10.0|Nc1nc(N)c2nc(-c3cccc(Cl)c3)c(N)nc2n1|92|14.0|66.1|0.0|0.0|75.2|0.0|0.0|9.7|0.0|0.0|50.8|0.0|25.1
Epiblastin A|1|30.0|Nc1nc(N)c2nc(-c3cccc(Cl)c3)c(N)nc2n1|79|77.4|0.0|0.0|72.0|0.0|70.4|0.0|82.4|43.6|50.2|0.0|68.3|52.8
Cyclopamine, V. californicum|1|10.0|CC1=C2C[C@H]3[C@@H](CC=C4C[C@@H](O)CC[C@@]43C)[C@@H]2CC[C@]12O[C@@H]1C[C@H](C)CN[C@H]1[C@H]2C|97|20.4|0.0|0.0|59.2|0.0|59.7|9.7|82.9|25.6|9.3|0.0|61.0|22.8
CI-1040|2|2.0|O=C(NOCC1CC1)c1ccc(F)c(F)c1Nc1ccc(I)cc1Cl|93|7.1|58.7|13.2|0.0|80.5|0.0|0.0|0.0|0.0|0.0|80.4|0.0|0.0
CI-1040|3|6.0|O=C(NOCC1CC1)c1ccc(F)c(F)c1Nc1ccc(I)cc1Cl|95|14.2|67.8|4.7|0.0|83.2|0.0|17.5|0.0|0.0|0.0|80.1|0.0|0.0
CI-1040|3|10.0|O=C(NOCC1CC1)c1ccc(F)c(F)c1Nc1ccc(I)cc1Cl|101|15.9|70.5|0.5|0.0|86.5|0.0|6.5|0.0|0.0|0.0|87.4|0.0|0.0
Pipinib|2|10.0|COC(=O)c1ccc(Nc2nc(NC(C)C)nc3ccsc23)cc1|101|10.2|0.0|0.0|60.6|0.0|57.0|30.3|77.7|17.1|29.3|0.0|60.6|49.7
Pipinib|2|10.0|COC(=O)c1ccc(Nc2nc(NC(C)C)nc3ccsc23)cc1|98|38.3|0.0|0.0|59.1|0.0|64.6|28.2|79.9|21.7|28.8|0.0|62.0|34.9
Pipinib|2|30.0|COC(=O)c1ccc(Nc2nc(NC(C)C)nc3ccsc23)cc1|91|65.3|0.0|0.0|84.9|0.0|82.7|17.0|93.1|43.7|51.9|0.0|75.3|63.6
Pipinib|2|50.0|COC(=O)c1ccc(Nc2nc(NC(C)C)nc3ccsc23)cc1|78|76.2|0.0|0.0|83.3|0.0|80.4|25.5|91.2|42.1|53.5|0.0|76.7|68.0
Smoothib|2|10.0|Cc1ccc(Cn2[nH]cc3nc(-c4ccc(N5CCN(C(=O)CCc6c[nH]c7ccccc67)CC5)cc4)nc2-3)cc1|90|34.5|0.0|0.0|51.1|0.0|57.2|35.8|67.7|13.5|20.7|0.0|53.6|19.5
Smoothib|2|30.0|Cc1ccc(Cn2[nH]cc3nc(-c4ccc(N5CCN(C(=O)CCc6c[nH]c7ccccc67)CC5)cc4)nc2-3)cc1|109|5.5|0.0|0.0|64.2|0.0|62.8|33.2|76.7|24.0|26.9|0.0|63.5|30.7
Smoothib|2|50.0|Cc1ccc(Cn2[nH]cc3nc(-c4ccc(N5CCN(C(=O)CCc6c[nH]c7ccccc67)CC5)cc4)nc2-3)cc1|88|8.1|0.0|0.0|77.9|0.0|77.0|34.7|77.4|39.6|55.5|0.0|73.8|48.3
PD 407824|2|10.0|O=C1NC(=O)c2c1c(-c1ccccc1)cc1[nH]c3ccc(O)cc3c21|58|28.2|30.4|0.0|42.1|0.0|49.5|53.9|55.6|26.5|27.9|0.0|60.4|60.7
Sal003|2|6.0|O=C(/C=C/c1ccccc1)NC(NC(=S)Nc1ccc(Cl)cc1)C(Cl)(Cl)Cl|83|23.0|33.4|0.0|28.3|0.0|18.3|54.2|39.0|1.2|19.3|0.0|44.4|44.0
Sal003|2|10.0|O=C(/C=C/c1ccccc1)NC(NC(=S)Nc1ccc(Cl)cc1)C(Cl)(Cl)Cl|89|62.9|4.3|0.0|33.1|0.0|30.6|36.3|48.0|20.1|35.0|0.0|46.8|19.3
Sal003|3|3.0|O=C(/C=C/c1ccccc1)NC(NC(=S)Nc1ccc(Cl)cc1)C(Cl)(Cl)Cl|88|5.5|17.2|0.0|22.6|0.0|25.8|55.8|16.5|10.8|30.1|0.0|30.0|31.4
Sal003|3|10.0|O=C(/C=C/c1ccccc1)NC(NC(=S)Nc1ccc(Cl)cc1)C(Cl)(Cl)Cl|53|81.7|0.0|0.0|73.1|0.0|74.2|28.6|73.9|49.8|56.8|0.0|75.7|47.2
Sal003|3|10.0|O=C(/C=C/c1ccccc1)NC(NC(=S)Nc1ccc(Cl)cc1)C(Cl)(Cl)Cl|78|47.0|13.5|0.0|24.6|0.0|26.1|42.0|41.9|21.0|32.3|0.0|43.0|22.1
TG100-115|2|0.2|Nc1nc(N)c2nc(-c3cccc(O)c3)c(-c3cccc(O)c3)nc2n1|88|6.6|37.2|0.0|0.0|35.8|0.0|0.0|0.0|0.0|0.0|53.3|0.0|0.0
Lipoxygenin|2|30.0|COc1ncccc1-c1cnc(OC)c(C(O)c2ccc3ccccc3c2)c1OC|96|9.2|0.0|0.0|48.0|0.0|49.1|34.2|57.8|33.0|7.5|0.0|49.9|30.8
Lipoxygenin|2|50.0|COc1ncccc1-c1cnc(OC)c(C(O)c2ccc3ccccc3c2)c1OC|84|28.3|0.0|0.0|70.4|0.0|69.9|40.1|86.5|31.2|38.4|0.0|72.4|57.0
Methotrexate|2|2.0|CN(Cc1cnc2nc(N)nc(N)c2n1)c1ccc(C(=O)N[C@@H](CCC(=O)O)C(=O)O)cc1|83|42.0|69.6|2.7|0.0|95.6|0.0|5.8|0.0|0.0|0.0|80.0|0.0|0.0
Ouabain (Octahydrate)|2|0.2|C[C@@H]1O[C@@H](O[C@H]2C[C@@H](O)[C@]3(CO)[C@H]4[C@H](O)C[C@]5(C)[C@@H](C6=CC(=O)OC6)CC[C@]5(O)[C@@H]4CC[C@]3(O)C2)[C@H](O)[C@H](O)[C@H]1O|61|55.8|43.9|0.0|0.0|28.8|7.7|3.9|0.0|44.4|24.4|16.8|0.0|40.4
Ouabain (Octahydrate)|2|0.2|C[C@@H]1O[C@@H](O[C@H]2C[C@@H](O)[C@]3(CO)[C@H]4[C@H](O)C[C@]5(C)[C@@H](C6=CC(=O)OC6)CC[C@]5(O)[C@@H]4CC[C@]3(O)C2)[C@H](O)[C@H](O)[C@H]1O|68|48.5|42.5|0.0|0.0|35.9|0.5|5.5|0.0|42.3|25.5|21.2|0.0|34.9
Ouabain (Octahydrate)|2|0.6|C[C@@H]1O[C@@H](O[C@H]2C[C@@H](O)[C@]3(CO)[C@H]4[C@H](O)C[C@]5(C)[C@@H](C6=CC(=O)OC6)CC[C@]5(O)[C@@H]4CC[C@]3(O)C2)[C@H](O)[C@H](O)[C@H]1O|54|49.9|0.0|0.0|57.6|0.0|61.5|10.4|37.0|86.7|51.9|0.0|60.0|57.9
Ouabain (Octahydrate)|2|0.6|C[C@@H]1O[C@@H](O[C@H]2C[C@@H](O)[C@]3(CO)[C@H]4[C@H](O)C[C@]5(C)[C@@H](C6=CC(=O)OC6)CC[C@]5(O)[C@@H]4CC[C@]3(O)C2)[C@H](O)[C@H](O)[C@H]1O|55|50.8|0.0|0.0|58.7|0.0|64.3|3.4|38.7|88.3|48.2|0.0|58.0|59.9
Ouabain (Octahydrate)|2|2.0|C[C@@H]1O[C@@H](O[C@H]2C[C@@H](O)[C@]3(CO)[C@H]4[C@H](O)C[C@]5(C)[C@@H](C6=CC(=O)OC6)CC[C@]5(O)[C@@H]4CC[C@]3(O)C2)[C@H](O)[C@H](O)[C@H]1O|53|61.8|0.0|0.0|67.1|0.0|74.4|9.0|33.7|92.8|53.2|0.0|67.9|54.2
5-Azacytidine|2|10.0|Nc1ncn([C@@H]2O[C@H](CO)[C@@H](O)[C@H]2O)c(=O)n1|66|27.1|17.1|21.8|0.0|69.3|0.0|0.0|0.0|4.7|4.2|32.2|13.0|2.8
|1|10.0|O=C(Nc1cccnc1)N1Cc2cccc(c2)CN(S(=O)(=O)C(F)(F)F)CC/C=C/C[C@@H]1CO|82|40.6|53.0|25.8|0.0|89.6|0.0|9.5|0.0|0.0|0.0|94.0|0.0|0.0
SB 216641|1|1.0|COc1ccc(NC(=O)c2ccc(-c3ccc(-c4noc(C)n4)cc3C)cc2)cc1OCCN(C)C|94|44.7|0.0|0.0|78.2|0.0|74.7|4.2|90.3|39.4|52.0|0.0|72.1|39.2
PYR-41|2|2.0|CCOC(=O)c1ccc(N2NC(=O)/C(=C/c3ccc([N+](=O)[O-])o3)C2=O)cc1|100|30.4|86.3|0.0|0.0|69.9|0.0|22.2|0.0|0.0|0.0|72.6|0.0|0.0
Autogramin-1|1|10.0|CCCn1c(=O)[nH]c2cc(C(=O)Nc3nc4c(s3)CN(C(=O)OC(C)(C)C)CC4)ccc2c1=O|78|13.6|3.3|0.0|54.6|0.0|50.0|29.7|71.0|25.7|24.8|0.0|70.1|57.8
|1|30.0|C=C(C)[C@@H]1CO/C(=C2/C(=O)N(Cc3ccccc3)c3ccccc32)[C@H]1c1ccccc1|103|16.6|4.7|0.0|43.6|0.0|43.2|61.7|53.5|13.8|37.9|0.0|56.6|38.0
|1|50.0|C=C(C)[C@@H]1CO/C(=C2/C(=O)N(Cc3ccccc3)c3ccccc32)[C@H]1c1ccccc1|101|21.1|6.3|0.0|56.5|0.0|50.5|53.0|61.7|16.0|46.2|0.0|65.3|45.0
SAG|1|3.0|CN[C@H]1CC[C@H](N(Cc2cccc(-c3ccncc3)c2)C(=O)c2sc3ccccc3c2Cl)CC1|97|43.9|0.0|0.0|72.3|0.0|71.8|9.0|95.9|32.1|35.3|0.0|67.0|41.7
Spautin-1|2|6.0|Fc1ccc(CNc2ncnc3ccc(F)cc23)cc1|94|7.1|39.9|32.5|0.0|82.8|0.0|15.4|0.0|0.0|0.0|81.1|0.0|0.0
Spautin-1|2|10.0|Fc1ccc(CNc2ncnc3ccc(F)cc23)cc1|96|6.2|23.1|29.3|0.0|77.4|0.0|6.3|0.0|0.0|0.0|51.7|0.0|0.0
MK-2206 (dihydrochloride)|1|10.0|NC1(c2ccc(-c3nc4ccn5c(O)nnc5c4cc3-c3ccccc3)cc2)CCC1|94|66.7|0.0|0.0|70.1|0.0|68.4|13.9|92.4|29.0|30.9|0.0|66.4|46.8
MK-2206 (dihydrochloride)|2|0.2|NC1(c2ccc(-c3nc4ccn5c(O)nnc5c4cc3-c3ccccc3)cc2)CCC1|96|5.7|78.6|0.0|0.0|80.1|0.0|27.3|0.0|0.0|0.0|69.2|0.0|8.1
MK-2206 (dihydrochloride)|2|2.0|NC1(c2ccc(-c3nc4ccn5c(O)nnc5c4cc3-c3ccccc3)cc2)CCC1|97|25.7|70.4|0.0|2.7|45.4|7.0|27.6|51.9|0.0|0.0|29.8|7.1|26.0
MK-2206 (dihydrochloride)|2|2.0|NC1(c2ccc(-c3nc4ccn5c(O)nnc5c4cc3-c3ccccc3)cc2)CCC1|94|20.4|32.9|0.0|43.8|21.7|38.7|26.6|76.4|3.5|20.2|0.0|51.4|49.9
MK-2206 (dihydrochloride)|3|1.0|NC1(c2ccc(-c3nc4ccn5c(O)nnc5c4cc3-c3ccccc3)cc2)CCC1|97|18.3|73.6|0.0|0.0|49.8|0.0|35.3|32.0|0.0|0.0|43.4|0.0|16.2
MK-2206 (dihydrochloride)|3|3.0|NC1(c2ccc(-c3nc4ccn5c(O)nnc5c4cc3-c3ccccc3)cc2)CCC1|98|36.8|35.2|0.0|48.4|3.1|52.5|33.8|81.2|10.5|28.6|0.0|48.9|53.7
MK-2206 (dihydrochloride)|3|10.0|NC1(c2ccc(-c3nc4ccn5c(O)nnc5c4cc3-c3ccccc3)cc2)CCC1|92|83.6|0.0|0.0|73.0|0.0|67.9|12.5|82.9|31.5|56.0|0.0|76.1|54.7
MK-2206 (dihydrochloride)|3|10.0|NC1(c2ccc(-c3nc4ccn5c(O)nnc5c4cc3-c3ccccc3)cc2)CCC1|89|71.8|0.0|0.0|72.1|0.0|70.3|14.1|91.3|32.1|37.2|0.0|69.8|48.9
Autophinib|1|1.0|Cc1cc(Nc2cc(Cl)nc(Oc3ccc([N+](=O)[O-])cc3)n2)[nH]n1|87|39.2|0.0|14.9|52.7|0.0|46.5|17.5|51.6|16.0|52.4|0.0|66.1|33.8
Autophinib|1|3.0|Cc1cc(Nc2cc(Cl)nc(Oc3ccc([N+](=O)[O-])cc3)n2)[nH]n1|77|76.3|0.0|19.0|47.0|2.5|40.8|15.4|52.6|12.3|54.4|0.0|69.2|31.5
Autophinib|1|10.0|Cc1cc(Nc2cc(Cl)nc(Oc3ccc([N+](=O)[O-])cc3)n2)[nH]n1|66|60.3|0.0|2.8|60.6|0.0|57.5|27.2|53.9|42.1|60.7|0.0|82.3|48.2
Autophinib|1|10.0|Cc1cc(Nc2cc(Cl)nc(Oc3ccc([N+](=O)[O-])cc3)n2)[nH]n1|66|56.6|0.0|42.1|25.9|30.5|25.3|18.0|41.6|0.0|41.6|0.0|52.3|12.5
Autophinib|1|30.0|Cc1cc(Nc2cc(Cl)nc(Oc3ccc([N+](=O)[O-])cc3)n2)[nH]n1|63|56.1|0.0|0.0|66.1|0.0|65.6|19.4|78.2|47.1|29.1|0.0|71.2|50.1
Autophinib|1|50.0|Cc1cc(Nc2cc(Cl)nc(Oc3ccc([N+](=O)[O-])cc3)n2)[nH]n1|58|55.3|0.0|0.0|66.6|0.0|64.7|25.8|79.9|42.2|36.2|0.0|76.9|54.2
PI-103|1|1.0|Oc1cccc(-c2nc(N3CCOCC3)c3oc4ncccc4c3n2)c1|85|27.8|80.3|0.0|0.0|42.9|0.0|25.9|12.8|0.0|0.0|42.0|0.0|25.4
PI-103|1|3.0|Oc1cccc(-c2nc(N3CCOCC3)c3oc4ncccc4c3n2)c1|86|50.8|80.1|0.0|15.2|18.0|19.8|23.1|42.4|0.1|1.9|15.5|9.4|56.8
PI-103|1|10.0|Oc1cccc(-c2nc(N3CCOCC3)c3oc4ncccc4c3n2)c1|88|52.8|9.2|0.0|65.9|0.0|64.8|11.3|86.6|30.7|21.1|0.0|61.4|58.7
PI-103|2|0.2|Oc1cccc(-c2nc(N3CCOCC3)c3oc4ncccc4c3n2)c1|95|13.6|68.4|0.0|0.0|44.8|0.0|0.0|0.0|0.0|0.0|58.0|0.0|0.0
PI-103|2|2.0|Oc1cccc(-c2nc(N3CCOCC3)c3oc4ncccc4c3n2)c1|100|20.0|89.5|0.0|0.0|64.5|0.0|25.1|7.6|0.0|0.0|51.3|0.0|35.6
Purmorphamine|1|10.0|c1ccc2c(Oc3nc(Nc4ccc(N5CCOCC5)cc4)c4ncn(C5CCCCC5)c4n3)cccc2c1|102|46.5|0.0|0.0|74.7|0.0|77.3|37.8|63.5|34.6|61.0|0.0|63.7|66.8
Purmorphamine|2|1.0|c1ccc2c(Oc3nc(Nc4ccc(N5CCOCC5)cc4)c4ncn(C5CCCCC5)c4n3)cccc2c1|112|6.4|6.9|0.0|0.0|0.0|0.0|26.6|9.4|0.0|0.0|18.1|2.3|0.0
Purmorphamine|2|3.0|c1ccc2c(Oc3nc(Nc4ccc(N5CCOCC5)cc4)c4ncn(C5CCCCC5)c4n3)cccc2c1|94|5.2|0.0|0.0|17.3|0.0|20.1|20.4|21.6|20.6|11.6|0.0|2.1|0.0
Purmorphamine|2|10.0|c1ccc2c(Oc3nc(Nc4ccc(N5CCOCC5)cc4)c4ncn(C5CCCCC5)c4n3)cccc2c1|94|61.0|0.0|0.0|72.3|0.0|77.5|43.4|64.8|32.7|65.7|0.0|64.0|65.5
DMH-1|1|10.0|CC(C)Oc1ccc(-c2cnc3c(-c4ccnc5ccccc45)cnn3c2)cc1|97|16.2|0.0|0.0|72.2|0.0|67.2|33.6|68.7|40.8|50.5|0.0|77.4|47.2
DMH-1|2|10.0|CC(C)Oc1ccc(-c2cnc3c(-c4ccnc5ccccc45)cnn3c2)cc1|91|45.9|0.0|0.0|66.5|0.0|62.9|45.5|73.7|21.6|45.9|0.0|75.4|53.7
DMH-1|2|10.0|CC(C)Oc1ccc(-c2cnc3c(-c4ccnc5ccccc45)cnn3c2)cc1|97|19.7|0.0|0.0|69.6|0.0|67.3|43.5|70.2|29.2|59.9|0.0|74.0|57.2
DMH-1|3|2.0|CC(C)Oc1ccc(-c2cnc3c(-c4ccnc5ccccc45)cnn3c2)cc1|99|11.4|0.0|0.0|51.1|0.0|45.4|49.8|53.6|8.8|49.2|0.0|60.5|36.0
DMH-1|3|6.0|CC(C)Oc1ccc(-c2cnc3c(-c4ccnc5ccccc45)cnn3c2)cc1|87|33.7|0.0|0.0|73.9|0.0|71.5|44.6|73.0|37.3|59.6|0.0|79.3|48.4
DMH-1|3|10.0|CC(C)Oc1ccc(-c2cnc3c(-c4ccnc5ccccc45)cnn3c2)cc1|98|26.8|0.0|0.0|52.5|0.0|48.1|50.3|50.8|20.0|57.7|0.0|57.4|36.9
Forskolin|2|2.0|C=C[C@@]1(C)CC(=O)[C@@]2(O)[C@](C)(O1)[C@@H](OC(C)=O)[C@@H](O)[C@H]1C(C)(C)CC[C@H](O)[C@@]12C|101|23.3|0.9|0.0|60.0|0.0|54.2|34.4|71.8|9.0|51.5|0.0|65.3|49.3
A-769662|4|0.2|N#Cc1c(O)nc2scc(-c3ccc(-c4ccccc4O)cc3)c2c1O|96|36.4|0.0|0.0|82.2|0.0|75.8|18.1|72.7|40.7|75.3|0.0|77.4|68.8
A-769662|4|2.0|N#Cc1c(O)nc2scc(-c3ccc(-c4ccccc4O)cc3)c2c1O|75|12.1|10.3|0.0|48.0|0.0|57.7|47.2|50.6|47.5|23.6|0.0|57.2|54.3
WHI-P154|1|10.0|COc1cc2ncnc(Nc3ccc(O)c(Br)c3)c2cc1OC|97|37.1|83.5|0.0|0.0|64.5|0.0|26.8|0.0|0.0|0.0|46.4|0.0|15.3
WHI-P154|3|2.0|COc1cc2ncnc(Nc3ccc(O)c(Br)c3)c2cc1OC|93|14.2|70.1|12.8|0.0|91.0|0.0|29.3|0.0|0.0|0.0|82.0|0.0|0.0
PD173074|2|2.0|CCN(CC)CCCCNc1ncc2cc(-c3cc(OC)cc(OC)c3)c(NC(=O)NC(C)(C)C)nc2n1|92|24.2|0.0|0.0|61.4|0.0|63.6|12.6|89.7|29.5|23.2|0.0|53.7|25.2
Dexamethasone|1|10.0|C[C@@H]1C[C@H]2[C@@H]3CCC4=CC(=O)C=CC4(C)[C@@]3(F)[C@@H](O)C[C@]2(C)[C@@]1(O)C(=O)CO|100|7.1|65.1|0.0|0.0|73.1|0.0|0.0|0.0|0.0|0.0|80.8|0.0|0.0
PD0325901|1|10.0|O=C(NOC[C@H](O)CO)c1ccc(F)c(F)c1Nc1ccc(I)cc1F|101|12.3|45.8|8.5|0.0|77.0|0.0|8.2|0.0|0.0|0.0|71.6|0.0|0.0
SB 203580|1|10.0|CS(=O)c1ccc(-c2nc(-c3ccc(F)cc3)c(-c3ccncc3)[nH]2)cc1|96|6.9|46.0|0.0|7.9|15.6|11.5|31.9|29.8|0.0|7.6|0.0|17.8|29.9
AM580|1|10.0|CC1(C)CCC(C)(C)c2cc(C(=O)Nc3ccc(C(=O)O)cc3)ccc21|100|7.1|0.0|0.0|41.8|0.0|38.0|0.0|33.0|22.6|38.6|0.0|41.2|28.9
CD437|1|10.0|O=C(O)c1ccc2cc(-c3ccc(O)c(C45CC6CC(CC(C6)C4)C5)c3)ccc2c1|74|31.1|65.7|0.0|0.0|92.4|0.0|1.8|0.0|0.0|0.0|63.2|0.0|0.2
EC 23|1|10.0|CC1(C)CCC(C)(C)c2cc(C#Cc3ccc(C(=O)O)cc3)ccc21|94|6.7|10.7|0.0|33.2|0.0|33.4|5.0|24.6|8.1|41.2|0.0|30.4|42.6
Y-27632 dihydrochloride|1|10.0|C[C@H](N)[C@H]1CC[C@H](C(=O)Nc2ccncc2)CC1|97|5.5|49.7|0.0|0.0|43.6|0.0|28.1|21.0|0.0|0.7|31.5|0.0|9.3
SR 3677 dihydrochloride|1|10.0|CN(C)CCOc1cc(-c2cn[nH]c2)ccc1NC(=O)C1COc2ccccc2O1|88|33.5|0.0|0.0|59.6|0.0|72.1|26.3|75.3|41.7|31.3|0.0|53.4|48.6
GSK429286A|2|2.0|CC1=C(C(=O)Nc2cc3cn[nH]c3cc2F)C(c2ccc(C(F)(F)F)cc2)CC(=O)N1|102|15.4|71.1|0.0|0.0|66.3|0.0|13.2|0.0|0.0|0.0|60.5|0.0|10.5
GSK429286A|3|2.0|CC1=C(C(=O)Nc2cc3cn[nH]c3cc2F)C(c2ccc(C(F)(F)F)cc2)CC(=O)N1|97|16.8|59.5|0.0|0.0|52.3|0.0|23.1|3.7|0.0|0.0|44.0|0.0|15.5
GSK429286A|4|2.0|CC1=C(C(=O)Nc2cc3cn[nH]c3cc2F)C(c2ccc(C(F)(F)F)cc2)CC(=O)N1|98|15.5|54.4|0.0|0.0|42.2|0.0|32.2|21.8|0.0|2.8|29.0|0.0|26.2
SB-431542|2|6.0|NC(=O)c1ccc(-c2nc(-c3ccc4c(c3)OCO4)c(-c3ccccn3)[nH]2)cc1|98|9.8|0.0|0.0|65.8|0.0|67.5|19.8|43.4|55.5|44.0|0.0|68.0|27.2
SB-431542|2|10.0|NC(=O)c1ccc(-c2nc(-c3ccc4c(c3)OCO4)c(-c3ccccn3)[nH]2)cc1|105|8.8|0.0|0.0|52.7|0.0|52.5|23.9|36.4|47.4|40.3|0.0|55.2|12.7
GW788388|2|30.0|O=C(NC1CCOCC1)c1ccc(-c2cc(-c3c[nH]nc3-c3ccccn3)ccn2)cc1|96|11.6|0.0|0.0|59.6|0.0|58.7|47.6|79.9|15.9|38.9|0.0|67.4|46.6
GW788388|2|50.0|O=C(NC1CCOCC1)c1ccc(-c2cc(-c3c[nH]nc3-c3ccccn3)ccn2)cc1|98|29.5|9.3|0.0|58.3|0.0|58.8|56.8|76.1|9.4|48.1|0.0|65.9|55.9
ID-8|1|10.0|COc1ccc(-n2c(C)c([N+](=O)[O-])c3ccc(O)cc32)cc1|96|8.3|10.8|46.2|0.0|74.0|0.0|24.4|3.3|0.0|0.0|38.4|2.1|0.0
8-Bromo-cAMP, sodium salt|1|10.0|Nc1ncnc2c1nc(Br)n2[C@@H]1O[C@@H]2COP(=O)(O)O[C@H]2[C@H]1O|101|5.2|27.8|0.0|21.9|0.0|26.8|53.4|14.6|0.0|50.7|0.0|26.9|51.8
BIO-acetoxime|1|10.0|CC(=O)O/N=C1C(=C2\C(=O)Nc3cc(Br)ccc32)/Nc2ccccc2/1|74|46.6|32.6|0.0|29.8|0.0|24.7|68.4|36.6|10.6|41.0|0.0|52.7|50.1
CHIR-99021|1|10.0|Cc1c[nH]c(-c2cnc(NCCNc3ccc(C#N)cn3)nc2-c2ccc(Cl)cc2Cl)n1|93|74.6|0.0|0.3|73.5|0.0|70.1|24.3|65.5|38.7|66.4|0.0|79.3|44.2
CHIR-99021|2|1.0|Cc1c[nH]c(-c2cnc(NCCNc3ccc(C#N)cn3)nc2-c2ccc(Cl)cc2Cl)n1|100|6.6|0.0|3.1|58.5|0.0|49.4|0.0|31.0|52.7|53.1|0.0|61.1|23.0
CHIR-99021|2|3.0|Cc1c[nH]c(-c2cnc(NCCNc3ccc(C#N)cn3)nc2-c2ccc(Cl)cc2Cl)n1|105|55.4|0.0|6.3|79.1|0.0|73.7|0.0|57.1|52.6|70.3|0.0|77.0|41.3
CHIR-99021|2|10.0|Cc1c[nH]c(-c2cnc(NCCNc3ccc(C#N)cn3)nc2-c2ccc(Cl)cc2Cl)n1|87|69.9|0.0|0.0|60.9|0.0|57.3|35.9|57.5|22.8|66.3|0.0|72.9|42.6
CHIR-99021|2|10.0|Cc1c[nH]c(-c2cnc(NCCNc3ccc(C#N)cn3)nc2-c2ccc(Cl)cc2Cl)n1|97|70.8|0.0|0.0|70.1|0.0|66.9|25.5|61.2|37.8|64.1|0.0|76.7|42.5
Ceramide|1|10.0|CCCCCCCCCCCCC/C=C/[C@H](O)[C@H](CO)NC(C)=O|106|10.4|0.0|0.0|83.1|0.0|81.5|13.8|76.9|45.2|62.5|0.0|67.9|74.0
Neurodazine|1|10.0|COc1ccc(-c2nc(-c3ccc(-c4cccc(Cl)c4)o3)[nH]c2-c2ccc(OC)cc2)cc1|97|31.8|0.0|0.0|55.1|0.0|56.4|30.0|61.1|6.4|38.5|0.0|59.4|34.5
IQ 1|1|10.0|CC(=O)c1ccc(/N=N/C(C(N)=O)=C2/NC(C)(C)Cc3ccccc32)cc1|88|30.7|69.0|0.0|0.0|91.5|0.0|9.5|0.0|0.0|0.0|89.6|0.0|0.0
Thiazovivin|1|10.0|O=C(NCc1ccccc1)c1csc(Nc2ccncn2)n1|89|29.5|14.7|0.0|36.6|0.0|57.2|48.7|45.6|26.7|44.2|0.0|34.0|50.3
Thiazovivin|2|2.0|O=C(NCc1ccccc1)c1csc(Nc2ccncn2)n1|98|15.5|66.1|0.0|0.0|55.9|0.0|26.1|2.6|0.0|8.2|38.6|0.0|27.6
Thiazovivin|3|2.0|O=C(NCc1ccccc1)c1csc(Nc2ccncn2)n1|97|6.6|41.8|0.0|0.0|20.5|5.4|49.0|24.1|0.0|0.0|20.4|0.0|15.7
Thiazovivin|3|6.0|O=C(NCc1ccccc1)c1csc(Nc2ccncn2)n1|94|16.2|7.4|0.0|29.0|0.0|48.1|29.0|39.5|31.8|12.8|0.0|22.2|32.9
Thiazovivin|3|10.0|O=C(NCc1ccccc1)c1csc(Nc2ccncn2)n1|97|28.8|0.0|0.0|40.7|0.0|61.4|19.4|37.6|42.4|24.6|0.0|28.3|33.4
RepSox|1|10.0|Cc1cccc(-c2n[nH]cc2-c2ccc3ncccc3n2)n1|98|5.0|0.0|47.5|21.3|3.1|20.1|15.9|26.8|9.5|25.1|0.0|47.6|0.0
RepSox|3|10.0|Cc1cccc(-c2n[nH]cc2-c2ccc3ncccc3n2)n1|98|19.2|0.0|0.0|62.6|0.0|60.8|18.5|76.5|25.0|36.0|0.0|68.8|50.5
RepSox|4|2.0|Cc1cccc(-c2n[nH]cc2-c2ccc3ncccc3n2)n1|98|9.2|0.0|16.1|52.1|0.0|53.8|15.1|23.8|44.2|46.4|0.0|61.3|24.3
RepSox|4|6.0|Cc1cccc(-c2n[nH]cc2-c2ccc3ncccc3n2)n1|100|10.4|0.0|22.4|55.0|0.0|55.4|23.0|47.7|30.3|51.5|0.0|68.7|27.6
Ponatinib|2|0.2|Cc1ccc(C(=O)Nc2ccc(CN3CCN(C)CC3)c(C(F)(F)F)c2)cc1C#Cc1cnc2cccnn12|95|28.5|74.8|0.0|0.0|42.2|0.0|58.5|28.2|0.0|0.0|27.3|9.0|29.2
Ponatinib|2|2.0|Cc1ccc(C(=O)Nc2ccc(CN3CCN(C)CC3)c(C(F)(F)F)c2)cc1C#Cc1cnc2cccnn12|63|64.6|0.0|0.0|83.3|0.0|79.6|28.3|93.3|46.4|50.7|0.0|81.5|58.9
Ponatinib|3|1.0|Cc1ccc(C(=O)Nc2ccc(CN3CCN(C)CC3)c(C(F)(F)F)c2)cc1C#Cc1cnc2cccnn12|75|38.9|20.6|0.0|50.6|0.0|47.7|50.4|70.8|11.5|30.6|0.0|65.0|53.8
Ponatinib|4|1.0|Cc1ccc(C(=O)Nc2ccc(CN3CCN(C)CC3)c(C(F)(F)F)c2)cc1C#Cc1cnc2cccnn12|73|69.3|0.0|0.0|70.6|0.0|71.1|34.6|74.0|33.0|61.8|0.0|73.1|44.8
GANT 58|2|10.0|c1cc(-c2sc(-c3ccncc3)c(-c3ccncc3)c2-c2ccncc2)ccn1|99|7.6|35.8|17.2|0.0|71.3|0.0|0.0|0.0|0.0|0.0|83.0|0.0|0.0
(±)-Blebbistatin|1|10.0|Cc1ccc2c(c1)C(=O)C1(O)CCN(c3ccccc3)C1=N2|93|7.3|0.0|11.9|0.0|14.5|12.8|33.9|14.6|0.0|5.4|12.8|4.8|0.0
WIKI4|1|10.0|COc1ccc(-n2c(SCCCN3C(=O)c4cccc5cccc(c45)C3=O)nnc2-c2ccncc2)cc1|98|6.2|0.0|0.0|40.1|0.0|37.9|30.5|52.1|12.6|29.6|0.0|48.0|17.7
Aumitin|2|10.0|Cc1cc(Nc2ccccc2)nc(Nc2ccc(NC(=O)c3ccccc3Cl)cc2)n1|96|60.4|0.0|0.0|81.8|0.0|77.4|21.5|91.6|32.9|47.2|0.0|73.8|63.9
Aumitin|2|30.0|Cc1cc(Nc2ccccc2)nc(Nc2ccc(NC(=O)c3ccccc3Cl)cc2)n1|61|68.6|0.0|0.0|83.5|0.0|81.3|9.2|92.6|44.2|48.3|0.0|72.8|62.4
Aumitin|2|50.0|Cc1cc(Nc2ccccc2)nc(Nc2ccc(NC(=O)c3ccccc3Cl)cc2)n1|56|74.4|0.0|0.0|87.4|0.0|90.0|19.0|74.4|61.3|56.2|0.0|80.5|75.9
Aumitin|3|10.0|Cc1cc(Nc2ccccc2)nc(Nc2ccc(NC(=O)c3ccccc3Cl)cc2)n1|98|25.7|0.0|0.0|57.9|0.0|57.3|23.5|86.6|16.7|12.0|0.0|56.9|36.8
Aumitin|4|3.0|Cc1cc(Nc2ccccc2)nc(Nc2ccc(NC(=O)c3ccccc3Cl)cc2)n1|95|20.0|0.0|0.0|46.6|0.0|56.0|48.7|58.8|12.1|23.9|0.0|50.7|31.8
Aumitin|4|10.0|Cc1cc(Nc2ccccc2)nc(Nc2ccc(NC(=O)c3ccccc3Cl)cc2)n1|93|69.8|0.0|0.0|79.7|0.0|79.1|17.3|94.8|34.4|44.6|0.0|72.8|49.6
BAY-876|1|0.2|Cc1c(NC(=O)c2cc(C(N)=O)nc3cc(F)ccc23)c(C(F)(F)F)nn1Cc1ccc(C#N)cc1|79|50.1|0.0|0.0|73.0|0.0|71.8|2.2|73.1|58.0|52.0|0.0|75.3|61.3
BAY-876|2|2.0|Cc1c(NC(=O)c2cc(C(N)=O)nc3cc(F)ccc23)c(C(F)(F)F)nn1Cc1ccc(C#N)cc1|98|6.0|29.3|17.8|0.0|67.6|0.0|2.3|0.0|0.0|0.0|61.2|0.0|0.0
BAY-876|2|6.0|Cc1c(NC(=O)c2cc(C(N)=O)nc3cc(F)ccc23)c(C(F)(F)F)nn1Cc1ccc(C#N)cc1|85|5.9|16.8|0.0|0.0|22.8|0.0|16.7|8.0|0.0|0.0|22.5|0.0|0.0
BAY-876|2|6.0|Cc1c(NC(=O)c2cc(C(N)=O)nc3cc(F)ccc23)c(C(F)(F)F)nn1Cc1ccc(C#N)cc1|88|10.9|39.4|0.0|0.0|59.5|0.0|37.1|3.9|0.0|0.0|45.3|0.0|0.0
BAY-876|2|10.0|Cc1c(NC(=O)c2cc(C(N)=O)nc3cc(F)ccc23)c(C(F)(F)F)nn1Cc1ccc(C#N)cc1|97|10.2|4.4|3.6|1.0|20.3|0.0|35.4|24.9|0.0|0.0|15.6|16.7|0.0
PIK-93|1|10.0|CC(=O)Nc1nc(C)c(-c2ccc(Cl)c(S(=O)(=O)NCCO)c2)s1|97|37.7|49.5|0.0|51.2|0.0|45.7|23.1|73.0|4.9|41.0|0.0|48.9|70.9
PIK-93|2|0.2|CC(=O)Nc1nc(C)c(-c2ccc(Cl)c(S(=O)(=O)NCCO)c2)s1|96|28.8|0.0|0.0|85.3|0.0|81.6|3.1|85.5|49.4|55.8|0.0|75.6|58.6
PIK-93|2|2.0|CC(=O)Nc1nc(C)c(-c2ccc(Cl)c(S(=O)(=O)NCCO)c2)s1|97|26.3|0.0|0.0|78.6|0.0|72.4|13.9|85.1|33.6|54.7|0.0|73.6|69.6
PIK-93|2|2.0|CC(=O)Nc1nc(C)c(-c2ccc(Cl)c(S(=O)(=O)NCCO)c2)s1|94|26.8|0.0|0.0|87.4|0.0|80.3|5.4|82.4|46.8|65.9|0.0|74.8|70.4
T-00127-HEV1|1|2.0|COc1ccc(-c2c(C)nn3c(NCCN4CCOCC4)cc(C)nc23)cc1OC|97|34.7|0.0|0.0|90.0|0.0|84.9|0.0|82.3|55.0|69.7|0.0|81.8|62.4
T-00127-HEV1|1|10.0|COc1ccc(-c2c(C)nn3c(NCCN4CCOCC4)cc(C)nc23)cc1OC|104|38.3|0.0|0.0|89.0|0.0|82.6|6.9|86.1|45.3|63.9|0.0|79.4|68.1
Chromopynone-1|1|10.0|CCOc1cccc2c1O[C@]1(C)C[C@H]2NC(=O)N1c1cccc(C(=O)NCCc2ccc(C)cc2)c1|85|9.0|30.4|0.0|0.0|41.0|0.0|49.7|4.9|0.0|0.0|45.2|9.1|0.0
405,00 SAR|1|10.0|C[C@@H]1COCCN1c1cc(=O)n2c(n1)N(Cc1cncc(Cl)c1)[C@H](C(F)(F)F)CC2|95|21.6|0.0|0.0|66.1|0.0|67.1|24.4|77.4|28.3|45.6|0.0|72.3|39.1
405,00 SAR|2|10.0|C[C@@H]1COCCN1c1cc(=O)n2c(n1)N(Cc1cncc(Cl)c1)[C@H](C(F)(F)F)CC2|88|47.3|0.0|0.0|75.1|0.0|73.1|18.3|91.0|34.3|48.2|0.0|73.6|61.6
|1|2.0|CS(=O)(=O)CCNCc1ccc(-c2ccc3ncnc(Nc4ccc(OCc5ccccc5)c(Cl)c4)c3c2)o1|90|9.5|0.0|0.0|47.8|0.0|56.0|38.4|69.5|12.6|33.7|0.0|55.5|29.7
|1|2.0|COc1ccccc1C1=C(Nc2ccccc2)C(=O)NC1=O|98|10.4|59.9|0.0|0.0|78.5|0.0|0.0|0.0|0.0|0.0|80.6|0.0|0.0
|1|2.0|N#Cc1ccc(Oc2nccc(-c3c(-c4ccc(F)cc4)ncn3C3CCNCC3)n2)cc1|100|7.3|0.0|0.0|14.3|29.3|8.1|21.1|44.0|0.0|0.0|3.2|31.7|0.0
|1|2.0|O=C(Nc1ccc(Oc2ccc3[nH]c(NC(=O)c4ccco4)nc3c2)cc1)Nc1cc(C(F)(F)F)ccc1F|98|11.9|50.1|0.0|0.2|22.0|3.5|50.1|29.3|0.0|22.4|1.4|19.2|25.2
|1|2.0|Cc1cc(C)cc(Oc2nccc(-c3c(-c4ccc(F)cc4)ncn3C3CCNCC3)n2)c1|100|11.1|26.4|0.0|20.8|16.8|18.8|20.8|57.3|0.0|0.0|5.7|24.6|9.0
|1|2.0|CC(=O)N1CCN(c2ccc(Nc3nccc(-c4sc(C(C)C)nc4-c4cccc(NS(=O)(=O)c5cccc(Cl)c5)c4)n3)cn2)CC1|90|39.2|0.9|0.0|74.6|0.0|66.6|31.8|74.8|41.3|66.1|0.0|81.7|76.3
|1|2.0|COC(=O)Nc1nc2cc(Oc3ccc(NC(=O)Nc4cc(C(F)(F)F)ccc4Cl)cc3)ccc2[nH]1|86|15.5|0.0|21.9|59.3|0.0|62.0|34.9|68.2|51.0|33.5|0.0|84.7|32.5
|1|2.0|CCn1c(-c2nonc2N)nc2cncc(Br)c21|91|7.1|43.0|1.0|0.0|60.7|0.0|0.0|0.0|0.0|0.0|64.8|0.0|0.0
|1|2.0|CN(C)CCOc1ccc(-c2cc(-c3c[nH]nc3-c3ccccn3)ccn2)cc1|100|6.7|0.0|5.1|63.5|0.0|60.1|4.2|37.9|53.0|53.2|0.0|70.0|35.7
|1|2.0|CC(C)Oc1ccc2c(-c3ccnc(Nc4ccc(N5CCN(C)CC5)cc4)n3)cnn2n1|87|23.0|72.8|0.0|0.0|68.9|0.0|23.3|18.5|0.0|0.0|48.5|0.0|21.0
|1|0.2|Cc1cccc(-c2nc(Nc3ccc4c(cnn4C)c3)c3ccccc3n2)n1|94|19.2|0.3|0.3|10.6|0.0|7.0|30.0|26.2|9.9|16.8|0.0|24.6|0.0
|1|2.0|Cc1cccc(-c2nc(Nc3ccc4c(cnn4C)c3)c3ccccc3n2)n1|92|30.4|3.3|0.5|8.8|12.1|4.1|27.9|29.0|6.1|12.9|0.0|24.1|0.0
|1|2.0|O=C(Nc1[nH]nc2cc(-c3ccoc3)ccc12)C1CC1|95|6.4|0.0|27.2|14.0|38.1|0.0|0.0|17.0|0.0|3.7|0.0|42.5|0.0
|1|0.2|CN(C)CC(O)COc1ccc(Nc2nccc(-c3cnn4nc(N5CCOCC5)ccc34)n2)cc1|98|7.4|34.5|3.8|0.0|85.0|0.0|0.0|5.9|0.0|0.0|49.2|0.0|0.0
|1|2.0|CN(C)CC(O)COc1ccc(Nc2nccc(-c3cnn4nc(N5CCOCC5)ccc34)n2)cc1|73|54.7|48.2|0.0|0.0|61.3|0.0|0.0|31.5|0.0|0.0|26.7|0.0|13.5
|1|2.0|C[C@@H](Oc1cc(-n2cnc3cc(-c4ccnc(N5CCN(C)CC5)c4)ccc32)sc1C(N)=O)c1ccccc1Cl|53|66.8|0.0|29.3|63.4|0.0|71.2|15.9|72.8|41.6|61.6|0.0|68.3|28.7
|1|0.2|Cc1csc(-c2nc(Nc3ccncc3)c3ccccc3n2)n1|100|9.8|0.0|5.3|58.3|0.0|60.1|0.0|27.1|57.8|32.5|0.0|56.8|21.6
|1|0.2|Nc1nccc(-c2c(-c3ccc(F)cc3)ncn2C2CCN(Cc3ccccc3)CC2)n1|96|13.0|51.8|22.3|0.0|91.7|0.0|0.0|0.0|0.0|0.0|75.6|0.0|0.0
|1|2.0|Nc1nccc(-c2c(-c3ccc(F)cc3)ncn2C2CCN(Cc3ccccc3)CC2)n1|92|17.8|58.9|18.6|0.0|95.3|0.0|3.9|0.0|0.0|0.0|82.7|0.0|0.0
|1|2.0|CCOC(=O)N1CCC(n2cnc(-c3ccc(F)cc3)c2-c2ccnc(N)n2)CC1|97|10.9|54.6|20.8|0.0|88.3|0.0|16.9|0.0|0.0|0.0|79.5|0.0|0.0
|1|2.0|CN(C)CCNS(=O)(=O)c1ccc(-c2ccnc3[nH]ccc23)cc1|108|20.0|60.2|0.0|0.0|51.3|0.0|0.0|0.0|0.0|0.0|67.4|0.0|0.0
|1|0.2|Cc1cccc(-c2nc(Nc3ccncc3)c3sccc3n2)n1|101|8.3|0.0|0.0|54.7|0.0|52.9|29.5|32.4|53.7|43.2|0.0|56.5|29.1
|1|2.0|Cc1cccc(-c2nc(Nc3ccncc3)c3sccc3n2)n1|102|10.9|0.0|0.0|68.3|0.0|69.7|0.0|41.6|66.0|49.8|0.0|62.4|35.6
|1|0.2|CCNCC(Cc1ccccc1)NC(=O)c1cc(Br)c(-c2ccnc3[nH]ccc23)s1|85|26.6|52.9|0.0|5.5|52.2|10.9|23.5|35.4|0.6|9.5|22.8|17.1|34.2
|1|2.0|CCNCC(Cc1ccccc1)NC(=O)c1cc(Br)c(-c2ccnc3[nH]ccc23)s1|64|71.5|0.0|34.5|51.6|0.0|66.4|10.1|54.7|50.6|42.4|0.0|52.3|13.5
|1|2.0|Cc1c(Cn2c(C)nn3c(=O)cc(N4CCO[C@H](C)C4)nc23)cccc1C(F)(F)F|92|5.4|63.5|0.0|0.0|73.7|0.0|10.3|0.2|0.0|0.5|39.4|0.0|21.6
|1|0.2|C[C@@H](Oc1cc(-n2cnc3ccc(OCC4CCN(C)CC4)cc32)sc1C(N)=O)c1ccccc1Cl|73|22.5|0.0|41.5|10.8|43.6|8.0|13.4|25.1|21.7|3.5|0.0|50.4|0.0
|1|2.0|COc1cccc(-n2ncc3c(N/N=C/c4ccncc4)ncnc32)c1|101|53.9|0.0|0.0|81.7|0.0|76.0|18.0|63.2|49.8|79.7|0.0|84.8|56.3
|1|0.2|NS(=O)(=O)c1ccc(/N=N\c2c(O)[nH]c3ccc4ncccc4c23)cc1|85|14.3|38.8|29.6|0.0|92.7|0.0|2.3|0.0|0.0|0.0|74.2|0.0|0.0
|1|2.0|NS(=O)(=O)c1ccc(/N=N\c2c(O)[nH]c3ccc4ncccc4c23)cc1|60|42.7|49.0|9.1|0.0|69.4|0.0|14.1|0.0|0.0|0.0|55.5|0.0|0.0
|1|2.0|COC(=O)Nc1nc2cc(Oc3ccc(NC(=O)Nc4cccc(Cl)c4)cc3)ccc2[nH]1|73|55.3|0.0|0.0|79.6|0.0|77.2|29.4|82.5|52.6|59.6|0.0|91.3|51.5
|1|2.0|Cc1ccc2[nH]c(O)c(/N=N/c3ccc(S(N)(=O)=O)cc3)c2c1|94|13.8|57.8|18.9|0.0|85.9|0.0|0.0|0.0|0.0|0.0|83.7|0.0|0.0
|1|2.0|COc1cc(Nc2nccc(Nc3ccc4c(C)[nH]nc4c3)n2)cc(OC)c1OC|99|26.6|15.3|0.0|61.8|0.0|64.3|42.7|57.1|31.0|57.4|0.0|54.9|62.6
|1|0.2|C[C@@H](Oc1cc(-n2cnc3ccc(OCC4CCN(C)CC4)cc32)sc1C(N)=O)c1ccccc1C(F)(F)F|86|16.9|0.0|25.3|31.7|0.0|37.1|34.8|38.1|28.6|18.2|0.0|55.3|0.0
|1|2.0|C[C@@H](Oc1cc(-n2cnc3ccc(OCC4CCN(C)CC4)cc32)sc1C(N)=O)c1ccccc1C(F)(F)F|58|61.3|0.0|32.0|59.8|0.0|71.7|27.7|79.3|42.2|40.3|0.0|64.0|20.1
|1|0.2|CN(C)CCOc1ccc(-c2cc(-c3ccc4c(c3)CC/C4=N\O)c(-c3ccncc3)o2)cc1|88|21.2|0.0|0.0|73.3|0.0|72.7|24.7|83.4|34.8|42.6|0.0|71.9|45.2
|1|2.0|CN(C)CCOc1ccc(-c2cc(-c3ccc4c(c3)CC/C4=N\O)c(-c3ccncc3)o2)cc1|93|78.4|0.0|0.0|81.3|0.0|80.2|18.1|95.9|42.9|53.5|0.0|76.8|49.6
|1|2.0|COc1cc2ncn(-c3cc(OCc4ccccc4Cl)c(C(N)=O)s3)c2cc1OC|71|25.2|0.0|44.1|46.2|0.0|55.0|11.2|47.4|55.1|26.6|0.0|67.6|15.0
|1|2.0|Clc1ccc(CNc2nccc(-c3cnn4ncccc34)n2)cc1|96|10.2|41.8|31.9|0.0|90.1|0.0|0.0|0.0|0.0|0.0|70.7|0.0|0.0
|1|2.0|CN1CCC(n2cnc(-c3ccc(F)cc3)c2-c2ccnc(N)n2)CC1|88|21.4|52.6|21.2|0.0|88.6|0.0|13.5|0.0|0.0|0.0|76.7|0.0|0.0
|1|2.0|O=C1Nc2ccc(C(=O)c3ccco3)cc2/C1=C\c1cc(Cl)c(O)c(Cl)c1|97|28.0|0.0|0.0|86.5|0.0|77.9|6.5|74.3|47.2|67.2|0.0|79.0|72.4
|1|2.0|CC1=C(C(=O)Nc2cc(Cl)c3[nH]ncc3c2)C(c2ccc(C(F)(F)F)cc2)CC(=O)N1|98|6.2|56.6|0.0|0.0|62.9|0.0|1.6|0.0|0.0|0.0|54.4|0.0|6.4
|1|2.0|C[C@@H](Oc1cc(-n2cnc3ccc(OC[C@@H](O)CO)cc32)sc1C(N)=O)c1ccccc1Cl|57|55.4|0.0|61.9|40.7|0.0|56.1|19.0|33.4|44.3|37.4|0.0|59.6|0.1
|1|2.0|N#Cc1c(NC(=O)c2ccc(F)c3ccccc23)sc2c1CCCC2|78|38.0|0.0|3.9|79.6|0.0|80.8|10.9|65.6|69.8|53.0|0.0|87.6|45.6
|1|2.0|CCCN(CCS(C)(=O)=O)Cc1ccc(-c2ccc3ncnc(Nc4ccc(OCc5cccc(F)c5)c(Cl)c4)c3c2)o1|95|9.2|16.9|0.0|16.4|0.0|19.3|48.6|43.6|0.0|17.8|0.0|21.4|1.5
|1|0.2|CN1CCC(C(=O)Nc2[nH]nc3nc(-c4ccc(O)cc4)c(Br)cc23)CC1|106|5.2|0.0|17.3|23.9|0.0|7.3|6.1|12.6|19.2|0.0|0.0|49.6|0.0
|1|2.0|CN1CCC(C(=O)Nc2[nH]nc3nc(-c4ccc(O)cc4)c(Br)cc23)CC1|86|46.8|8.0|0.0|22.3|30.2|7.9|14.0|27.4|22.0|0.0|0.0|59.4|25.9
|1|2.0|CN(c1ccc(NC(=O)Nc2c(Cl)cccc2Cl)cc1)c1ccnc(Nc2cccc(CS(C)(=O)=O)c2)n1|76|27.8|12.2|78.8|0.0|63.2|0.0|14.0|0.0|0.0|0.0|61.8|0.0|0.0
|1|2.0|COC(=O)Nc1nc2cc(Oc3ccc(NC(=O)Nc4cccc(Br)c4)cc3)ccc2[nH]1|93|24.7|0.0|0.0|78.8|0.0|74.6|23.0|73.9|44.7|60.3|0.0|84.0|48.3
|1|2.0|CN1CCC(n2cnc(-c3ccc(F)cc3)c2-c2ccnc(NCCO)n2)CC1|104|10.0|59.4|0.0|0.0|71.1|0.0|6.8|2.8|0.0|0.0|53.7|0.0|0.0
|1|2.0|COc1cc(Nc2nccc(-c3cnn4ncccc34)n2)cc(OC)c1|70|42.5|41.2|0.0|12.4|31.7|6.4|18.2|34.0|2.9|0.0|5.6|27.7|34.7
|1|2.0|COc1cc2c(cc1Nc1nc(N3CCc4ccccc43)c3cc[nH]c3n1)N(C(=O)CN(C)C)CC2|95|5.9|8.7|0.0|45.2|16.0|45.2|33.9|70.9|8.4|33.4|0.0|63.2|51.7
|1|2.0|CCc1cccc(NC(=O)Nc2ccc(Oc3ccc4[nH]c(NC(=O)OC)nc4c3)cc2)c1|74|29.9|0.0|1.7|59.3|0.0|52.1|42.8|60.0|24.8|42.8|0.0|87.3|41.7
|1|0.2|COc1cccc(Nc2nccc(-c3cnn4ncccc34)n2)c1|82|11.7|50.2|0.0|0.0|66.0|0.0|10.3|32.8|0.0|0.0|34.1|19.5|6.7
|1|2.0|COc1cccc(Nc2nccc(-c3cnn4ncccc34)n2)c1|61|41.8|18.8|0.0|22.1|17.5|15.9|13.2|36.2|17.6|0.4|0.0|36.5|31.0
|1|2.0|COC(=O)Nc1nc2cc(Oc3ccc(NC(=O)Nc4ccccc4)cc3)ccc2[nH]1|55|63.2|0.0|35.0|67.1|0.0|76.5|32.3|54.9|53.6|58.4|0.0|83.5|30.9
|1|0.2|c1cc(-c2cnn3nc(N4CCOCC4)ccc23)nc(NC2CC2)n1|103|6.7|4.7|0.0|0.0|0.0|0.0|0.0|0.1|23.2|0.0|10.9|0.0|0.0
|1|2.0|COc1cc2c(cc1Nc1nc(Nc3ccsc3C(N)=O)c3cc[nH]c3n1)N(C(=O)CN(C)C)CCC2|55|36.3|0.0|55.2|37.5|0.0|51.7|33.8|44.0|38.9|29.7|0.0|57.0|3.9
|1|0.2|CC(C)COC(=O)c1ccc2[nH]c(O)c(/C=N\c3ccc(S(N)(=O)=O)cc3)c2c1|98|12.1|33.6|28.2|0.0|92.4|0.0|0.0|0.0|0.0|0.0|74.1|0.0|0.0
|1|2.0|CC(C)COC(=O)c1ccc2[nH]c(O)c(/C=N\c3ccc(S(N)(=O)=O)cc3)c2c1|78|40.1|42.9|37.5|0.0|93.3|0.0|1.1|0.0|0.0|0.0|84.8|0.0|0.0
|1|0.2|COc1cc(N2CCN(C(C)C)CC2)ccc1Nc1nc(Nc2ccc(F)cc2C(N)=O)c2cc[nH]c2n1|98|7.6|52.4|0.0|17.5|10.0|30.2|46.9|32.6|11.1|34.5|7.4|16.9|49.9
|1|2.0|COc1cc(N2CCN(C(C)C)CC2)ccc1Nc1nc(Nc2ccc(F)cc2C(N)=O)c2cc[nH]c2n1|96|32.0|75.5|0.0|1.5|28.8|11.0|34.5|35.6|0.0|6.3|22.7|0.0|39.7
TCS JNK 5a|1|2.0|N#Cc1c(NC(=O)c2cccc3ccccc23)sc2c1CCCC2|55|61.5|0.0|36.5|65.8|0.0|76.4|21.1|54.7|62.2|46.4|0.0|82.8|25.0
TCS JNK 5a|2|0.2|N#Cc1c(NC(=O)c2cccc3ccccc23)sc2c1CCCC2|77|37.7|0.0|0.9|70.8|0.0|69.3|17.5|67.4|62.2|40.0|0.0|91.1|46.3
TCS JNK 5a|2|2.0|N#Cc1c(NC(=O)c2cccc3ccccc23)sc2c1CCCC2|50|76.5|0.0|8.4|74.1|0.0|81.6|34.8|69.4|58.4|62.2|0.0|83.4|50.3
TCS JNK 5a|3|0.2|N#Cc1c(NC(=O)c2cccc3ccccc23)sc2c1CCCC2|62|73.7|0.0|21.7|71.7|0.0|73.5|30.9|68.8|50.7|58.6|0.0|90.9|41.1
TCS JNK 5a|3|0.2|N#Cc1c(NC(=O)c2cccc3ccccc23)sc2c1CCCC2|63|73.4|0.0|19.9|71.1|0.0|73.7|30.7|67.7|53.0|57.3|0.0|90.9|41.0
TCS JNK 5a|3|0.6|N#Cc1c(NC(=O)c2cccc3ccccc23)sc2c1CCCC2|54|81.0|0.0|21.6|70.2|0.0|74.9|38.8|64.7|51.6|64.2|0.0|85.7|42.9
|1|0.2|Fc1ccc(-c2ncn(C3CCNCC3)c2-c2ccnc(Oc3ccc4c(c3)OCO4)n2)cc1|94|5.4|45.5|0.0|0.0|65.0|0.0|0.0|1.2|0.0|0.0|37.9|0.0|23.2
|1|2.0|Fc1ccc(-c2ncn(C3CCNCC3)c2-c2ccnc(Oc3ccc4c(c3)OCO4)n2)cc1|95|16.4|72.8|0.0|0.0|84.8|0.0|10.6|0.0|0.0|0.0|69.1|0.0|0.0
|1|0.2|CN1CCN(c2ccc(Nc3nccc(-c4cnn5ncccc45)n3)cc2C(F)(F)F)CC1|64|49.6|24.4|1.2|1.5|44.8|0.0|5.4|23.9|6.3|0.0|12.6|16.6|11.9
|1|2.0|CN1CCN(c2ccc(Nc3nccc(-c4cnn5ncccc45)n3)cc2C(F)(F)F)CC1|59|58.4|27.8|0.0|32.6|0.0|34.3|18.8|54.3|28.8|0.0|0.0|33.4|38.4
|1|2.0|CCc1ccc(Oc2nccc(-c3c(-c4ccc(F)cc4)ncn3C3CCNCC3)n2)cc1|102|12.8|65.9|0.0|0.0|73.9|0.0|15.0|13.1|0.0|0.0|53.5|0.0|0.0
|1|2.0|COc1cc(/C=N/Nc2ncnc3c2cnn3-c2ccccc2)ccc1O|95|20.9|0.0|0.0|85.7|0.0|85.9|18.0|70.9|57.8|64.7|0.0|79.2|57.8
|1|0.2|c1cnn2ncc(-c3ccnc(Nc4ccc5c(c4)OCCO5)n3)c2c1|85|10.2|33.9|0.0|0.9|63.4|0.0|5.7|37.9|0.0|0.0|20.7|20.9|0.0
|1|2.0|c1cnn2ncc(-c3ccnc(Nc4ccc5c(c4)OCCO5)n3)c2c1|66|45.8|28.1|0.0|22.5|15.5|15.7|11.9|35.7|15.8|0.0|0.0|35.7|38.2
|1|0.2|NS(=O)(=O)c1ccc(/N=N/c2c(O)[nH]c3ccc(-c4cnco4)cc23)cc1|95|7.3|23.0|30.3|0.0|88.5|0.0|0.0|0.0|0.0|0.0|62.2|0.0|0.0
|1|2.0|NS(=O)(=O)c1ccc(/N=N/c2c(O)[nH]c3ccc(-c4cnco4)cc23)cc1|76|23.8|45.3|34.0|0.0|95.7|0.0|7.0|0.0|0.0|0.0|75.5|0.0|0.0
|1|2.0|Fc1ccc(-c2ncn(C3CCNCC3)c2-c2ccnc(Oc3ccc(F)c(F)c3)n2)cc1|108|5.7|47.3|0.0|0.0|73.6|0.0|22.9|5.5|0.0|0.0|61.9|0.0|0.0
|1|2.0|NC(=O)c1ccc(-c2nc(-c3ccc4c(c3)OCO4)c(-c3ccccn3)[nH]2)cc1|101|6.6|0.0|5.4|70.9|0.0|68.2|8.1|44.5|53.2|65.7|0.0|70.4|34.2
|1|2.0|Cc1ccc(NC(=O)c2ccnc(N3CCOCC3)c2)cc1-c1ccc(C(=O)NCC2CC2)cc1|94|7.8|48.1|0.0|0.0|65.5|0.0|0.0|0.0|0.0|0.0|30.5|0.0|2.6
|1|2.0|COc1ccc(-c2nn3ncccc3c2-c2ccnc(Nc3ccc4c(c3)OCCO4)n2)cc1|96|23.8|0.0|0.0|55.7|0.0|54.8|34.3|64.2|16.9|38.3|0.0|62.7|29.0
|1|2.0|CC1(C)CC(n2cnc(-c3ccc(F)cc3)c2-c2ccnc(N)n2)CC(C)(C)N1|94|12.4|58.0|19.0|0.0|93.0|0.0|0.0|0.0|0.0|0.0|73.8|0.0|0.0
|1|2.0|COc1ccccc1Oc1nccc(-c2c(-c3ccc(F)cc3)ncn2C2CCNCC2)n1|99|14.3|47.5|0.0|0.0|51.1|0.0|0.0|0.0|0.0|0.0|53.9|0.0|0.0
|1|0.2|CCN1CCC(C(=O)Nc2[nH]nc3nnc(-c4cccc(F)c4F)cc23)CC1|104|6.7|0.0|0.0|55.7|0.0|48.2|7.9|38.8|46.9|37.2|0.0|65.1|27.4
|1|2.0|CCN1CCC(C(=O)Nc2[nH]nc3nnc(-c4cccc(F)c4F)cc23)CC1|101|55.1|0.0|2.7|67.2|0.0|61.7|12.0|59.0|50.7|56.4|0.0|77.5|41.2
|1|2.0|CC1=C(C(=O)Nc2ccc3[nH]ncc3c2)C(c2ccc3ccccc3c2)CC(=O)N1|92|29.0|53.8|0.0|0.0|38.6|7.0|0.0|1.2|5.7|0.3|25.3|0.0|27.1
|1|2.0|COc1cc2ncn(-c3cc(O[C@@H](C)c4ccccc4Cl)c(C(N)=O)s3)c2cc1OC|72|45.3|0.0|18.7|71.8|0.0|74.3|7.5|70.2|65.6|54.7|0.0|81.3|41.6
|1|2.0|CN(C)CCCNc1nccc(-c2c(-c3ccc(F)cc3)nn3cc(C(F)(F)F)ccc23)n1|100|6.0|6.3|0.0|52.4|0.0|49.6|17.6|75.8|29.3|12.4|0.0|58.3|43.0
|1|2.0|COC(=O)Nc1nc2cc(Sc3ccc(NC(=O)Nc4cc(C(F)(F)F)ccc4F)cc3)ccc2[nH]1|94|6.9|0.0|0.0|62.8|0.0|62.3|36.4|60.4|26.9|63.8|0.0|70.6|51.7
|1|2.0|Cc1cccc(Oc2nccc(-c3c(-c4ccc(F)cc4)ncn3C3CCNCC3)n2)c1C|93|9.2|34.2|1.9|0.0|63.6|0.0|34.2|31.6|0.0|0.0|35.3|17.2|0.0
|1|2.0|CCCN1CCC=C(c2ccc(Nc3nc(Nc4ccccc4C(N)=O)c4cc[nH]c4n3)c(C)c2)C1|93|39.6|80.2|0.0|0.0|60.6|0.0|42.7|0.0|0.0|0.0|59.1|0.0|0.0
|1|2.0|CCN1CCC(CC(=O)Nc2[nH]nc3nnc(-c4cccc(F)c4F)cc23)CC1|100|47.0|0.0|0.0|75.5|0.0|70.6|0.0|61.8|58.8|55.1|0.0|79.4|46.9
|1|2.0|Nc1nc(-c2cccc(Cl)c2)c(-c2ccc3ncccc3n2)s1|94|6.7|0.0|15.2|48.5|0.0|54.5|15.3|20.3|49.9|43.3|0.0|49.1|28.2
|1|0.2|CCn1c(-c2nonc2N)nc2cnc(Oc3cccc(NC(=O)c4ccc(N(C)C)cc4)c3)cc21|96|10.2|35.2|0.0|13.8|29.6|21.1|13.0|38.1|8.7|10.9|5.8|19.8|37.3
|1|2.0|CCn1c(-c2nonc2N)nc2cnc(Oc3cccc(NC(=O)c4ccc(N(C)C)cc4)c3)cc21|90|52.8|0.0|0.0|66.4|0.0|76.4|10.3|61.8|57.1|44.1|0.0|57.6|52.4
|1|0.2|NS(=O)(=O)c1ccc(/N=C\c2c(O)[nH]c3ccc4ncsc4c23)cc1|95|9.2|29.4|39.8|0.0|90.1|0.0|17.8|0.0|0.0|0.0|74.8|0.0|0.0
|1|2.0|NS(=O)(=O)c1ccc(/N=C\c2c(O)[nH]c3ccc4ncsc4c23)cc1|71|45.1|51.2|22.6|0.0|82.6|0.0|16.0|0.0|0.0|0.0|86.7|0.0|0.0
|2|2.0|NS(=O)(=O)c1ccc(/N=C\c2c(O)[nH]c3ccc4ncsc4c23)cc1|90|7.4|24.0|36.4|0.0|84.7|0.0|0.0|0.0|0.0|0.0|55.0|0.0|0.0
|1|2.0|CCN1CCC(CC(=O)Nc2n[nH]c3nc(-c4cccs4)c(Br)cc23)CC1|95|27.1|0.0|1.8|77.7|0.0|75.1|0.0|67.7|61.5|55.1|0.0|81.7|41.0
|1|2.0|COc1cc(N2CCN(C(C)C)CC2)ccc1Nc1nc(Nc2cccc3ncccc23)c2cc[nH]c2n1|95|15.2|5.3|0.0|57.4|0.0|57.9|7.6|86.3|25.9|22.6|0.0|44.9|34.7
|1|2.0|CCn1c(-c2nonc2N)nc2cncc(C(=O)NCCNC)c21|94|20.7|40.6|0.0|2.3|27.2|21.0|15.4|19.9|6.6|16.5|10.0|0.0|30.9
|1|2.0|COc1cccc(-n2ncc3c(N/N=C/c4ccc(S(C)(=O)=O)cc4)ncnc32)c1|98|8.5|0.0|0.0|82.9|0.0|72.0|19.7|62.3|45.0|66.5|0.0|80.7|59.5
|1|2.0|Nc1nccc(-c2c(-c3ccc(F)cc3)ncn2C2CCNCC2)n1|87|35.8|59.1|20.5|0.0|80.2|0.0|0.0|0.0|0.0|0.0|84.8|0.0|0.0
|1|2.0|CCn1c(-c2nonc2N)nc2cncc(C(=O)N3CC[C@H](N)C3)c21|89|16.2|46.2|0.0|0.0|35.0|0.0|14.6|0.0|0.6|0.0|32.9|0.0|17.4
|1|0.2|CCCN1CCCC(c2ccc(Nc3nc(Nc4cc(F)ccc4C(N)=O)c4cc[nH]c4n3)c(OC)c2)C1|100|12.6|63.0|0.0|0.0|31.7|0.0|13.5|0.0|0.0|0.0|50.9|0.0|0.0
|1|2.0|CCCN1CCCC(c2ccc(Nc3nc(Nc4cc(F)ccc4C(N)=O)c4cc[nH]c4n3)c(OC)c2)C1|96|33.2|36.2|0.0|37.3|0.0|50.6|19.6|73.4|7.9|12.9|0.0|25.3|39.3
|1|2.0|O=C1Nc2ccc(-c3cccnc3)cc2/C1=C/c1cc(Br)c(O)c(Br)c1|98|19.0|0.0|0.0|84.0|0.0|79.3|0.0|81.8|56.4|61.3|0.0|73.6|66.2
GSK180736A|1|0.2|CC1=C(C(=O)Nc2ccc3[nH]ncc3c2)C(c2ccc(F)cc2)NC(=O)N1|102|7.3|0.0|0.0|0.0|4.6|0.0|0.0|4.4|0.0|0.0|26.4|0.0|0.0
|1|0.2|O=C(Nc1[nH]nc2nnc(-c3cccnc3)cc12)C1CC1|107|22.8|0.0|3.9|59.2|0.0|52.7|11.7|50.4|40.3|38.4|0.0|71.6|30.2
|1|2.0|O=C(Nc1[nH]nc2nnc(-c3cccnc3)cc12)C1CC1|83|77.5|0.0|2.0|74.3|0.0|71.7|12.8|67.0|51.2|68.1|0.0|81.4|48.3
|1|0.2|CS(=O)(=O)CCNCc1ccc(-c2ccc3ncnc(Nc4ccc(OCc5cccc(F)c5)c(C(F)(F)F)c4)c3c2)o1|92|8.3|0.1|0.0|0.0|3.0|0.0|0.0|6.6|4.0|0.0|18.1|0.0|0.0
|1|2.0|COc1cc2ncn(-c3cc(OCc4cccs4)c(C(N)=O)s3)c2cc1OC|96|5.7|48.7|19.8|0.0|88.0|0.0|0.0|0.0|0.0|0.0|66.7|0.0|0.0
|1|2.0|Cc1ccc(O)cc1Nc1ccnc2ccc(S(C)(=O)=O)cc12|91|77.5|0.0|0.0|83.7|0.0|84.3|29.1|74.6|52.4|58.9|0.0|82.9|52.3
|1|0.2|c1ccc(-c2n[nH]cc2-c2ccnc(-c3ccc(OCCn4ccnc4)cc3)c2)nc1|93|9.0|0.0|2.6|62.4|0.0|65.5|0.0|32.4|53.1|46.4|0.0|59.1|32.6
|1|0.2|COc1cccc(-n2ncc3c(N/N=C/c4ccc(C(=O)NCCN(C)C)cc4)ncnc32)c1|99|10.2|0.0|0.0|70.8|0.0|68.0|0.0|64.1|59.9|40.6|0.0|65.4|37.6
|1|2.0|COc1cccc(-n2ncc3c(N/N=C/c4ccc(C(=O)NCCN(C)C)cc4)ncnc32)c1|93|73.4|0.0|0.0|84.0|0.0|79.2|25.1|91.4|45.0|62.0|0.0|80.8|59.4
|1|2.0|CC(C)c1ccc(Nc2nccc(-c3cnn4ncccc34)n2)cc1|78|41.3|16.0|0.0|51.2|17.2|39.8|4.9|73.1|24.1|16.1|0.0|64.6|50.2
|1|2.0|CC1=C(C(=O)Nc2ccc3[nH]nc(C)c3c2)C(c2ccc(C(F)(F)F)cc2)CC(=O)N1|92|22.6|67.0|0.0|0.0|56.3|0.0|4.8|6.0|0.0|0.0|41.3|0.0|13.3
|1|2.0|CS(=O)(=O)CCNCc1ccc(-c2ccc3ncnc(Nc4ccc(OCc5ccccc5)c(Br)c4)c3c2)o1|100|6.0|9.5|0.0|40.6|0.0|45.6|0.0|64.5|22.5|3.4|0.0|26.9|23.5
|1|2.0|COc1cccc(-c2c[nH]c3c(N/N=C/c4ccncc4)ncnc23)c1|87|39.2|0.0|0.0|71.3|0.0|66.9|10.4|83.6|36.7|51.3|0.0|74.1|45.7
|1|2.0|CCS(=O)(=O)c1ccc(OC)c(Nc2nccc(N(C)c3ccc4c(C)[nH]nc4c3)n2)c1|98|7.3|0.0|0.0|68.4|0.0|67.5|37.6|62.7|32.8|58.5|0.0|67.7|57.7
|1|0.2|CN(C)CCOc1ccc(-c2nc(-c3ccc4c(c3)CC/C4=N\O)c(-c3ccncc3)[nH]2)cc1|92|5.0|0.0|0.0|58.5|0.0|55.5|0.0|68.0|40.0|21.0|0.0|61.7|36.2
|1|2.0|CN(C)CCOc1ccc(-c2nc(-c3ccc4c(c3)CC/C4=N\O)c(-c3ccncc3)[nH]2)cc1|98|40.4|0.0|0.0|75.3|0.0|75.2|0.0|89.2|42.6|47.4|0.0|69.2|48.9
|1|2.0|CC1=C(C(=O)Nc2ccc3[nH]ncc3c2)C(c2ccc(Cl)c(Cl)c2)CC(=O)N1|100|12.1|71.8|0.0|0.0|62.2|0.0|11.0|0.0|0.0|0.0|53.5|0.0|7.8
|1|2.0|COc1cc2c(cc1Nc1nc(Nc3cccc(F)c3C(N)=O)c3cc[nH]c3n1)N(C(=O)CN1CCN(C(C)C)CC1)CC2|100|16.2|12.5|0.0|60.4|0.0|62.2|33.3|83.8|16.2|43.5|0.0|51.4|50.4
|1|2.0|N#Cc1c(NC(=O)c2cccc3ccccc23)sc2c1CCCN2C(=O)C1CC1|82|24.7|0.0|3.5|69.9|0.0|68.8|19.8|61.8|53.5|49.8|0.0|91.9|50.2
|1|2.0|O=C(Nc1ccc(Oc2ccc3[nH]c(NC(=O)c4ccccc4)nc3c2)cc1)Nc1cc(C(F)(F)F)ccc1F|101|10.7|15.5|0.0|29.2|0.0|29.0|28.4|61.5|0.0|4.2|0.0|30.2|12.3
|1|2.0|COc1cc(Nc2ncc3c(C)nc(-c4cccc(C(F)(F)F)c4)n3n2)cc(OC)c1OC|90|18.3|37.1|0.0|20.2|0.0|14.8|65.0|33.3|0.0|37.7|0.0|40.2|47.9
|1|2.0|Fc1ccc(-c2ncn(C3CCNCC3)c2-c2ccnc(Oc3cccc(F)c3)n2)cc1|99|9.3|52.0|0.0|0.0|63.0|0.0|34.6|22.5|0.0|2.0|38.1|1.0|6.0
|1|2.0|NS(=O)(=O)c1ccc(/N=N\c2c(O)[nH]c3ccc(C(=O)NCCc4c[nH]cn4)cc23)cc1|101|14.5|0.0|0.0|84.5|0.0|77.2|0.0|77.9|42.4|63.9|0.0|70.3|66.6
|1|0.2|COc1ccc2[nH]c3c4[nH]c5ccc(OC)cc5c4c4c(c3c2c1)C(=O)NC4=O|107|6.2|55.4|5.5|0.0|60.8|0.0|41.8|0.0|0.0|0.0|68.4|0.0|0.0
|1|2.0|COc1ccc2[nH]c3c4[nH]c5ccc(OC)cc5c4c4c(c3c2c1)C(=O)NC4=O|106|37.1|80.1|0.0|0.0|28.1|0.0|43.3|10.5|0.0|0.0|37.8|0.0|17.2
|1|2.0|OCc1ccc(-c2nc(-c3ccc4c(c3)OCO4)c(-c3ccccn3)[nH]2)cc1|102|5.2|0.0|0.0|64.3|0.0|65.7|0.0|40.7|60.8|40.1|0.0|60.8|26.1
|1|2.0|CCS(=O)(=O)c1ccc(OC)c(Nc2ncc(-c3cccc(C(C)=O)c3)o2)c1|106|5.7|0.0|0.0|80.0|0.0|73.1|0.1|69.8|39.0|51.2|0.0|73.9|51.3
|1|2.0|O=S(=O)(CCOCc1ccc(-c2ccc3ncnc(Nc4ccc(OCc5cccc(F)c5)c(Cl)c4)c3c2)o1)c1ccccc1|100|15.4|0.5|3.6|1.5|0.0|3.1|40.1|30.2|0.0|0.0|14.2|4.7|0.0
|1|2.0|CS(=O)(=O)CCNCc1ccc(-c2ccc3ncnc(Nc4ccc(OCc5ccccc5)cc4)c3c2)o1|98|14.9|3.9|0.0|49.5|0.0|49.8|1.2|85.0|16.4|5.1|0.0|43.8|28.6
|1|2.0|CN1CCN(Cc2ccc(-c3cc4ncnc(Nc5ccc(OCc6cccc(F)c6)c(Cl)c5)c4s3)o2)CC1|101|9.8|0.0|0.0|52.2|0.0|51.1|20.2|82.3|19.6|4.0|0.0|56.3|27.2
|1|2.0|N#Cc1ccc2c(-c3ccnc(NC4CC4)n3)c(-c3ccc(F)cc3)nn2c1|96|9.8|55.2|0.4|0.0|78.6|0.0|0.0|0.0|0.0|0.0|66.4|0.0|0.0
|1|2.0|Fc1ccc(-c2ncn(C3CCNCC3)c2-c2ccnc(Oc3ccccc3)n2)cc1|96|7.3|51.9|3.9|0.0|71.2|0.0|41.0|4.7|0.0|0.0|55.7|0.0|0.0
|1|2.0|COC(=O)c1ccc2c(c1)/C(=C/c1cc(Br)c(O)c(Br)c1)C(=O)N2|104|24.9|0.0|0.0|89.1|0.0|85.1|0.0|80.8|49.0|64.0|0.0|77.6|56.6
|1|2.0|C[C@@H](Oc1cc(-n2cnc3ccc(OC4CCN(C)CC4)cc32)sc1C(N)=O)c1ccccc1Cl|60|62.3|0.0|44.6|46.1|0.0|61.3|32.9|67.4|29.9|31.4|0.0|54.9|5.3
|1|2.0|COC(=O)c1cncc(/C=C/c2c(C)cc(O)cc2C)c1|101|11.2|0.0|0.0|64.6|0.0|66.5|3.8|50.4|38.9|34.1|0.0|47.8|28.2
|1|2.0|NCc1ccc(-n2c(-c3nonc3N)nc3cnccc32)cc1|88|19.7|33.0|0.0|0.0|31.5|8.2|22.9|26.3|0.0|0.0|28.5|0.0|9.4
|1|2.0|Fc1ccc(Oc2nccc(-c3c(-c4ccc(F)cc4)ncn3C3CCNCC3)n2)cc1|92|8.3|64.4|0.0|0.0|76.2|0.0|1.9|0.0|0.0|0.0|54.8|0.0|0.0
|1|2.0|O=S1CCN(Cc2ccc(-c3ccc4ncnc(Nc5ccc(OCc6ccccc6)c(F)c5)c4c3)o2)CC1|103|6.7|25.9|0.0|15.3|17.8|9.6|42.2|41.1|0.0|16.6|4.0|29.8|18.2
|1|0.2|COc1ccc(C[C@@H](CN)NC(=O)c2cc(Br)c(-c3ccnc4[nH]ccc34)s2)cc1|82|24.2|25.0|0.0|6.9|15.4|25.7|23.8|22.3|22.7|13.5|6.1|7.8|29.7
|1|2.0|COc1ccc(C[C@@H](CN)NC(=O)c2cc(Br)c(-c3ccnc4[nH]ccc34)s2)cc1|67|45.8|0.0|9.2|32.6|0.0|45.8|14.1|33.5|43.6|20.4|0.0|32.5|16.1
|1|0.2|Cc1cccc(-c2nc(Nc3ccncc3)c3ccccc3n2)n1|106|14.5|0.0|0.0|63.2|0.0|65.3|0.0|47.7|65.5|25.2|0.0|58.2|20.4
|1|2.0|Cc1cccc(-c2nc(Nc3ccncc3)c3ccccc3n2)n1|104|16.4|0.0|0.0|63.7|0.0|68.6|0.0|33.8|67.1|35.5|0.0|48.5|27.7
|1|0.2|COc1cccc2c(-c3ccncc3)c(-c3ccc(F)cc3)nn12|97|11.2|0.0|15.8|31.7|0.0|41.3|0.0|34.5|39.8|0.0|0.0|19.0|0.0
|1|2.0|CNc1nc(-c2ccc3c(N)n[nH]c3c2)cc(N2C[C@@H](C(=O)Nc3ccccc3)CC[C@H]2C)n1|95|15.0|75.1|0.0|0.0|47.3|0.0|2.8|2.7|0.0|0.0|40.5|0.0|18.9
|1|2.0|O=C(Nc1[nH]nc2nc(-c3ccc(O)cc3)ccc12)C1CC1|90|27.1|0.0|52.7|14.7|41.5|9.9|8.0|27.9|0.0|3.5|0.0|53.5|0.0
|1|2.0|Cc1n[nH]c2ccc(-c3cc(OC[C@@H](N)Cc4ccccc4)cnc3-c3ccoc3)cc12|92|41.3|80.3|7.1|0.0|74.8|0.0|30.6|0.0|0.0|0.0|67.3|0.0|0.0
|1|0.2|COC(=O)Nc1nc2cc(Oc3ccc(NC(=O)Nc4cc(C(F)(F)F)ccc4F)cc3)ccc2[nH]1|105|7.8|35.1|0.0|11.3|20.0|3.4|16.5|34.9|0.0|0.0|0.0|31.9|24.9
|1|2.0|Nc1nccc(-c2c(-c3ccc(F)cc3)ncn2C2CCN(CC(F)(F)F)CC2)n1|101|9.7|58.5|12.6|0.0|92.8|0.0|0.0|0.0|0.0|0.0|80.3|0.0|0.0
|1|0.2|C[C@@H](Oc1cc(-n2cnc3cc(-c4ccncc4)ccc32)sc1C(N)=O)c1ccccc1Cl|67|25.6|0.0|42.4|42.2|1.2|43.8|3.9|53.5|37.5|25.9|0.0|67.2|11.5
|1|2.0|C[C@@H](Oc1cc(-n2cnc3cc(-c4ccncc4)ccc32)sc1C(N)=O)c1ccccc1Cl|56|24.2|10.3|66.8|0.0|67.1|0.0|35.1|0.0|0.0|0.0|44.0|0.0|0.0
|1|0.2|CC(C)c1nc(-c2cccc(NS(=O)(=O)c3c(F)cccc3F)c2F)c(-c2ccnc(Nc3ccc(N4CCOCC4)nc3)n2)s1|87|16.9|27.3|0.0|49.1|7.5|39.3|19.7|59.2|26.1|22.0|0.0|66.4|73.3
|1|2.0|CC(C)c1nc(-c2cccc(NS(=O)(=O)c3c(F)cccc3F)c2F)c(-c2ccnc(Nc3ccc(N4CCOCC4)nc3)n2)s1|83|75.3|0.0|0.0|87.2|0.0|85.4|16.3|80.3|62.8|60.9|0.0|87.9|51.4
GSK2593074A|1|2.0|Cn1cc(-c2cnc(N)c3c(-c4ccc5c(c4)CCN5C(=O)Cc4ccccc4)csc23)cn1|99|8.3|44.0|17.7|0.0|59.6|0.0|44.3|0.0|0.0|0.0|77.0|0.0|0.0
|1|2.0|Cc1nn2c(=O)cc(N3CCOCC3)nc2n1Cc1cccc(Cl)c1Cl|100|10.7|18.8|0.0|63.5|0.0|59.3|0.0|73.3|28.8|42.4|0.0|57.5|69.6
|1|2.0|O=c1cc(N2CCOCC2)nc2n(Cc3cccc(Cl)c3Cl)c(C3CC3)nn12|104|15.5|19.8|0.0|50.9|0.0|58.4|0.0|71.3|28.1|21.0|0.0|39.7|50.4
|1|0.2|O=c1cc(N2CCOCC2)nc2n(Cc3cccc(F)c3)ccn12|102|5.4|0.0|0.0|36.5|14.0|35.1|17.5|55.7|26.7|22.1|0.0|54.6|37.7
|1|2.0|CN1CCN(CCCNc2nccc(-c3c(-c4ccc(F)cc4)nn4cc(C(F)(F)F)ccc34)n2)CC1|88|9.0|1.0|0.0|55.3|0.0|53.9|17.7|81.8|22.6|32.5|0.0|61.8|49.1
|1|2.0|CC(C)c1nc(-c2cccc(NS(=O)(=O)c3ccccc3)c2)c(-c2ccnc(Nc3ccc4c(c3)CN(C)CC4)n2)s1|95|83.9|0.0|0.0|91.9|0.0|90.7|12.7|81.9|59.8|68.8|0.0|84.7|64.3
|1|2.0|CCn1c(-c2nonc2N)nc2c(-c3ccccc3)ncc(OCCCN)c21|100|9.7|72.7|0.0|0.0|55.5|0.0|30.4|38.6|0.0|0.0|30.4|0.0|28.2
|1|2.0|COc1ccc(C2=NC(C)=C(C(=O)Nc3ccc4[nH]ncc4c3)C(c3ccc(Cl)cc3F)N2)cn1|92|8.8|57.6|0.0|0.0|47.7|0.0|17.8|2.8|0.0|9.2|34.6|0.0|30.3
|1|2.0|CCNc1nccc(-c2c(-c3ccc(F)cc3)ncn2C2CCN(C)CC2)n1|94|12.4|18.2|0.0|7.9|48.3|0.0|15.4|46.2|0.0|0.0|15.2|21.1|0.0
|1|2.0|CCN1CCN(CCCC(=O)Nc2[nH]nc3nc(-c4ccc(O)cc4)c(Br)cc23)CC1|101|23.8|0.0|20.1|49.0|0.0|43.8|0.0|45.7|44.0|26.6|0.0|68.9|14.1
|1|2.0|Oc1cc(-c2[nH]c(-c3ccccc3)nc2-c2ccncc2)ccc1Cl|96|25.0|0.0|0.0|83.1|0.0|75.2|2.6|83.6|40.8|61.0|0.0|80.6|63.5
|1|2.0|CC(=O)c1c(-c2ccncc2)[nH]c(-c2ccncc2)c1C|90|7.6|11.0|19.4|0.0|62.9|0.0|0.0|25.3|0.0|0.0|14.6|18.7|0.0
PD153035 (Hydrochloride)|1|2.0|COc1cc2ncnc(Nc3cccc(Br)c3)c2cc1OC|99|5.4|77.2|0.0|0.0|72.0|0.0|2.7|0.0|0.0|0.0|63.4|0.0|0.0
|1|0.2|NCC(NC(=O)c1cc(-c2cn[nH]c2)c(-c2ccnc3[nH]ccc23)s1)c1ccccc1|97|7.9|59.5|0.0|0.0|56.6|0.0|26.7|0.0|0.0|0.0|50.8|0.0|3.0
|1|2.0|NCC(NC(=O)c1cc(-c2cn[nH]c2)c(-c2ccnc3[nH]ccc23)s1)c1ccccc1|77|30.1|42.4|0.0|0.0|64.6|0.0|25.3|0.0|0.0|0.0|41.2|2.1|9.3
|1|2.0|NCC(NC(=O)c1cc(-c2ccccc2)c(-c2ccnc3[nH]ccc23)s1)c1ccccc1|93|7.6|66.3|0.0|0.0|66.7|0.0|20.5|6.9|0.0|0.0|58.1|0.0|2.5
|1|2.0|Cc1cccc(-c2cc(Nc3ccncc3)c3ccccc3n2)n1|96|12.4|0.0|0.0|62.2|0.0|62.3|2.1|39.3|62.6|42.1|0.0|61.4|33.5
|1|0.2|CN(c1ccc(NC(=O)Nc2cc(C(F)(F)F)ccc2F)cc1)c1ccnc(Nc2ccc(S(N)(=O)=O)cc2)n1|92|9.2|66.0|0.0|0.0|69.0|0.0|44.2|0.0|0.0|0.0|48.7|0.0|7.0
|1|2.0|CN(c1ccc(NC(=O)Nc2cc(C(F)(F)F)ccc2F)cc1)c1ccnc(Nc2ccc(S(N)(=O)=O)cc2)n1|67|45.6|64.1|0.0|0.0|51.2|0.0|17.1|8.6|0.0|0.0|36.8|0.0|8.1
|1|2.0|COC(=O)Nc1nc2cc(Oc3ccc(NC(=O)Nc4cc(F)ccc4F)cc3)ccc2[nH]1|77|25.7|0.0|0.0|77.9|0.0|71.2|28.2|75.8|49.6|52.3|0.0|91.8|53.6
|1|2.0|C[C@@H]1CC[C@H](C(=O)NC2CCCCC2)CN1c1cc(-c2ccc3c(N)n[nH]c3c2)nc(N)n1|96|6.2|82.0|0.0|0.0|75.2|0.0|26.3|0.0|0.0|0.0|64.6|0.0|3.4
|1|0.2|CC(C)c1nc(-c2cccc(NS(=O)(=O)c3c(F)cccc3F)c2)c(-c2ccnc(Nc3ccc(N4CCOCC4)nc3)n2)s1|90|15.5|0.0|0.0|80.3|0.0|76.2|10.3|80.0|52.0|57.0|0.0|79.5|63.1
|1|2.0|CC(C)c1nc(-c2cccc(NS(=O)(=O)c3c(F)cccc3F)c2)c(-c2ccnc(Nc3ccc(N4CCOCC4)nc3)n2)s1|93|69.4|0.0|0.0|90.1|0.0|85.1|19.7|75.3|59.8|72.7|0.0|88.8|63.2
GSK2606414|2|2.0|Cn1cc(-c2ccc3c(c2)CCN3C(=O)Cc2cccc(C(F)(F)F)c2)c2c(N)ncnc21|100|6.7|47.8|0.0|11.2|0.0|12.7|57.7|30.5|0.0|22.1|0.0|13.1|32.9
GSK2606414|2|6.0|Cn1cc(-c2ccc3c(c2)CCN3C(=O)Cc2cccc(C(F)(F)F)c2)c2c(N)ncnc21|92|28.8|57.5|0.0|0.0|6.7|0.0|52.9|17.0|0.0|0.0|31.8|1.8|10.2
GSK2606414|2|10.0|Cn1cc(-c2ccc3c(c2)CCN3C(=O)Cc2cccc(C(F)(F)F)c2)c2c(N)ncnc21|98|38.5|43.4|0.0|7.4|0.8|0.7|51.8|39.9|0.0|0.0|14.3|22.3|14.1
|1|2.0|CSc1nn2c(=O)cc(N3CCOCC3)nc2n1Cc1cccc(Cl)c1Cl|101|7.6|22.8|0.0|48.7|0.0|50.5|14.6|75.1|0.6|8.9|0.0|40.8|40.1
|1|2.0|NCCNS(=O)(=O)c1ccc(-c2ccnc3[nH]ccc23)cc1|101|6.2|76.2|0.0|0.0|68.9|0.0|0.0|0.0|0.0|0.0|58.7|0.0|9.6
|1|0.2|Fc1ccc(-c2ncn(C3CCNCC3)c2-c2ccnc(Nc3ccccc3)n2)cc1|96|9.8|67.7|8.0|0.0|76.9|0.0|12.6|0.0|0.0|0.0|67.4|0.0|0.0
|1|2.0|Fc1ccc(-c2ncn(C3CCNCC3)c2-c2ccnc(Nc3ccccc3)n2)cc1|88|28.3|54.7|0.0|0.0|46.8|0.0|52.0|0.0|0.0|0.0|57.1|0.0|0.0
|1|2.0|Cc1ccc(C)c(Oc2nccc(-c3c(-c4ccc(F)cc4)ncn3C3CCNCC3)n2)c1|98|7.9|45.1|0.0|0.0|57.9|0.0|28.4|9.8|0.0|0.0|59.4|0.0|0.0
|1|2.0|COc1ccccc1C1=C(Nc2ccc(O)c(Cl)c2)C(=O)NC1=O|98|15.0|72.9|1.4|0.0|91.8|0.0|0.0|0.0|0.0|0.0|76.5|0.0|0.0
|1|2.0|NC(CNC(=O)c1cc(Br)c(-c2ccnc3[nH]ccc23)s1)c1ccccc1|55|74.3|0.0|0.0|69.7|0.0|74.9|36.5|80.7|45.0|58.1|0.0|70.2|61.5
|1|2.0|NCC(C(=O)Nc1cc(Br)c(-c2ccnc3[nH]ccc23)s1)c1ccccc1|100|17.3|5.5|0.0|49.7|0.0|50.2|19.6|85.6|9.4|30.7|0.0|46.9|34.7
|1|0.2|COc1cc(C2=NC(C)=C(C(=O)Nc3ccc4[nH]ncc4c3)C(c3ccc(Cl)cc3F)N2)ccn1|94|5.2|41.2|0.0|11.2|11.4|18.4|36.9|19.9|0.0|42.1|0.0|14.1|45.6
|1|2.0|COc1cc(C2=NC(C)=C(C(=O)Nc3ccc4[nH]ncc4c3)C(c3ccc(Cl)cc3F)N2)ccn1|95|13.3|31.6|0.0|18.6|29.2|27.8|13.8|33.8|8.4|15.3|1.7|20.0|44.4
ZM-447439|1|2.0|COc1cc2c(Nc3ccc(NC(=O)c4ccccc4)cc3)ncnc2cc1OCCCN1CCOCC1|82|17.4|0.0|92.1|0.0|18.9|0.0|19.8|0.0|0.0|0.0|15.1|1.4|0.0
ZM-447439|2|2.0|COc1cc2c(Nc3ccc(NC(=O)c4ccccc4)cc3)ncnc2cc1OCCCN1CCOCC1|70|27.6|0.0|93.5|0.0|11.3|0.0|0.8|0.0|3.1|0.0|4.8|0.0|0.0
ZM-447439|3|2.0|COc1cc2c(Nc3ccc(NC(=O)c4ccccc4)cc3)ncnc2cc1OCCCN1CCOCC1|73|37.0|0.0|93.1|0.0|17.3|0.0|2.6|0.0|0.0|0.0|11.4|0.0|0.0
ZM-447439|4|2.0|COc1cc2c(Nc3ccc(NC(=O)c4ccccc4)cc3)ncnc2cc1OCCCN1CCOCC1|69|39.0|0.0|89.4|0.0|0.0|0.0|0.0|0.0|7.9|0.0|0.0|5.9|0.0
|1|2.0|CN1CCC(n2cnc(-c3ccc(F)cc3)c2-c2ccnc(NC3CCNCC3)n2)CC1|86|5.5|2.6|0.0|35.2|0.0|39.3|0.0|48.1|32.9|0.0|0.0|23.4|18.6
|1|2.0|Nc1ncc(-c2ccncc2)c2scc(-c3ccc4c(c3)CCN4C(=O)Cc3ccccc3)c12|94|6.7|53.3|18.2|0.0|85.7|0.0|14.8|0.0|0.0|0.0|87.7|0.0|0.0
|1|2.0|CS(=O)(=O)CCNCc1nc(-c2ccc3ncnc(Nc4ccc(OCc5cccc(F)c5)c(Cl)c4)c3c2)cs1|98|8.1|19.8|0.0|3.5|10.8|8.9|55.4|36.2|0.0|3.0|18.3|17.0|0.0
|1|0.2|CC(C)N1CCC(n2cnc(-c3ccc(F)cc3)c2-c2ccnc(N)n2)CC1|93|14.9|51.1|20.7|0.0|90.4|0.0|0.0|0.0|0.0|0.0|81.1|0.0|0.0
|1|2.0|CC(C)N1CCC(n2cnc(-c3ccc(F)cc3)c2-c2ccnc(N)n2)CC1|88|16.8|56.7|24.1|0.0|93.3|0.0|0.0|0.0|0.0|0.0|77.0|0.0|0.0
|1|2.0|COc1ccc(COc2cc(-n3cnc4ccccc43)sc2C(N)=O)cc1|79|28.7|0.0|19.0|60.3|0.0|66.2|58.0|53.5|38.1|46.2|0.0|82.4|33.3
|1|0.2|FC(F)(F)c1cc(Br)cc(Nc2nccc(-c3cnn4ncccc34)n2)c1|95|7.1|17.8|0.0|31.6|19.0|25.8|3.2|53.5|0.0|33.1|0.0|38.5|32.5
|1|2.0|FC(F)(F)c1cc(Br)cc(Nc2nccc(-c3cnn4ncccc34)n2)c1|77|17.6|15.3|0.0|55.7|1.3|45.6|19.6|73.9|17.2|34.5|0.0|67.6|55.8
|1|2.0|Oc1ncc(-c2ccc(N3CCOCC3)cc2)c2sc(-c3cn[nH]c3)cc12|99|9.5|13.3|13.3|0.0|60.1|0.0|0.0|13.0|0.0|0.0|32.3|0.5|0.0
|1|0.2|NC[C@H](Cc1ccc(C(F)(F)F)cc1)NC(=O)c1cc(Br)c(-c2ccnc3[nH]ccc23)s1|94|17.1|78.7|0.0|0.0|74.3|0.0|24.6|0.0|0.0|0.0|66.6|0.0|2.0
|1|2.0|NC[C@H](Cc1ccc(C(F)(F)F)cc1)NC(=O)c1cc(Br)c(-c2ccnc3[nH]ccc23)s1|84|67.0|0.0|0.0|58.8|0.0|66.6|17.7|67.0|47.4|39.7|0.0|53.6|49.6
|1|0.2|Cc1cccc(-c2nc(Nc3ccc4[nH]ncc4c3)c3ccccc3n2)n1|103|26.1|0.0|7.9|61.1|0.0|60.2|14.5|50.8|48.5|50.9|0.0|67.3|13.5
|1|2.0|Cc1cccc(-c2nc(Nc3ccc4[nH]ncc4c3)c3ccccc3n2)n1|98|29.9|0.0|0.0|19.6|0.0|16.7|26.7|32.4|15.8|18.9|0.0|30.5|0.0
|1|0.2|NCCC(NC(=O)c1cc(Br)c(-c2ccnc3[nH]ccc23)s1)c1ccccc1|86|6.0|33.5|0.0|8.1|29.1|11.7|23.9|31.5|0.0|9.9|9.2|17.6|31.5
|1|2.0|NCCC(NC(=O)c1cc(Br)c(-c2ccnc3[nH]ccc23)s1)c1ccccc1|81|58.5|0.0|0.0|50.5|0.0|61.0|12.2|50.1|46.4|37.1|0.0|48.2|37.4
|1|2.0|CCOc1nccc(-c2c(-c3ccc(F)cc3)ncn2C2CCNCC2)n1|97|11.6|73.4|0.0|0.0|85.1|0.0|10.6|0.0|0.0|0.0|82.4|0.0|0.0
|1|2.0|Cc1cccc(-c2nc(Nc3ccc4ncsc4c3)c3ccccc3n2)n1|98|16.9|0.0|4.6|3.8|11.6|0.0|32.6|19.0|0.0|4.0|11.8|21.2|0.0
|1|2.0|COc1cc2ncn(-c3cc(OCc4sccc4Cl)c(C(N)=O)s3)c2cc1OC|68|10.9|0.0|45.3|2.2|47.8|1.7|27.6|12.5|6.3|15.8|0.5|47.6|5.3
|1|2.0|Cc1cccc(-c2nc(C)cc(Nc3ccncc3)n2)n1|91|5.4|0.0|0.0|69.1|0.0|71.8|0.0|44.2|64.4|47.6|0.0|68.0|41.1
|1|0.2|COc1cc2ncn(-c3cc(OCCCc4ccccc4)c(C(N)=O)s3)c2cc1OC|102|14.5|0.0|0.0|76.5|0.0|73.7|21.9|80.6|38.1|51.5|0.0|65.7|51.1
|1|2.0|COc1cc2ncn(-c3cc(OCCCc4ccccc4)c(C(N)=O)s3)c2cc1OC|101|60.8|0.0|0.0|86.3|0.0|83.4|22.3|83.7|47.5|60.8|0.0|81.5|54.6
|1|2.0|C[C@@H](Oc1cc(-n2cnc3ccc(-c4ccncc4)cc32)sc1C(N)=O)c1ccccc1Cl|62|49.1|0.0|48.7|31.0|1.5|42.2|36.5|54.2|8.7|28.3|0.0|48.4|0.0
TPCA-1|2|2.0|NC(=O)Nc1sc(-c2ccc(F)cc2)cc1C(N)=O|96|7.4|75.8|0.0|0.0|47.8|0.0|15.5|0.0|0.0|0.0|46.9|0.0|19.0
TPCA-1|3|6.0|NC(=O)Nc1sc(-c2ccc(F)cc2)cc1C(N)=O|90|20.2|30.7|24.6|0.0|13.7|0.0|46.6|0.0|0.0|0.0|28.8|0.0|0.0
TPCA-1|3|10.0|NC(=O)Nc1sc(-c2ccc(F)cc2)cc1C(N)=O|70|23.8|0.0|79.6|0.0|4.5|0.0|26.2|0.0|0.0|0.0|19.6|0.0|0.0
|1|2.0|CCn1c(-c2nonc2N)nc2cncc(CNC3CCNCC3)c21|102|21.2|70.9|0.0|0.0|63.6|0.0|14.9|0.0|0.0|0.0|62.3|0.0|0.0
|1|0.2|Cn1cc(-c2ccc3c(c2)CCN3C(=O)Cc2cccc(F)c2)c2c(N)ncnc21|102|13.1|24.1|7.6|0.0|25.6|0.0|0.0|0.0|0.0|0.0|55.9|0.0|0.0
|1|2.0|Fc1ccc(-c2ncn(C3CCNCC3)c2-c2ccnc(Oc3ccc(-c4ccccc4)cc3)n2)cc1|105|9.0|1.7|0.0|25.7|14.6|19.5|34.7|53.3|0.0|8.9|0.0|43.8|7.3
|1|0.2|C[C@@H](Oc1cc(-n2cnc3cc(-c4cnn(C)c4)ccc32)sc1C(N)=O)c1ccccc1Cl|56|31.8|0.0|60.0|31.7|0.2|40.5|5.5|34.7|35.6|16.1|0.0|54.5|1.3
|1|2.0|C[C@@H](Oc1cc(-n2cnc3cc(-c4cnn(C)c4)ccc32)sc1C(N)=O)c1ccccc1Cl|59|27.8|28.3|62.0|0.0|65.2|0.0|34.8|0.0|0.0|0.0|62.3|0.0|0.0
|1|2.0|Nc1ncc(-c2cn[nH]c2)c2scc(-c3ccc4c(c3)CCN4C(=O)Cc3ccccc3)c12|99|11.2|0.0|0.0|57.7|0.0|61.6|29.5|88.3|17.3|20.0|0.0|58.5|28.1
|1|2.0|CN1CCN(Cc2ccc(NC(=O)Nc3ccc(N(C)c4ccnc(Nc5ccc(CS(C)(=O)=O)cc5)n4)cc3)cc2)CC1|96|13.8|51.9|11.5|0.0|78.2|0.0|21.1|18.4|0.0|0.0|56.8|0.0|0.0
|1|2.0|O=C(Nc1[nH]nc2nc(-c3nccs3)c(Br)cc12)C1CCCC1|96|14.5|0.0|0.0|80.1|0.0|76.7|0.0|64.9|53.8|64.9|0.0|79.3|48.1
|1|2.0|COC(=O)Nc1nc2cc(Oc3ccc(NC(=O)Nc4cccc(SC)c4)cc3)ccc2[nH]1|74|69.6|0.0|0.0|83.8|0.0|82.9|33.0|76.3|56.1|64.5|0.0|95.0|51.5
|1|2.0|Cc1nn2c(=O)cc(N3CCO[C@H](C)C3)nc2n1Cc1cccc(Cl)c1Cl|99|9.7|85.4|0.0|0.0|79.2|0.0|20.5|0.0|0.0|0.0|75.5|0.0|0.0
|1|2.0|Cc1c(Cn2c(C)nn3c(=O)cc(N4CCO[C@H](C)C4)nc23)cccc1C(F)(F)F|92|5.4|80.8|0.0|0.0|71.6|0.0|13.4|0.0|0.0|0.0|49.9|0.0|18.6
Bafilomycin A1, Baf-A1|1|1.0|CO/C1=C\C(C)=C\[C@@H](C)[C@@H](O)[C@H](C)C/C(C)=C/C=C\[C@H](OC)[C@@H]([C@@H](C)[C@@H](O)C(C)[C@@]2(O)C[C@@H](O)[C@H](C)[C@@H](C(C)C)O2)OC1=O|91|79.3|0.0|0.0|77.1|0.0|71.7|0.0|86.0|32.8|47.7|0.0|71.5|53.1
PP2|2|2.0|CC(C)(C)n1nc(-c2ccc(Cl)cc2)c2c(N)ncnc21|100|21.1|0.0|0.0|75.9|0.0|66.1|24.6|63.4|40.8|52.7|0.0|74.2|61.5
PP2|3|2.0|CC(C)(C)n1nc(-c2ccc(Cl)cc2)c2c(N)ncnc21|101|52.3|0.0|0.0|82.7|0.0|78.2|25.9|77.4|38.8|59.5|0.0|79.0|59.2
Bosutinib|1|0.2|COc1cc(Nc2c(C#N)cnc3cc(OCCCN4CCN(C)CC4)c(OC)cc23)c(Cl)cc1Cl|100|5.0|47.3|10.9|0.0|34.1|0.0|0.0|0.0|0.0|0.0|46.5|0.0|0.0
Bosutinib|1|2.0|COc1cc(Nc2c(C#N)cnc3cc(OCCCN4CCN(C)CC4)c(OC)cc23)c(Cl)cc1Cl|90|36.4|17.5|4.5|23.7|0.0|32.1|45.2|36.4|7.5|26.0|0.0|38.9|29.4
Bosutinib|2|2.0|COc1cc(Nc2c(C#N)cnc3cc(OCCCN4CCN(C)CC4)c(OC)cc23)c(Cl)cc1Cl|87|43.2|23.7|0.0|35.6|0.0|37.7|48.3|48.1|3.5|33.7|0.0|51.2|43.2
Cediranib|1|2.0|COc1cc2c(Oc3ccc4[nH]c(C)cc4c3F)ncnc2cc1OCCCN1CCCC1|92|24.7|22.9|0.0|40.4|0.0|36.9|27.4|79.4|0.0|9.4|0.0|41.2|25.9
Ridaforolimus (Deforolimus, MK-8669)|1|0.2|CO[C@H]1C[C@@H]2CC[C@@H](C)[C@@](O)(O2)C(=O)C(=O)N2CCCC[C@H]2C(=O)O[C@H]([C@H](C)C[C@@H]2CC[C@@H](OP(C)(C)=O)[C@H](OC)C2)CC(=O)[C@H](C)/C=C(\C)[C@@H](O)[C@@H](OC)C(=O)[C@H](C)C[C@H](C)/C=C/C=C/C=C/1C|99|43.7|96.0|0.0|0.0|69.4|0.0|23.7|0.0|0.0|0.0|73.3|0.0|5.5
Ridaforolimus (Deforolimus, MK-8669)|1|2.0|CO[C@H]1C[C@@H]2CC[C@@H](C)[C@@](O)(O2)C(=O)C(=O)N2CCCC[C@H]2C(=O)O[C@H]([C@H](C)C[C@@H]2CC[C@@H](OP(C)(C)=O)[C@H](OC)C2)CC(=O)[C@H](C)/C=C(\C)[C@@H](O)[C@@H](OC)C(=O)[C@H](C)C[C@H](C)/C=C/C=C/C=C/1C|94|41.5|96.4|0.0|0.0|68.5|0.0|24.5|0.0|0.0|0.0|75.1|0.0|6.0
Ridaforolimus (Deforolimus, MK-8669)|2|2.0|CO[C@H]1C[C@@H]2CC[C@@H](C)[C@@](O)(O2)C(=O)C(=O)N2CCCC[C@H]2C(=O)O[C@H]([C@H](C)C[C@@H]2CC[C@@H](OP(C)(C)=O)[C@H](OC)C2)CC(=O)[C@H](C)/C=C(\C)[C@@H](O)[C@@H](OC)C(=O)[C@H](C)C[C@H](C)/C=C/C=C/C=C/1C|91|40.2|81.5|0.0|0.0|56.2|0.0|21.1|0.0|0.0|0.0|58.2|0.0|6.1
Dovitinib|1|2.0|CN1CCN(c2ccc3[nH]c(-c4c(O)nc5cccc(F)c5c4N)nc3c2)CC1|77|21.6|61.9|0.0|0.0|24.6|0.0|65.1|14.9|0.0|17.9|16.4|2.7|26.1
Imatinib (Mesylate)|1|2.0|Cc1ccc(NC(=O)c2ccc(CN3CCN(C)CC3)cc2)cc1Nc1nccc(-c2cccnc2)n1|99|9.5|21.7|0.0|37.8|19.8|36.3|27.9|71.1|2.5|10.1|0.0|50.1|34.6
Imatinib (Mesylate)|2|1.0|Cc1ccc(NC(=O)c2ccc(CN3CCN(C)CC3)cc2)cc1Nc1nccc(-c2cccnc2)n1|89|15.9|0.0|1.1|34.5|0.0|39.4|35.6|55.6|0.0|29.3|0.0|43.8|20.4
Imatinib (Mesylate)|2|3.0|Cc1ccc(NC(=O)c2ccc(CN3CCN(C)CC3)cc2)cc1Nc1nccc(-c2cccnc2)n1|97|34.9|0.0|0.0|45.0|0.0|53.4|47.0|59.4|3.1|43.1|0.0|52.5|35.0
Imatinib (Mesylate)|2|10.0|Cc1ccc(NC(=O)c2ccc(CN3CCN(C)CC3)cc2)cc1Nc1nccc(-c2cccnc2)n1|90|75.5|0.0|0.0|74.3|0.0|75.1|20.9|91.0|37.9|47.4|0.0|75.4|48.6
Nilotinib|1|0.2|Cc1cn(-c2cc(NC(=O)c3ccc(C)c(Nc4nccc(-c5cccnc5)n4)c3)cc(C(F)(F)F)c2)cn1|98|16.6|25.5|0.0|0.0|31.0|0.0|0.0|21.1|7.1|0.0|17.3|0.0|0.0
Nilotinib|1|2.0|Cc1cn(-c2cc(NC(=O)c3ccc(C)c(Nc4nccc(-c5cccnc5)n4)c3)cc(C(F)(F)F)c2)cn1|100|20.2|8.4|0.0|63.0|0.0|57.5|14.4|73.2|27.7|51.2|0.0|69.4|67.0
Nilotinib|2|2.0|Cc1cn(-c2cc(NC(=O)c3ccc(C)c(Nc4nccc(-c5cccnc5)n4)c3)cc(C(F)(F)F)c2)cn1|93|21.9|16.0|0.0|49.7|0.0|49.8|31.3|70.6|5.9|31.4|0.0|59.5|46.1
Pazopanib (Hydrochloride)|1|2.0|Cc1ccc(Nc2nccc(N(C)c3ccc4c(C)n(C)nc4c3)n2)cc1S(N)(=O)=O|102|7.9|0.7|0.0|58.8|0.0|61.9|54.6|61.2|13.3|60.1|0.0|53.6|55.0
Rapamycin (Sirolimus)|1|0.2|CO[C@H]1C[C@@H]2CC[C@@H](C)[C@@](O)(O2)C(=O)C(=O)N2CCCC[C@H]2C(=O)O[C@H]([C@H](C)C[C@@H]2CC[C@@H](O)[C@H](OC)C2)CC(=O)[C@H](C)/C=C(\C)[C@@H](O)[C@@H](OC)C(=O)[C@H](C)C[C@H](C)/C=C/C=C/C=C/1C|100|47.0|95.2|0.0|0.0|72.1|0.0|23.1|0.0|0.0|0.0|74.2|0.0|10.2
Rapamycin (Sirolimus)|1|2.0|CO[C@H]1C[C@@H]2CC[C@@H](C)[C@@](O)(O2)C(=O)C(=O)N2CCCC[C@H]2C(=O)O[C@H]([C@H](C)C[C@@H]2CC[C@@H](O)[C@H](OC)C2)CC(=O)[C@H](C)/C=C(\C)[C@@H](O)[C@@H](OC)C(=O)[C@H](C)C[C@H](C)/C=C/C=C/C=C/1C|98|32.3|94.0|0.0|0.0|74.0|0.0|10.0|0.0|0.0|0.0|73.8|0.0|6.3
AC480 (BMS-599626)|1|2.0|Cc1c(NC(=O)OC[C@@H]2COCCN2)cn2ncnc(Nc3ccc4c(cnn4Cc4cccc(F)c4)c3)c12|99|5.0|24.4|0.0|41.3|12.2|39.2|37.7|70.0|0.0|28.6|0.0|51.7|47.6
Masitinib|1|2.0|Cc1ccc(NC(=O)c2ccc(CN3CCN(C)CC3)cc2)cc1Nc1nc(-c2cccnc2)cs1|92|13.1|0.0|0.0|49.1|3.4|46.9|30.1|82.9|0.9|17.8|0.0|59.6|31.5
Pictilisib|1|2.0|CS(=O)(=O)N1CCN(Cc2cc3nc(-c4cccc5[nH]ncc45)nc(N4CCOCC4)c3s2)CC1|92|29.2|91.5|0.0|0.0|38.5|0.0|37.7|21.6|0.0|0.1|34.5|0.0|49.1
Pictilisib|2|2.0|CS(=O)(=O)N1CCN(Cc2cc3nc(-c4cccc5[nH]ncc45)nc(N4CCOCC4)c3s2)CC1|99|39.2|84.3|0.0|0.0|36.3|0.0|26.2|13.4|0.0|0.0|38.4|0.0|36.9
SU11274|1|2.0|Cc1[nH]c(/C=C2\C(=O)Nc3ccc(S(=O)(=O)N(C)c4cccc(Cl)c4)cc32)c(C)c1C(=O)N1CCN(C)CC1|100|34.4|59.4|0.0|0.0|81.3|0.0|18.5|31.6|0.0|0.0|45.5|0.0|0.0
SU11274|2|2.0|Cc1[nH]c(/C=C2\C(=O)Nc3ccc(S(=O)(=O)N(C)c4cccc(Cl)c4)cc32)c(C)c1C(=O)N1CCN(C)CC1|95|27.3|68.8|0.0|0.0|73.0|0.0|7.8|1.6|0.0|0.0|55.9|0.0|0.0
NVP-ADW742|1|2.0|Nc1ncnc2c1c(-c1cccc(OCc3ccccc3)c1)cn2[C@H]1C[C@H](CN2CCCC2)C1|90|30.2|0.0|0.0|69.8|0.0|68.7|32.0|88.3|27.2|41.1|0.0|68.7|48.7
GDC-0879|1|2.0|OCCn1cc(-c2ccc3c(c2)CC/C3=N\O)c(-c2ccncc2)n1|95|16.2|0.0|0.0|78.1|0.0|71.0|17.8|76.1|37.0|65.9|0.0|80.5|63.0
OSU-03012 (AR-12)|1|0.2|NCC(=O)Nc1ccc(-n2nc(C(F)(F)F)cc2-c2ccc3c(ccc4ccccc43)c2)cc1|96|9.8|13.8|0.0|0.0|0.0|0.0|29.3|0.0|10.3|0.0|41.8|0.0|0.0
OSU-03012 (AR-12)|1|2.0|NCC(=O)Nc1ccc(-n2nc(C(F)(F)F)cc2-c2ccc3c(ccc4ccccc43)c2)cc1|93|13.0|59.9|0.0|0.0|81.6|0.0|35.8|0.0|0.0|0.0|78.1|0.0|0.0
OSU-03012 (AR-12)|2|2.0|NCC(=O)Nc1ccc(-n2nc(C(F)(F)F)cc2-c2ccc3c(ccc4ccccc43)c2)cc1|90|27.8|68.5|0.0|0.0|74.9|0.0|20.7|0.0|0.0|0.0|77.3|0.0|0.0
Danusertib|1|2.0|CO[C@@H](C(=O)N1Cc2[nH]nc(NC(=O)c3ccc(N4CCN(C)CC4)cc3)c2C1)c1ccccc1|72|17.3|0.0|89.4|0.0|16.4|0.0|17.8|0.0|0.0|0.0|14.0|0.0|0.0
Danusertib|2|0.2|CO[C@@H](C(=O)N1Cc2[nH]nc(NC(=O)c3ccc(N4CCN(C)CC4)cc3)c2C1)c1ccccc1|87|6.4|0.0|0.0|69.1|0.0|60.1|30.1|60.2|42.0|53.3|0.0|85.2|64.3
Danusertib|2|2.0|CO[C@@H](C(=O)N1Cc2[nH]nc(NC(=O)c3ccc(N4CCN(C)CC4)cc3)c2C1)c1ccccc1|63|25.4|0.0|94.1|0.0|5.2|0.0|14.3|0.0|0.0|0.0|0.7|0.0|0.0
BI 2536|1|0.2|CC[C@@H]1C(=O)N(C)c2cnc(Nc3ccc(C(=O)NC4CCN(C)CC4)cc3OC)nc2N1C1CCCC1|53|56.8|0.0|37.4|53.1|0.0|68.3|21.6|48.4|51.7|47.2|0.0|61.7|11.1
BI 2536|1|2.0|CC[C@@H]1C(=O)N(C)c2cnc(Nc3ccc(C(=O)NC4CCN(C)CC4)cc3OC)nc2N1C1CCCC1|59|83.4|0.0|4.9|79.7|0.0|86.6|12.9|76.7|58.7|60.3|0.0|77.0|35.8
BI 2536|2|0.2|CC[C@@H]1C(=O)N(C)c2cnc(Nc3ccc(C(=O)NC4CCN(C)CC4)cc3OC)nc2N1C1CCCC1|55|75.0|0.0|25.2|74.5|0.0|81.1|16.4|54.7|58.0|65.3|0.0|78.5|31.6
BI 2536|2|2.0|CC[C@@H]1C(=O)N(C)c2cnc(Nc3ccc(C(=O)NC4CCN(C)CC4)cc3OC)nc2N1C1CCCC1|56|82.7|0.0|7.7|81.5|0.0|86.9|11.3|75.7|55.4|65.4|0.0|78.1|35.9
Palbociclib (hydrochloride)|1|0.2|CC(=O)c1c(C)c2cnc(Nc3ccc(N4CCNCC4)cn3)nc2n(C2CCCC2)c1=O|91|15.7|56.1|0.0|0.0|89.7|0.0|8.6|0.0|0.0|0.0|69.4|0.0|0.0
Palbociclib (hydrochloride)|1|2.0|CC(=O)c1c(C)c2cnc(Nc3ccc(N4CCNCC4)cn3)nc2n(C2CCCC2)c1=O|90|22.3|55.4|0.0|0.0|90.1|0.0|0.0|0.0|0.0|0.0|65.6|0.0|0.0
Erlotinib (Hydrochloride)|1|2.0|C#Cc1cccc(Nc2ncnc3cc(OCCOC)c(OCCOC)cc23)c1|97|17.4|78.2|0.0|0.0|91.4|0.0|7.0|0.0|0.0|0.0|77.4|0.0|0.0
Alisertib|1|0.2|COc1cc(Nc2ncc3c(n2)-c2ccc(Cl)cc2C(c2c(F)cccc2OC)=NC3)ccc1C(=O)O|97|9.3|11.9|0.0|29.3|19.3|15.4|7.4|36.2|16.1|1.5|0.0|68.0|40.0
Alisertib|1|2.0|COc1cc(Nc2ncc3c(n2)-c2ccc(Cl)cc2C(c2c(F)cccc2OC)=NC3)ccc1C(=O)O|66|36.6|0.0|90.7|0.0|1.4|8.7|6.2|0.0|14.2|2.5|0.0|15.4|0.0
Alisertib|2|0.2|COc1cc(Nc2ncc3c(n2)-c2ccc(Cl)cc2C(c2c(F)cccc2OC)=NC3)ccc1C(=O)O|87|39.6|0.0|0.0|77.3|0.0|72.6|20.0|69.5|45.2|57.5|0.0|88.2|61.9
Alisertib|2|2.0|COc1cc(Nc2ncc3c(n2)-c2ccc(Cl)cc2C(c2c(F)cccc2OC)=NC3)ccc1C(=O)O|65|43.4|0.0|75.6|26.5|0.0|37.0|2.0|25.1|15.0|39.6|0.0|43.7|0.0
AT9283|1|0.2|O=C(Nc1c[nH]nc1-c1nc2cc(CN3CCOCC3)ccc2[nH]1)NC1CC1|73|28.2|0.0|91.1|0.0|7.9|0.0|12.9|0.0|0.7|0.0|13.5|0.0|0.0
AT9283|1|2.0|O=C(Nc1c[nH]nc1-c1nc2cc(CN3CCOCC3)ccc2[nH]1)NC1CC1|70|25.0|0.0|87.2|0.0|0.0|0.0|23.7|0.0|3.9|4.4|0.0|0.0|0.0
AT9283|2|0.2|O=C(Nc1c[nH]nc1-c1nc2cc(CN3CCOCC3)ccc2[nH]1)NC1CC1|78|40.8|0.0|94.4|0.0|0.0|0.0|4.6|0.0|3.6|0.0|3.9|0.0|0.0
AT9283|2|2.0|O=C(Nc1c[nH]nc1-c1nc2cc(CN3CCOCC3)ccc2[nH]1)NC1CC1|67|32.5|0.0|89.1|0.0|5.6|0.0|19.5|0.0|0.0|0.0|4.7|0.0|0.0
Barasertib-HQPA|1|0.2|CCN(CCO)CCCOc1ccc2c(Nc3cc(CC(=O)Nc4cccc(F)c4)[nH]n3)ncnc2c1|83|14.7|0.0|89.7|0.0|16.0|0.0|12.8|0.0|0.0|0.0|16.6|0.0|0.0
Barasertib-HQPA|1|2.0|CCN(CCO)CCCOc1ccc2c(Nc3cc(CC(=O)Nc4cccc(F)c4)[nH]n3)ncnc2c1|71|32.8|0.0|95.0|0.0|24.5|0.0|5.5|0.0|0.0|0.0|17.7|0.0|0.0
Barasertib-HQPA|2|2.0|CCN(CCO)CCCOc1ccc2c(Nc3cc(CC(=O)Nc4cccc(F)c4)[nH]n3)ncnc2c1|72|35.2|0.0|90.2|0.0|5.9|0.0|0.0|0.0|0.8|0.0|0.0|3.9|0.0
SNS-314|1|0.2|O=C(Nc1cccc(Cl)c1)Nc1ncc(CCNc2ncnc3ccsc23)s1|75|38.9|0.0|96.7|0.0|22.7|0.0|9.0|0.0|0.0|0.0|21.3|0.0|0.0
SNS-314|1|2.0|O=C(Nc1cccc(Cl)c1)Nc1ncc(CCNc2ncnc3ccsc23)s1|61|40.6|0.0|92.9|0.0|29.7|0.0|7.7|0.0|0.0|0.0|16.0|0.0|0.0
SNS-314|1|2.0|O=C(Nc1cccc(Cl)c1)Nc1ncc(CCNc2ncnc3ccsc23)s1|65|29.9|0.0|92.0|0.0|32.8|0.0|13.9|0.0|0.0|0.0|28.5|0.0|0.0
SNS-314|2|2.0|O=C(Nc1cccc(Cl)c1)Nc1ncc(CCNc2ncnc3ccsc23)s1|60|30.6|0.0|92.5|0.0|35.4|0.0|0.9|0.0|0.0|0.0|23.0|0.0|0.0
SNS-314|3|0.2|O=C(Nc1cccc(Cl)c1)Nc1ncc(CCNc2ncnc3ccsc23)s1|69|40.8|0.0|96.3|0.0|19.3|0.0|17.5|0.0|0.0|0.0|15.2|0.0|0.0
SNS-314|3|2.0|O=C(Nc1cccc(Cl)c1)Nc1ncc(CCNc2ncnc3ccsc23)s1|68|47.3|0.0|91.1|0.0|28.6|0.0|18.1|0.0|0.0|0.0|21.2|0.0|0.0
CP-724714|1|2.0|COCC(=O)NC/C=C/c1ccc2ncnc(Nc3ccc(Oc4ccc(C)nc4)c(C)c3)c2c1|99|19.7|0.0|0.0|25.3|0.0|29.2|48.8|39.0|0.0|24.4|0.0|37.3|10.9
WZ-3146|1|2.0|C=CC(=O)Nc1cccc(Oc2nc(Nc3ccc(N4CCN(C)CC4)cc3)ncc2Cl)c1|72|12.8|0.0|73.5|0.0|11.0|1.9|61.1|0.2|0.0|10.8|12.7|4.5|0.0
WZ4002|1|0.2|C=CC(=O)Nc1cccc(Oc2nc(Nc3ccc(N4CCN(C)CC4)cc3OC)ncc2Cl)c1|101|6.7|0.0|5.8|45.8|0.0|50.2|33.8|31.4|29.6|37.1|0.0|42.4|12.7
WZ4002|1|2.0|C=CC(=O)Nc1cccc(Oc2nc(Nc3ccc(N4CCN(C)CC4)cc3OC)ncc2Cl)c1|94|9.7|34.6|0.0|35.6|0.0|34.3|36.8|64.0|9.7|20.5|0.0|36.5|37.8
WZ4002|2|6.0|C=CC(=O)Nc1cccc(Oc2nc(Nc3ccc(N4CCN(C)CC4)cc3OC)ncc2Cl)c1|98|61.8|8.2|0.0|74.5|0.0|71.4|29.4|92.9|30.4|51.3|0.0|69.8|63.3
WZ4002|2|10.0|C=CC(=O)Nc1cccc(Oc2nc(Nc3ccc(N4CCN(C)CC4)cc3OC)ncc2Cl)c1|75|84.3|0.0|0.0|83.1|0.0|78.7|24.7|86.0|41.3|61.7|0.0|80.3|64.2
Regorafenib|1|2.0|CNC(=O)c1cc(Oc2ccc(NC(=O)Nc3ccc(Cl)c(C(F)(F)F)c3)c(F)c2)ccn1|93|16.8|0.0|0.0|75.7|0.0|67.2|14.7|85.2|30.9|50.6|0.0|75.1|59.0
Regorafenib|2|10.0|CNC(=O)c1cc(Oc2ccc(NC(=O)Nc3ccc(Cl)c(C(F)(F)F)c3)c(F)c2)ccn1|87|27.8|61.2|0.0|18.4|19.8|22.2|44.3|52.9|0.0|0.4|4.5|22.5|51.5
WZ8040|1|2.0|C=CC(=O)Nc1cccc(Sc2nc(Nc3ccc(N4CCN(C)CC4)cc3)ncc2Cl)c1|102|15.2|86.5|0.0|0.0|67.5|0.0|33.2|3.6|0.0|0.0|59.0|0.0|12.4
CUDC-101|1|0.2|C#Cc1cccc(Nc2ncnc3cc(OC)c(OCCCCCCC(=O)NO)cc23)c1|88|18.3|0.0|0.0|74.4|0.0|77.8|22.5|67.7|48.9|42.3|0.0|78.9|47.8
CUDC-101|1|2.0|C#Cc1cccc(Nc2ncnc3cc(OC)c(OCCCCCCC(=O)NO)cc23)c1|75|52.2|0.0|0.0|90.2|0.0|95.1|17.1|75.6|65.8|67.0|0.0|81.1|70.4
CUDC-101|2|0.2|C#Cc1cccc(Nc2ncnc3cc(OC)c(OCCCCCCC(=O)NO)cc23)c1|97|21.9|0.0|0.0|83.7|0.0|87.8|8.1|58.8|61.2|62.2|0.0|75.3|67.5
CUDC-101|2|2.0|C#Cc1cccc(Nc2ncnc3cc(OC)c(OCCCCCCC(=O)NO)cc23)c1|82|62.7|0.0|0.0|86.8|0.0|97.4|28.5|69.6|61.2|63.8|0.0|75.6|59.3
PIK-75 (hydrochloride)|1|0.2|Cc1ccc([N+](=O)[O-])cc1S(=O)(=O)N(C)/N=C/c1cnc2ccc(Br)cn12|69|43.5|46.2|2.5|0.0|70.1|0.0|9.3|9.7|0.0|0.0|37.2|0.0|1.0
PIK-75 (hydrochloride)|1|2.0|Cc1ccc([N+](=O)[O-])cc1S(=O)(=O)N(C)/N=C/c1cnc2ccc(Br)cn12|54|47.8|60.6|0.0|0.0|54.1|0.0|0.0|0.0|0.0|0.0|59.9|0.0|0.0
Tivozanib|1|2.0|COc1cc2nccc(Oc3ccc(NC(=O)Nc4cc(C)on4)c(Cl)c3)c2cc1OC|96|6.7|54.8|9.3|0.0|76.9|0.0|31.0|0.0|0.0|0.0|56.6|0.0|0.0
KU-0063794|1|2.0|COc1ccc(-c2ccc3c(N4CCOCC4)nc(N4C[C@H](C)O[C@H](C)C4)nc3n2)cc1CO|96|39.6|98.0|0.0|0.0|70.1|0.0|29.3|0.0|0.0|0.0|65.1|0.0|21.1
WYE-354|1|2.0|COC(=O)Nc1ccc(-c2nc(N3CCOCC3)c3cnn(C4CCN(C(=O)OC)CC4)c3n2)cc1|90|40.9|98.3|0.0|0.0|69.5|0.0|25.6|0.0|0.0|0.0|66.6|0.0|21.9
GSK1059615|1|2.0|O=C1NC(=O)/C(=C/c2ccc3nccc(-c4ccncc4)c3c2)S1|104|18.8|83.9|0.0|0.0|52.0|0.0|38.5|12.5|0.0|0.0|44.9|0.0|29.2
MGCD-265 analog|1|2.0|Cn1cnc(-c2cc3nccc(Oc4ccc(NC(=S)NC(=O)Cc5ccccc5)cc4F)c3s2)c1|95|13.0|62.2|18.7|0.0|83.8|0.0|29.9|0.0|0.0|0.0|75.0|0.0|0.0
Rigosertib (ON-01910)|1|0.2|COc1cc(OC)c(/C=C/S(=O)(=O)Cc2ccc(OC)c(NCC(=O)O)c2)c(OC)c1|59|66.1|0.0|35.5|63.3|0.0|74.2|43.1|61.8|54.4|44.1|0.0|83.7|28.2
Rigosertib (ON-01910)|1|2.0|COc1cc(OC)c(/C=C/S(=O)(=O)Cc2ccc(OC)c(NCC(=O)O)c2)c(OC)c1|54|68.2|0.0|0.0|82.4|0.0|82.6|25.2|75.4|55.4|65.3|0.0|78.4|70.8
Rigosertib (ON-01910)|2|0.6|COc1cc(OC)c(/C=C/S(=O)(=O)Cc2ccc(OC)c(NCC(=O)O)c2)c(OC)c1|66|45.6|0.0|20.6|46.7|0.0|64.9|56.6|41.2|44.0|48.7|0.0|69.8|38.8
Rigosertib (ON-01910)|2|0.6|COc1cc(OC)c(/C=C/S(=O)(=O)Cc2ccc(OC)c(NCC(=O)O)c2)c(OC)c1|66|45.6|0.0|18.6|41.7|0.0|60.3|60.1|35.4|41.0|51.5|0.0|65.9|37.0
Ki8751|1|2.0|COc1cc2nccc(Oc3ccc(NC(=O)Nc4ccc(F)cc4F)c(F)c3)c2cc1OC|97|5.9|55.1|27.1|0.0|71.6|0.0|14.1|0.0|0.0|0.0|71.5|0.0|0.0
Pelitinib|1|2.0|CCOc1cc2ncc(C#N)c(Nc3ccc(F)c(Cl)c3)c2cc1NC(=O)/C=C/CN(C)C|96|29.7|60.5|0.0|1.1|8.2|0.0|45.4|18.0|0.0|16.4|2.3|18.8|36.4
TCS7010|1|0.2|CCN1CCN(C(=O)Cc2ccc(Nc3ncc(F)c(Nc4ccc(C(=O)Nc5ccccc5Cl)cc4)n3)cc2)CC1|99|9.2|6.6|21.2|0.0|68.3|0.0|27.3|12.2|0.0|0.0|42.0|11.5|0.0
TCS7010|1|2.0|CCN1CCN(C(=O)Cc2ccc(Nc3ncc(F)c(Nc4ccc(C(=O)Nc5ccccc5Cl)cc4)n3)cc2)CC1|90|21.9|5.8|0.0|58.0|0.0|57.0|21.6|89.5|16.7|28.2|0.0|58.9|42.3
TCS7010|2|2.0|CCN1CCN(C(=O)Cc2ccc(Nc3ncc(F)c(Nc4ccc(C(=O)Nc5ccccc5Cl)cc4)n3)cc2)CC1|93|56.1|0.0|0.0|65.8|0.0|63.0|14.4|93.0|19.6|34.0|0.0|63.3|41.9
PHA-680632|1|2.0|CCc1cccc(CC)c1NC(=O)N1Cc2[nH]nc(NC(=O)c3ccc(N4CCN(C)CC4)cc3)c2C1|84|9.7|0.0|71.0|24.9|0.0|36.9|26.1|15.1|33.2|31.6|0.0|47.9|0.0
PHA-680632|2|2.0|CCc1cccc(CC)c1NC(=O)N1Cc2[nH]nc(NC(=O)c3ccc(N4CCN(C)CC4)cc3)c2C1|84|13.8|0.0|62.6|20.4|0.0|21.3|37.7|13.4|15.5|18.3|0.0|57.0|0.0
Pimasertib (AS-703026)|1|0.2|O=C(NC[C@H](O)CO)c1ccncc1Nc1ccc(I)cc1F|85|10.0|60.4|9.2|0.0|88.4|0.0|7.1|0.0|0.0|0.0|78.6|0.0|0.0
Pimasertib (AS-703026)|1|2.0|O=C(NC[C@H](O)CO)c1ccncc1Nc1ccc(I)cc1F|103|18.0|53.9|8.7|0.0|80.0|0.0|1.9|0.0|0.0|0.0|88.9|0.0|0.0
HMN-214|1|2.0|COc1ccc(S(=O)(=O)N(C(C)=O)c2ccccc2/C=C/c2cc[n+]([O-])cc2)cc1|57|52.7|0.0|35.3|59.8|0.0|72.5|32.9|50.6|56.9|44.8|0.0|79.8|25.7
AEE788 (NVP-AEE788)|1|2.0|CCN1CCN(Cc2ccc(-c3cc4c(N[C@H](C)c5ccccc5)ncnc4[nH]3)cc2)CC1|99|37.5|18.6|0.0|52.5|0.0|51.6|36.2|71.0|13.4|35.4|0.0|52.7|44.7
PHA-793887|1|0.2|CC(C)CC(=O)Nc1[nH]nc2c1CN(C(=O)C1CCN(C)CC1)C2(C)C|91|5.0|55.9|1.5|0.0|89.0|0.0|0.0|0.0|0.0|0.0|72.3|0.0|0.0
PHA-793887|1|2.0|CC(C)CC(=O)Nc1[nH]nc2c1CN(C(=O)C1CCN(C)CC1)C2(C)C|76|29.4|41.1|6.8|0.0|86.9|0.0|0.0|0.0|0.0|0.0|70.9|0.0|0.0
PHA-793887|2|1.0|CC(C)CC(=O)Nc1[nH]nc2c1CN(C(=O)C1CCN(C)CC1)C2(C)C|70|14.2|33.2|33.0|0.0|81.4|0.0|0.0|0.0|0.0|0.0|69.8|0.0|0.0
PHA-793887|2|3.0|CC(C)CC(=O)Nc1[nH]nc2c1CN(C(=O)C1CCN(C)CC1)C2(C)C|58|38.2|27.2|40.4|0.0|86.6|0.0|0.0|0.0|0.0|0.0|73.8|0.0|0.0
PHA-793887|2|10.0|CC(C)CC(=O)Nc1[nH]nc2c1CN(C(=O)C1CCN(C)CC1)C2(C)C|52|43.9|21.5|42.2|0.0|55.7|0.0|5.1|0.0|0.0|0.0|62.6|0.0|0.0
PHA-793887|3|2.0|CC(C)CC(=O)Nc1[nH]nc2c1CN(C(=O)C1CCN(C)CC1)C2(C)C|77|23.0|39.7|34.3|0.0|87.7|0.0|0.0|0.0|0.0|0.0|72.0|0.0|0.0
AT7519|1|0.2|O=C(NC1CCNCC1)c1n[nH]cc1NC(=O)c1c(Cl)cccc1Cl|87|8.3|46.3|4.1|0.0|82.9|0.0|0.0|0.0|0.0|0.0|71.7|0.0|0.0
AT7519|1|2.0|O=C(NC1CCNCC1)c1n[nH]cc1NC(=O)c1c(Cl)cccc1Cl|67|47.0|27.0|0.0|0.0|36.2|0.0|2.9|15.5|3.5|0.0|24.4|10.6|2.7
Quizartinib|2|6.0|CC(C)(C)c1cc(NC(=O)Nc2ccc(-c3cn4c(n3)sc3cc(OCCN5CCOCC5)ccc34)cc2)no1|100|38.2|6.8|0.0|72.6|0.0|66.8|32.7|72.7|29.7|54.3|0.0|72.0|68.9
Quizartinib|2|10.0|CC(C)(C)c1cc(NC(=O)Nc2ccc(-c3cn4c(n3)sc3cc(OCCN5CCOCC5)ccc34)cc2)no1|97|37.7|0.0|0.0|77.9|0.0|73.8|39.4|67.4|44.0|57.0|0.0|75.9|55.9
Hesperadin|1|0.2|CCS(=O)(=O)Nc1ccc2[nH]c(O)c(/C(=N/c3ccc(CN4CCCCC4)cc3)c3ccccc3)c2c1|66|32.3|0.0|83.3|0.0|48.8|0.0|9.7|0.0|0.0|0.0|36.6|0.0|0.0
Hesperadin|1|2.0|CCS(=O)(=O)Nc1ccc2[nH]c(O)c(/C(=N/c3ccc(CN4CCCCC4)cc3)c3ccccc3)c2c1|50|61.5|0.0|0.0|77.5|0.0|77.2|21.1|74.1|62.1|42.4|0.0|82.5|40.5
Hesperadin|2|0.2|CCS(=O)(=O)Nc1ccc2[nH]c(O)c(/C(=N/c3ccc(CN4CCCCC4)cc3)c3ccccc3)c2c1|71|33.0|0.0|81.2|0.0|36.5|0.0|14.7|0.0|0.0|0.0|29.7|0.0|0.0
Hesperadin|2|2.0|CCS(=O)(=O)Nc1ccc2[nH]c(O)c(/C(=N/c3ccc(CN4CCCCC4)cc3)c3ccccc3)c2c1|61|63.2|0.0|19.0|59.4|0.0|60.8|31.5|63.7|43.6|31.5|0.0|75.5|16.5
BIX02188|2|10.0|CN(C)Cc1cccc(/N=C(/c2ccccc2)c2c(O)[nH]c3cc(C(N)=O)ccc23)c1|98|31.3|63.0|0.0|0.0|57.2|0.0|27.1|33.7|0.0|0.0|28.9|0.0|2.3
R406 (free base)|1|2.0|COc1cc(Nc2ncc(F)c(Nc3ccc4c(n3)NC(=O)C(C)(C)O4)n2)cc(OC)c1OC|101|11.6|57.2|0.0|15.3|0.0|10.7|23.8|32.5|0.0|9.4|0.0|6.7|34.4
AZD8055|1|0.2|COc1ccc(-c2ccc3c(N4CCOC[C@@H]4C)nc(N4CCOC[C@@H]4C)nc3n2)cc1CO|87|31.6|90.2|0.0|0.0|50.7|0.0|16.5|5.8|0.0|0.0|46.8|0.0|39.0
AZD8055|1|2.0|COc1ccc(-c2ccc3c(N4CCOC[C@@H]4C)nc(N4CCOC[C@@H]4C)nc3n2)cc1CO|90|49.2|94.8|0.0|0.0|40.8|0.0|26.4|0.0|0.0|0.0|47.2|0.0|39.1
AT7867|1|0.2|Clc1ccc(C2(c3ccc(-c4cn[nH]c4)cc3)CCNCC2)cc1|109|10.9|58.0|0.0|0.0|43.4|0.0|7.4|0.0|0.0|0.0|44.2|0.0|4.9
AT7867|1|2.0|Clc1ccc(C2(c3ccc(-c4cn[nH]c4)cc3)CCNCC2)cc1|81|52.3|0.0|0.0|50.6|0.0|61.4|13.0|44.4|50.7|36.2|0.0|46.0|36.9
KU-60019|2|10.0|C[C@H]1CN(CC(=O)Nc2ccc3c(c2)Cc2cccc(-c4cc(=O)cc(N5CCOCC5)o4)c2S3)C[C@@H](C)O1|81|35.6|0.0|0.0|66.7|0.0|66.3|17.4|81.3|29.0|54.9|0.0|70.7|62.8
KU-60019|3|5.0|C[C@H]1CN(CC(=O)Nc2ccc3c(c2)Cc2cccc(-c4cc(=O)cc(N5CCOCC5)o4)c2S3)C[C@@H](C)O1|90|33.9|0.0|0.0|69.1|0.0|67.2|18.8|79.6|25.6|66.4|0.0|67.6|54.7
KU-60019|3|15.0|C[C@H]1CN(CC(=O)Nc2ccc3c(c2)Cc2cccc(-c4cc(=O)cc(N5CCOCC5)o4)c2S3)C[C@@H](C)O1|84|70.5|0.0|0.0|83.2|0.0|81.1|18.3|89.7|44.4|59.0|0.0|80.5|65.2
KU-60019|3|50.0|C[C@H]1CN(CC(=O)Nc2ccc3c(c2)Cc2cccc(-c4cc(=O)cc(N5CCOCC5)o4)c2S3)C[C@@H](C)O1|67|82.0|0.0|0.0|84.2|0.0|82.7|10.7|82.8|52.4|65.7|0.0|83.6|62.3
NVP-BSK805 (dihydrochloride)|1|2.0|Fc1cc(-c2cccc3ncc(-c4cnn(C5CCNCC5)c4)nc23)cc(F)c1CN1CCOCC1|90|27.5|0.0|0.0|69.7|0.0|62.7|31.7|88.7|21.7|44.8|0.0|70.7|51.4
RAF265|1|0.2|Cn1c(Nc2ccc(C(F)(F)F)cc2)nc2cc(Oc3ccnc(-c4nc(C(F)(F)F)c[nH]4)c3)ccc21|98|17.8|76.6|0.0|0.0|35.2|0.0|31.2|0.0|0.0|6.1|31.0|0.0|46.3
RAF265|1|2.0|Cn1c(Nc2ccc(C(F)(F)F)cc2)nc2cc(Oc3ccnc(-c4nc(C(F)(F)F)c[nH]4)c3)ccc21|98|17.3|83.6|0.0|0.0|58.0|0.0|30.9|0.0|0.0|0.0|62.0|0.0|7.8
Gandotinib|1|2.0|Cc1cc(Nc2cc(CN3CCOCC3)c3nc(C)c(Cc4ccc(Cl)cc4F)n3n2)[nH]n1|88|29.0|0.0|0.0|74.1|0.0|64.5|24.3|66.9|37.5|54.5|0.0|85.0|55.7
Gandotinib|2|0.6|Cc1cc(Nc2cc(CN3CCOCC3)c3nc(C)c(Cc4ccc(Cl)cc4F)n3n2)[nH]n1|91|8.1|0.0|23.3|28.5|16.4|24.4|7.8|44.9|5.7|10.7|0.0|47.9|11.0
Gandotinib|2|2.0|Cc1cc(Nc2cc(CN3CCOCC3)c3nc(C)c(Cc4ccc(Cl)cc4F)n3n2)[nH]n1|84|61.0|0.0|4.0|54.5|0.0|46.7|29.6|62.4|15.1|45.3|0.0|77.9|38.6
Gandotinib|3|2.0|Cc1cc(Nc2cc(CN3CCOCC3)c3nc(C)c(Cc4ccc(Cl)cc4F)n3n2)[nH]n1|96|57.7|0.0|4.8|75.4|0.0|68.8|17.7|68.8|34.5|54.8|0.0|83.9|37.0
GSK461364|1|0.2|C[C@@H](Oc1cc(-n2cnc3ccc(CN4CCN(C)CC4)cc32)sc1C(N)=O)c1ccccc1C(F)(F)F|53|62.7|0.0|62.5|42.1|0.0|56.6|15.4|38.3|40.0|34.4|0.0|57.1|0.0
GSK461364|1|2.0|C[C@@H](Oc1cc(-n2cnc3ccc(CN4CCN(C)CC4)cc32)sc1C(N)=O)c1ccccc1C(F)(F)F|61|42.8|0.0|54.0|27.2|5.4|42.9|24.7|50.3|12.2|29.9|0.0|34.3|0.3
R406|1|2.0|COc1cc(Nc2ncc(F)c(Nc3ccc4c(n3)NC(=O)C(C)(C)O4)n2)cc(OC)c1OC|100|11.6|54.1|0.0|22.0|0.0|22.3|37.7|37.5|0.0|22.8|0.0|10.4|41.6
SGI-1776|1|2.0|CN1CCC(CNc2ccc3ncc(-c4cccc(OC(F)(F)F)c4)n3n2)CC1|96|42.7|4.1|0.0|63.1|0.0|57.2|16.8|93.3|17.6|36.2|0.0|57.6|43.7
SGI-1776|2|2.0|CN1CCC(CNc2ccc3ncc(-c4cccc(OC(F)(F)F)c4)n3n2)CC1|92|38.0|15.7|0.0|51.3|5.1|44.8|20.0|83.0|0.0|36.6|0.0|57.0|44.2
NVP-BHG712|1|0.2|Cc1ccc(C(=O)Nc2cccc(C(F)(F)F)c2)cc1Nc1nc(-c2cccnc2)nc2c1cnn2C|89|5.4|13.4|0.0|46.8|0.0|45.8|28.6|72.0|7.6|30.3|0.0|59.7|48.0
NVP-BHG712|1|2.0|Cc1ccc(C(=O)Nc2cccc(C(F)(F)F)c2)cc1Nc1nc(-c2cccnc2)nc2c1cnn2C|100|48.0|0.0|0.0|79.4|0.0|78.5|26.3|93.3|41.9|48.0|0.0|79.0|57.9
NVP-BHG712|2|10.0|Cc1ccc(C(=O)Nc2cccc(C(F)(F)F)c2)cc1Nc1nc(-c2cccnc2)nc2c1cnn2C|95|9.0|40.2|0.0|16.8|54.8|17.7|16.7|45.9|0.0|0.0|7.3|28.9|35.6
OSI-420|1|2.0|C#Cc1cccc(Nc2ncnc3cc(OCCOC)c(OCCO)cc23)c1|101|9.3|67.8|0.0|0.0|83.6|0.0|26.8|0.0|0.0|0.0|78.0|0.0|0.0
OSI-420|2|2.0|C#Cc1cccc(Nc2ncnc3cc(OCCOC)c(OCCO)cc23)c1|103|25.9|82.0|0.0|0.0|79.9|0.0|19.1|0.0|0.0|0.0|71.5|0.0|0.0
AZ960|1|2.0|Cc1cc(Nc2nc(N[C@@H](C)c3ccc(F)cc3)c(C#N)cc2F)n[nH]1|63|49.6|0.0|66.6|36.1|0.0|48.4|38.4|37.9|27.4|34.9|0.0|59.7|0.0
AZ960|2|0.2|Cc1cc(Nc2nc(N[C@@H](C)c3ccc(F)cc3)c(C#N)cc2F)n[nH]1|81|33.7|0.0|0.0|82.6|0.0|75.2|28.6|74.5|50.9|63.0|0.0|89.8|68.3
AZ960|2|2.0|Cc1cc(Nc2nc(N[C@@H](C)c3ccc(F)cc3)c(C#N)cc2F)n[nH]1|61|64.4|0.0|40.2|40.4|0.0|56.9|62.8|46.1|19.3|54.6|0.0|65.2|23.9
Torkinib|1|2.0|CC(C)n1nc(-c2cc3cc(O)ccc3[nH]2)c2c(N)ncnc21|100|45.9|91.2|0.0|0.0|27.9|0.0|31.2|0.0|0.0|6.2|38.8|0.0|41.8
Momelotinib|1|2.0|N#CCNC(=O)c1ccc(-c2ccnc(Nc3ccc(N4CCOCC4)cc3)n2)cc1|84|19.0|60.7|0.0|0.0|77.7|0.0|32.2|12.7|0.0|0.0|53.8|0.0|8.3
Momelotinib|2|2.0|N#CCNC(=O)c1ccc(-c2ccnc(Nc3ccc(N4CCOCC4)cc3)n2)cc1|60|71.5|27.5|0.0|14.4|39.5|25.7|43.1|42.5|3.2|25.6|0.0|27.8|20.9
SB590885|1|0.2|CN(C)CCOc1ccc(-c2nc(-c3ccc4c(c3)CC/C4=N\O)c(-c3ccncc3)[nH]2)cc1|92|13.6|0.0|0.0|65.7|0.0|60.3|0.9|65.0|43.3|45.8|0.0|75.4|49.0
SB590885|1|2.0|CN(C)CCOc1ccc(-c2nc(-c3ccc4c(c3)CC/C4=N\O)c(-c3ccncc3)[nH]2)cc1|100|38.3|0.0|0.0|74.9|0.0|69.4|5.4|92.7|33.9|46.0|0.0|72.0|48.0
Ibrutinib (Racemate)|1|2.0|C=CC(=O)N1CCCC(n2nc(-c3ccc(Oc4ccccc4)cc3)c3c(N)ncnc32)C1|101|24.4|0.0|0.0|82.0|0.0|79.2|24.5|68.7|50.3|54.5|0.0|79.1|54.6
Ibrutinib (Racemate)|2|2.0|C=CC(=O)N1CCCC(n2nc(-c3ccc(Oc4ccccc4)cc3)c3c(N)ncnc32)C1|98|38.3|0.0|0.0|74.9|0.0|76.3|56.7|70.0|26.2|62.1|0.0|75.2|62.2
Ibrutinib (Racemate)|3|10.0|C=CC(=O)N1CCCC(n2nc(-c3ccc(Oc4ccccc4)cc3)c3c(N)ncnc32)C1|98|52.3|0.0|0.0|79.1|0.0|77.4|47.7|71.4|42.3|54.6|0.0|80.3|54.5
TAK-901|1|0.2|CCS(=O)(=O)c1cccc(-c2cc(C(=O)NC3CCN(C)CC3)c(C)c3[nH]c4ncc(C)cc4c23)c1|92|7.3|25.1|0.0|29.8|14.7|17.5|9.9|36.1|9.7|10.6|0.0|58.8|43.0
TAK-901|1|2.0|CCS(=O)(=O)c1cccc(-c2cc(C(=O)NC3CCN(C)CC3)c(C)c3[nH]c4ncc(C)cc4c23)c1|58|51.8|0.0|19.3|73.9|0.0|73.1|8.4|63.6|56.0|52.5|0.0|80.0|30.2
AMG 900|1|0.2|Cc1csc(-c2nnc(Nc3ccc(Oc4ncccc4-c4ccnc(N)n4)cc3)c3ccccc23)c1|67|30.6|0.0|94.2|0.0|18.5|0.0|0.0|0.0|3.1|0.0|8.2|0.0|0.0
AMG 900|1|2.0|Cc1csc(-c2nnc(Nc3ccc(Oc4ncccc4-c4ccnc(N)n4)cc3)c3ccccc23)c1|67|39.9|0.0|88.1|0.0|0.0|8.1|6.3|0.0|14.3|4.6|0.0|18.6|0.0
AMG 900|2|0.2|Cc1csc(-c2nnc(Nc3ccc(Oc4ncccc4-c4ccnc(N)n4)cc3)c3ccccc23)c1|67|40.6|0.0|94.8|0.0|0.7|0.0|3.9|0.0|10.7|12.5|0.0|10.1|0.0
AMG 900|2|2.0|Cc1csc(-c2nnc(Nc3ccc(Oc4ncccc4-c4ccnc(N)n4)cc3)c3ccccc23)c1|69|35.6|0.0|91.8|0.0|13.2|0.0|0.0|0.0|0.0|0.0|0.0|2.2|0.0
Omipalisib|1|0.2|COc1ncc(-c2ccc3nccc(-c4ccnnc4)c3c2)cc1NS(=O)(=O)c1ccc(F)cc1F|89|36.3|92.9|0.0|0.0|64.3|0.0|30.2|2.2|0.0|0.0|53.3|0.0|30.3
Omipalisib|1|2.0|COc1ncc(-c2ccc3nccc(-c4ccnnc4)c3c2)cc1NS(=O)(=O)c1ccc(F)cc1F|84|44.4|82.2|0.0|5.7|28.4|8.5|25.9|36.4|0.0|5.0|22.4|1.0|47.2
Fingolimod (hydrochloride)|1|2.0|CCCCCCCCc1ccc(CCC(N)(CO)CO)cc1|94|52.2|0.0|0.0|83.2|0.0|79.5|32.2|78.5|41.5|64.6|0.0|81.2|63.3
Fingolimod (hydrochloride)|2|2.0|CCCCCCCCc1ccc(CCC(N)(CO)CO)cc1|98|15.0|0.0|0.0|83.3|0.0|77.3|7.4|83.4|45.2|55.7|0.0|82.3|57.1
Volasertib (BI 6727)|1|2.0|CC[C@@H]1C(=O)N(C)c2cnc(Nc3ccc(C(=O)N[C@H]4CC[C@H](N5CCN(CC6CC6)CC5)CC4)cc3OC)nc2N1C(C)C|57|82.9|0.0|4.2|81.8|0.0|87.9|8.4|77.4|60.9|57.7|0.0|78.1|36.4
AZD-5438|1|0.2|Cc1ncc(-c2ccnc(Nc3ccc(S(C)(=O)=O)cc3)n2)n1C(C)C|85|10.0|0.0|23.3|8.2|54.9|0.0|0.0|29.5|0.0|0.0|0.0|39.3|0.0
AZD-5438|1|2.0|Cc1ncc(-c2ccnc(Nc3ccc(S(C)(=O)=O)cc3)n2)n1C(C)C|71|26.6|50.7|9.4|0.0|90.7|0.0|27.8|3.9|0.0|0.0|61.0|0.0|0.0
OSI-027|1|2.0|COc1cccc2cc(-c3nc([C@H]4CC[C@H](C(=O)O)CC4)n4ncnc(N)c34)[nH]c12|96|41.6|97.1|0.0|0.0|60.1|0.0|24.0|0.0|0.0|0.0|60.3|0.0|27.5
PP121|1|0.2|Nc1ncnc2c1c(-c1cnc3[nH]ccc3c1)nn2C1CCCC1|100|7.4|0.0|0.0|75.4|0.0|67.5|23.5|53.3|53.3|54.6|0.0|69.4|48.3
PP121|1|2.0|Nc1ncnc2c1c(-c1cnc3[nH]ccc3c1)nn2C1CCCC1|86|44.0|28.8|0.0|54.4|0.0|49.5|37.1|57.9|29.7|49.5|0.0|63.7|64.4
Buparlisib|1|2.0|Nc1cc(C(F)(F)F)c(-c2cc(N3CCOCC3)nc(N3CCOCC3)n2)cn1|82|5.7|60.9|0.0|21.4|21.1|15.5|46.2|34.6|0.0|14.2|5.0|49.0|61.2
TAK-733|1|0.2|Cn1c(=O)c(F)c(Nc2ccc(I)cc2F)c2c(=O)n(C[C@@H](O)CO)cnc21|105|13.1|45.0|13.5|0.0|58.9|0.0|0.0|0.0|0.0|0.0|72.7|0.0|0.0
TAK-733|1|2.0|Cn1c(=O)c(F)c(Nc2ccc(I)cc2F)c2c(=O)n(C[C@@H](O)CO)cnc21|104|12.8|44.3|8.7|0.0|79.9|0.0|27.0|0.0|0.0|0.0|78.9|0.0|0.0
CCT128930|1|2.0|NC1(Cc2ccc(Cl)cc2)CCN(c2ncnc3[nH]ccc23)CC1|103|23.5|83.6|0.0|0.0|78.7|0.0|10.5|0.0|0.0|0.0|79.3|0.0|0.0
CCT128930|2|2.0|NC1(Cc2ccc(Cl)cc2)CCN(c2ncnc3[nH]ccc23)CC1|101|29.9|85.9|0.0|0.0|75.5|0.0|20.7|0.0|0.0|0.0|65.6|0.0|3.7
R547|1|0.2|COc1ccc(F)c(F)c1C(=O)c1cnc(NC2CCN(S(C)(=O)=O)CC2)nc1N|83|21.4|28.6|40.5|0.0|91.4|0.0|6.5|0.0|0.0|0.0|61.6|0.0|0.0
R547|1|2.0|COc1ccc(F)c(F)c1C(=O)c1cnc(NC2CCN(S(C)(=O)=O)CC2)nc1N|68|20.4|65.7|0.0|0.0|88.7|0.0|10.9|0.0|0.0|0.0|74.5|0.0|0.0
WAY-600|1|2.0|c1cncc(CN2CCC(n3ncc4c(N5CCOCC5)nc(-c5ccc6[nH]ccc6c5)nc43)CC2)c1|98|44.9|26.4|0.0|64.9|0.0|64.7|29.4|85.9|26.9|37.7|0.0|60.9|68.7
WYE-132|1|0.2|CNC(=O)Nc1ccc(-c2nc(N3CC4CCC(C3)O4)c3cnn(C4CCC5(CC4)OCCO5)c3n2)cc1|90|51.5|96.8|0.0|0.0|55.2|0.0|24.8|0.0|0.0|0.0|61.3|0.0|23.1
WYE-132|1|2.0|CNC(=O)Nc1ccc(-c2nc(N3CC4CCC(C3)O4)c3cnn(C4CCC5(CC4)OCCO5)c3n2)cc1|86|54.1|88.3|0.0|0.0|22.5|0.0|29.3|0.0|0.0|0.0|44.9|0.0|33.2
BMS-754807|1|2.0|C[C@@]1(C(=O)Nc2ccc(F)nc2)CCCN1c1nc(Nc2cc(C3CC3)[nH]n2)c2cccn2n1|73|17.8|0.0|93.3|0.0|17.6|0.0|25.2|0.0|0.0|0.0|11.4|0.0|0.0
TWS119|1|2.0|Nc1cccc(-c2cc3c(Oc4cccc(O)c4)ncnc3[nH]2)c1|92|46.3|0.0|0.0|86.4|0.0|79.6|28.4|76.1|48.5|60.6|0.0|84.3|57.5
Apatinib|2|10.0|N#CC1(c2ccc(NC(=O)c3cccnc3NCc3ccncc3)cc2)CCCC1|105|7.6|4.8|0.0|44.1|0.0|34.7|25.8|70.0|1.5|21.3|0.0|51.2|21.2
BMS-536924|1|2.0|Cc1cc(N2CCOCC2)cc2[nH]c(-c3c(NC[C@@H](O)c4cccc(Cl)c4)cc[nH]c3=O)nc12|97|15.4|26.3|0.0|47.5|0.0|53.9|49.7|60.3|16.3|31.9|0.0|40.7|49.5
|1|2.0|CCn1c(-c2nonc2N)nc2c(C#CC(C)(C)O)ncc(OC[C@H]3CCCNC3)c21|102|11.4|63.9|0.0|0.0|84.0|0.0|43.4|0.0|0.0|0.0|69.8|0.0|0.0
LY2603618|1|2.0|Cc1cnc(NC(=O)Nc2cc(Br)c(C)cc2OC[C@@H]2CNCCO2)cn1|92|7.4|0.0|0.0|61.4|0.0|67.8|24.8|48.1|56.4|56.9|0.0|50.1|62.5
Trametinib|1|0.2|CC(=O)Nc1cccc(-n2c(=O)n(C3CC3)c(=O)c3c(Nc4ccc(I)cc4F)n(C)c(=O)c(C)c32)c1|101|16.8|72.7|0.0|0.0|89.1|0.0|28.8|0.0|0.0|0.0|77.7|0.0|0.0
Trametinib|1|2.0|CC(=O)Nc1cccc(-n2c(=O)n(C3CC3)c(=O)c3c(Nc4ccc(I)cc4F)n(C)c(=O)c(C)c32)c1|108|19.3|53.4|2.6|0.0|85.7|0.0|13.2|0.0|0.0|0.0|77.6|0.0|0.0
PHA-665752|1|2.0|Cc1[nH]c(/C=C2\C(=O)Nc3ccc(S(=O)(=O)Cc4c(Cl)cccc4Cl)cc32)c(C)c1C(=O)N1CCC[C@@H]1CN1CCCC1|100|42.8|0.0|0.0|59.8|0.0|56.9|7.1|93.7|14.1|22.5|0.0|54.9|32.5
Tirbanibulin|1|0.2|O=C(Cc1ccc(-c2ccc(OCCN3CCOCC3)cc2)cn1)NCc1ccccc1|50|71.8|0.0|31.5|67.7|0.0|77.8|33.6|65.7|52.4|53.7|0.0|80.8|33.2
CH5132799|1|2.0|CS(=O)(=O)N1CCc2c(-c3cnc(N)nc3)nc(N3CCOCC3)nc21|97|9.0|82.1|0.0|0.0|83.4|0.0|1.3|0.0|0.0|0.0|72.3|0.0|3.0
GDC-0980 (RG7422)|1|0.2|Cc1c(CN2CCN(C(=O)[C@H](C)O)CC2)sc2c(N3CCOCC3)nc(-c3cnc(N)nc3)nc12|97|21.4|90.0|0.0|0.0|76.1|0.0|36.2|0.0|0.0|0.0|65.6|0.0|14.6
GDC-0980 (RG7422)|1|2.0|Cc1c(CN2CCN(C(=O)[C@H](C)O)CC2)sc2c(N3CCOCC3)nc(-c3cnc(N)nc3)nc12|90|44.0|97.6|0.0|0.0|62.4|0.0|28.0|0.0|0.0|0.0|58.3|0.0|31.3
MK-8776 (SCH 900776)|1|2.0|Cn1cc(-c2cnn3c(N)c(Br)c([C@@H]4CCCNC4)nc23)cn1|99|20.2|83.2|0.0|0.0|68.4|0.0|21.0|0.0|0.0|0.0|70.6|0.0|0.0
Dacomitinib|1|0.2|COc1cc2ncnc(Nc3ccc(F)c(Cl)c3)c2cc1NC(=O)/C=C/CN1CCCCC1|110|8.1|74.3|0.0|0.0|74.7|0.0|21.1|5.0|0.0|0.0|56.7|0.0|0.0
Sapanisertib|1|0.2|CC(C)n1nc(-c2ccc3oc(N)nc3c2)c2c(N)ncnc21|81|51.5|95.4|0.0|0.0|48.2|0.0|26.0|0.0|0.0|0.0|56.6|0.0|32.5
Sapanisertib|1|2.0|CC(C)n1nc(-c2ccc3oc(N)nc3c2)c2c(N)ncnc21|77|52.8|86.2|0.0|0.0|23.2|0.0|18.0|0.0|0.0|0.0|44.1|0.0|32.6
MK-5108|2|10.0|O=C(O)[C@]1(Cc2cccc(Nc3nccs3)n2)CC[C@@H](Oc2cccc(Cl)c2F)CC1|77|9.3|0.0|37.6|14.7|32.5|11.1|8.6|26.4|12.1|0.0|0.0|55.4|9.8
MK-5108|3|2.0|O=C(O)[C@]1(Cc2cccc(Nc3nccs3)n2)CC[C@@H](Oc2cccc(Cl)c2F)CC1|94|6.2|0.7|37.1|0.0|69.6|0.0|2.0|5.0|0.0|0.0|17.7|27.6|0.0
Crenolanib|1|0.2|CC1(COc2ccc3c(c2)ncn3-c2ccc3cccc(N4CCC(N)CC4)c3n2)COC1|100|6.9|51.9|0.0|0.0|42.2|0.0|15.8|0.0|0.0|0.0|57.5|0.0|0.0
Crenolanib|1|2.0|CC1(COc2ccc3c(c2)ncn3-c2ccc3cccc(N4CCC(N)CC4)c3n2)COC1|76|39.6|34.0|19.8|0.0|61.7|0.0|20.9|38.7|0.0|0.0|24.9|0.0|0.0
Crenolanib|2|2.0|CC1(COc2ccc3c(c2)ncn3-c2ccc3cccc(N4CCC(N)CC4)c3n2)COC1|79|57.7|50.0|3.3|0.0|68.4|0.0|42.6|37.2|0.0|0.0|27.3|9.7|1.2
PF-04691502|1|0.2|COc1ccc(-c2cc3c(C)nc(N)nc3n([C@H]3CC[C@H](OCCO)CC3)c2=O)cn1|93|25.9|93.5|0.0|0.0|72.2|0.0|24.0|0.0|0.0|0.0|70.5|0.0|9.5
PF-04691502|1|2.0|COc1ccc(-c2cc3c(C)nc(N)nc3n([C@H]3CC[C@H](OCCO)CC3)c2=O)cn1|88|51.5|94.9|0.0|0.0|52.6|0.0|30.8|0.0|0.0|0.0|58.0|0.0|26.3
Milciclib|1|0.2|CNC(=O)c1nn(C)c2c1C(C)(C)Cc1cnc(Nc3ccc(N4CCN(C)CC4)cc3)nc1-2|89|10.0|42.2|0.0|38.8|19.4|28.4|4.6|49.4|20.4|21.5|0.0|57.5|69.3
Milciclib|1|2.0|CNC(=O)c1nn(C)c2c1C(C)(C)Cc1cnc(Nc3ccc(N4CCN(C)CC4)cc3)nc1-2|79|31.6|0.7|0.0|49.6|0.0|38.0|20.2|53.8|35.1|15.9|0.0|67.1|39.1
AZ 628|1|2.0|Cc1ccc(NC(=O)c2cccc(C(C)(C)C#N)c2)cc1Nc1ccc2ncn(C)c(=O)c2c1|90|16.1|67.5|0.0|0.0|79.7|0.0|11.9|12.9|0.0|0.0|51.1|0.0|0.0
CCT 137690|1|2.0|Cc1cc(CN2CCN(c3c(Br)cnc4[nH]c(-c5ccc(N6CCN(C)CC6)cc5)nc34)CC2)no1|67|16.6|0.0|90.1|0.0|34.7|0.0|23.4|0.0|0.0|0.0|31.8|0.0|0.0
CCT 137690|2|0.2|Cc1cc(CN2CCN(c3c(Br)cnc4[nH]c(-c5ccc(N6CCN(C)CC6)cc5)nc34)CC2)no1|93|9.2|0.0|49.2|0.0|3.1|0.0|40.0|0.0|0.0|1.5|0.0|35.8|0.0
CCT 137690|2|2.0|Cc1cc(CN2CCN(c3c(Br)cnc4[nH]c(-c5ccc(N6CCN(C)CC6)cc5)nc34)CC2)no1|63|49.9|0.0|51.8|45.1|0.0|56.3|22.8|73.7|13.9|28.0|0.0|50.1|1.7
BGT226 (maleate)|1|0.2|COc1ccc(-c2ccc3ncc4c(c3c2)n(-c2ccc(N3CCNCC3)c(C(F)(F)F)c2)c(=O)n4C)cn1|86|51.3|63.9|0.0|40.2|0.0|41.9|29.0|59.7|19.8|28.7|0.0|33.9|66.0
YM-201636|1|2.0|Nc1ccc(C(=O)Nc2cccc(-c3nc(N4CCOCC4)c4oc5ncccc5c4n3)c2)cn1|93|29.2|6.6|0.0|67.1|0.0|65.1|21.4|86.7|32.3|29.1|0.0|64.8|62.4
BX795|1|2.0|O=C(NCCCNc1nc(Nc2cccc(NC(=O)N3CCCC3)c2)ncc1I)c1cccs1|100|12.8|85.2|0.0|0.0|46.4|0.0|44.8|0.0|0.0|0.0|44.1|0.0|29.5
BX-912|1|2.0|O=C(Nc1cccc(Nc2ncc(Br)c(NCCc3c[nH]cn3)n2)c1)N1CCCC1|86|6.4|30.1|63.5|0.0|48.0|0.0|43.7|0.0|0.0|0.0|44.1|0.0|0.0
Fimepinostat|1|0.2|COc1ccc(-c2nc(N3CCOCC3)c3sc(CN(C)c4ncc(C(=O)NO)cn4)cc3n2)cn1|67|64.4|0.0|0.0|88.7|0.0|96.5|26.3|75.3|68.3|67.8|0.0|81.4|72.3
Fimepinostat|1|2.0|COc1ccc(-c2nc(N3CCOCC3)c3sc(CN(C)c4ncc(C(=O)NO)cn4)cc3n2)cn1|61|74.3|0.0|0.0|90.7|0.0|95.5|22.2|80.0|64.2|69.0|0.0|81.4|72.8
Fimepinostat|3|0.2|COc1ccc(-c2nc(N3CCOCC3)c3sc(CN(C)c4ncc(C(=O)NO)cn4)cc3n2)cn1|65|70.5|0.0|0.0|88.7|0.0|95.3|29.9|67.6|62.5|77.9|0.0|79.7|68.6
Fimepinostat|3|2.0|COc1ccc(-c2nc(N3CCOCC3)c3sc(CN(C)c4ncc(C(=O)NO)cn4)cc3n2)cn1|60|81.9|0.0|0.0|91.1|0.0|94.1|21.6|80.5|61.5|71.5|0.0|84.6|66.7
Dovitinib (TKI-258) Dilactic Acid|1|2.0|CN1CCN(c2ccc3[nH]c(-c4c(O)nc5cccc(F)c5c4N)nc3c2)CC1|82|25.4|76.5|0.0|0.0|65.5|0.0|40.8|0.0|0.0|0.0|54.5|0.0|0.0
Allitinib tosylate|1|2.0|C=CC(=O)Nc1ccc2ncnc(Nc3ccc(OCc4cccc(F)c4)c(Cl)c3)c2c1|98|9.3|25.7|0.0|38.8|0.0|48.6|53.3|51.2|10.0|38.7|0.0|33.4|46.2
BMS-265246|1|0.2|CCCCOc1c(C(=O)c2c(F)cc(C)cc2F)cnc2[nH]ncc12|97|14.9|36.0|35.7|0.0|89.5|0.0|8.8|0.0|0.0|0.0|72.3|0.0|0.0
BMS-265246|1|2.0|CCCCOc1c(C(=O)c2c(F)cc(C)cc2F)cnc2[nH]ncc12|81|25.6|46.1|29.5|0.0|94.4|0.0|0.0|0.0|0.0|0.0|82.8|0.0|0.0
BMS-265246|2|10.0|CCCCOc1c(C(=O)c2c(F)cc(C)cc2F)cnc2[nH]ncc12|75|31.6|27.8|49.3|0.0|81.9|0.0|4.7|0.0|0.0|0.0|78.4|0.0|0.0
AZD2014|1|0.2|CNC(=O)c1cccc(-c2ccc3c(N4CCOC[C@@H]4C)nc(N4CCOC[C@@H]4C)nc3n2)c1|96|28.0|94.0|0.0|0.0|74.0|0.0|28.1|0.0|0.0|0.0|67.1|0.0|17.0
AZD2014|1|2.0|CNC(=O)c1cccc(-c2ccc3c(N4CCOC[C@@H]4C)nc(N4CCOC[C@@H]4C)nc3n2)c1|90|48.9|94.1|0.0|0.0|41.1|0.0|27.8|0.0|0.0|0.0|51.9|0.0|32.1
TAK-285|1|2.0|CC(C)(O)CC(=O)NCCn1ccc2ncnc(Nc3ccc(Oc4cccc(C(F)(F)F)c4)c(Cl)c3)c21|94|5.0|0.0|2.5|41.2|0.0|54.0|53.2|55.1|13.6|15.2|0.0|44.3|19.6
NVP-AEW541|1|2.0|Nc1ncnc2c1c(-c1cccc(OCc3ccccc3)c1)cn2[C@H]1C[C@@H](CN2CCC2)C1|102|29.7|0.0|0.0|77.2|0.0|74.3|27.6|92.3|32.3|51.6|0.0|67.4|56.9
NVP-AEW541|2|1.0|Nc1ncnc2c1c(-c1cccc(OCc3ccccc3)c1)cn2[C@H]1C[C@@H](CN2CCC2)C1|94|21.2|0.0|0.0|60.8|0.0|66.5|42.2|71.9|20.2|42.1|0.0|57.6|49.1
NVP-AEW541|2|3.0|Nc1ncnc2c1c(-c1cccc(OCc3ccccc3)c1)cn2[C@H]1C[C@@H](CN2CCC2)C1|102|70.1|0.0|0.0|80.2|0.0|80.5|18.2|94.3|38.7|56.0|0.0|71.5|52.9
AZD4547|1|2.0|COc1cc(CCc2cc(NC(=O)c3ccc(N4C[C@H](C)N[C@H](C)C4)cc3)n[nH]2)cc(OC)c1|99|5.5|11.8|0.0|39.9|0.0|43.5|17.2|71.0|13.6|0.0|0.0|26.5|21.8
AZD4547|2|2.0|COc1cc(CCc2cc(NC(=O)c3ccc(N4C[C@H](C)N[C@H](C)C4)cc3)n[nH]2)cc(OC)c1|105|5.5|18.1|0.0|41.2|0.0|44.4|20.0|71.2|2.0|0.0|0.0|27.2|30.9
AZD4547|2|6.0|COc1cc(CCc2cc(NC(=O)c3ccc(N4C[C@H](C)N[C@H](C)C4)cc3)n[nH]2)cc(OC)c1|85|63.7|0.0|0.0|74.8|0.0|71.1|35.9|92.3|29.0|50.9|0.0|74.2|55.5
AZD4547|2|10.0|COc1cc(CCc2cc(NC(=O)c3ccc(N4C[C@H](C)N[C@H](C)C4)cc3)n[nH]2)cc(OC)c1|78|78.2|0.0|0.0|78.1|0.0|74.6|35.9|87.7|33.5|61.7|0.0|78.3|56.6
Dabrafenib|1|2.0|CC(C)(C)c1nc(-c2cccc(NS(=O)(=O)c3c(F)cccc3F)c2F)c(-c2ccnc(N)n2)s1|94|14.2|0.0|0.0|78.1|0.0|72.1|36.9|69.3|38.9|68.7|0.0|75.5|72.7
Dabrafenib|2|2.0|CC(C)(C)c1nc(-c2cccc(NS(=O)(=O)c3c(F)cccc3F)c2F)c(-c2ccnc(N)n2)s1|91|7.4|30.3|0.0|44.0|0.0|37.3|35.8|52.3|17.8|50.3|0.0|60.9|64.7
Dabrafenib|2|6.0|CC(C)(C)c1nc(-c2cccc(NS(=O)(=O)c3c(F)cccc3F)c2F)c(-c2ccnc(N)n2)s1|90|31.3|0.0|0.0|78.5|0.0|68.9|29.1|65.7|44.8|71.8|0.0|81.3|76.9
Dabrafenib|2|10.0|CC(C)(C)c1nc(-c2cccc(NS(=O)(=O)c3c(F)cccc3F)c2F)c(-c2ccnc(N)n2)s1|84|25.6|0.0|0.0|78.1|0.0|70.0|25.0|65.9|46.4|72.6|0.0|80.7|69.8
BYL719|1|0.2|Cc1nc(NC(=O)N2CCC[C@H]2C(N)=O)sc1-c1ccnc(C(C)(C)C(F)(F)F)c1|91|8.3|0.0|16.0|10.5|0.0|30.0|5.9|0.0|20.4|3.9|0.0|4.3|16.6
BYL719|1|2.0|Cc1nc(NC(=O)N2CCC[C@H]2C(N)=O)sc1-c1ccnc(C(C)(C)C(F)(F)F)c1|77|41.3|0.0|0.0|81.2|0.0|90.6|15.9|62.3|65.6|45.9|0.0|69.0|73.6
CEP-33779|1|2.0|CN1CCN(c2cccc(Nc3nc4c(-c5ccc(S(C)(=O)=O)cc5)cccn4n3)c2)CC1|103|9.5|70.7|0.0|0.0|49.2|0.0|37.2|0.0|0.0|0.0|65.7|0.0|0.0
CEP-33779|2|2.0|CN1CCN(c2cccc(Nc3nc4c(-c5ccc(S(C)(=O)=O)cc5)cccn4n3)c2)CC1|94|24.2|34.8|0.0|39.9|0.0|40.1|32.8|80.4|0.0|20.0|0.0|38.9|37.2
CP-673451|1|0.2|COCCOc1ccc2c(c1)ncn2-c1ccc2cccc(N3CCC(N)CC3)c2n1|106|5.9|46.6|0.0|0.0|20.7|0.0|47.2|15.7|0.0|0.0|32.0|0.0|0.0
CP-673451|1|2.0|COCCOc1ccc2c(c1)ncn2-c1ccc2cccc(N3CCC(N)CC3)c2n1|92|39.6|47.2|4.9|0.0|65.1|0.0|27.6|30.7|0.0|0.0|34.1|3.3|0.0
CP-673451|2|2.0|COCCOc1ccc2c(c1)ncn2-c1ccc2cccc(N3CCC(N)CC3)c2n1|91|37.5|55.1|0.0|0.0|60.1|0.0|31.5|23.0|0.0|0.0|25.2|6.9|6.9
PHA-767491|1|2.0|O=C1NCCc2[nH]c(-c3ccncc3)cc21|84|17.1|50.5|0.0|0.0|89.2|0.0|3.0|0.0|0.0|0.0|60.3|0.0|0.0
Varlitinib|1|2.0|C[C@@H]1COC(Nc2ccc3ncnc(Nc4ccc(OCc5nccs5)c(Cl)c4)c3c2)=N1|101|7.3|0.0|0.0|72.6|0.0|77.7|45.7|75.9|35.4|52.0|0.0|66.7|60.1
IMD-0354|1|2.0|O=C(Nc1cc(C(F)(F)F)cc(C(F)(F)F)c1)c1cc(Cl)ccc1O|93|28.0|10.8|0.0|71.2|0.0|67.9|35.3|52.6|44.9|63.8|0.0|64.2|90.3
IKK 16|1|2.0|O=C(c1ccc(Nc2nccc(-c3cc4ccccc4s3)n2)cc1)N1CCC(N2CCCC2)CC1|101|48.0|0.0|0.0|76.9|0.0|75.1|28.5|95.0|34.0|49.4|0.0|70.1|63.1
IKK 16|2|2.0|O=C(c1ccc(Nc2nccc(-c3cc4ccccc4s3)n2)cc1)N1CCC(N2CCCC2)CC1|94|34.0|11.7|0.0|65.4|0.0|67.6|34.7|83.3|19.6|45.2|0.0|60.0|59.6
BI-D1870|1|2.0|CC(C)CCN1c2nc(Nc3cc(F)c(O)c(F)c3)ncc2N(C)C(=O)C1C|100|5.2|0.0|0.0|68.3|0.0|68.3|31.6|60.6|44.2|45.2|0.0|66.6|54.5
BI-D1870|2|6.0|CC(C)CCN1c2nc(Nc3cc(F)c(O)c(F)c3)ncc2N(C)C(=O)C1C|85|17.6|27.0|50.9|0.0|67.0|0.0|22.5|0.0|0.0|0.0|55.6|0.0|0.0
BI-D1870|2|10.0|CC(C)CCN1c2nc(Nc3cc(F)c(O)c(F)c3)ncc2N(C)C(=O)C1C|63|16.9|0.0|76.0|0.0|44.0|0.0|35.3|0.0|0.0|0.0|34.1|0.0|0.0
ZM 306416|2|6.0|COc1cc2ncnc(Nc3ccc(Cl)cc3F)c2cc1OC|101|6.9|38.9|0.0|0.0|0.0|0.0|3.0|10.7|0.0|0.0|11.0|0.0|5.0
ZM 306416|2|10.0|COc1cc2ncnc(Nc3ccc(Cl)cc3F)c2cc1OC|107|9.5|36.1|0.0|21.6|0.0|16.4|32.6|42.8|0.0|2.3|0.0|24.1|20.8
PF-477736|1|0.2|Cn1cc(-c2[nH]c3cc(NC(=O)[C@H](N)C4CCCCC4)cc4c3c2C=NNC4=O)cn1|112|7.1|0.0|0.0|63.5|0.0|67.7|23.9|37.0|58.8|50.7|0.0|58.4|54.0
PF-477736|1|2.0|Cn1cc(-c2[nH]c3cc(NC(=O)[C@H](N)C4CCCCC4)cc4c3c2C=NNC4=O)cn1|79|57.2|0.0|0.0|79.2|0.0|74.4|37.3|69.8|53.7|61.7|0.0|80.7|69.8
Go 6983|1|2.0|COc1ccc2c(c1)c(C1=C(c3c[nH]c4ccccc34)C(=O)NC1=O)cn2CCCN(C)C|101|7.1|10.1|0.0|27.3|0.0|10.2|17.1|49.6|0.0|12.1|0.0|42.9|10.4
Go 6983|2|6.0|COc1ccc2c(c1)c(C1=C(c3c[nH]c4ccccc34)C(=O)NC1=O)cn2CCCN(C)C|96|42.8|0.0|0.0|33.6|4.0|23.9|21.3|70.7|0.0|4.6|0.0|51.5|6.8
Go 6983|2|10.0|COc1ccc2c(c1)c(C1=C(c3c[nH]c4ccccc34)C(=O)NC1=O)cn2CCCN(C)C|84|45.9|0.0|0.0|37.7|0.0|32.1|37.6|71.3|0.0|21.8|0.0|61.2|15.8
Go 6983|3|2.0|COc1ccc2c(c1)c(C1=C(c3c[nH]c4ccccc34)C(=O)NC1=O)cn2CCCN(C)C|101|15.0|0.0|1.6|24.8|21.3|3.8|0.0|45.0|0.0|0.0|0.0|45.1|0.0
PF-573228|1|0.2|CS(=O)(=O)c1cccc(CNc2nc(Nc3ccc4c(c3)CCC(=O)N4)ncc2C(F)(F)F)c1|108|5.5|35.3|0.0|34.6|0.0|56.1|43.5|34.5|15.6|55.7|0.0|19.7|62.4
PF-573228|1|2.0|CS(=O)(=O)c1cccc(CNc2nc(Nc3ccc4c(c3)CCC(=O)N4)ncc2C(F)(F)F)c1|95|9.2|53.7|0.0|8.9|39.5|17.2|50.0|46.3|0.0|9.8|13.6|15.1|31.9
PF-573228|2|2.0|CS(=O)(=O)c1cccc(CNc2nc(Nc3ccc4c(c3)CCC(=O)N4)ncc2C(F)(F)F)c1|92|14.3|70.0|0.0|5.1|25.9|17.3|42.5|35.3|0.0|16.9|7.9|7.3|45.2
PF-573228|2|6.0|CS(=O)(=O)c1cccc(CNc2nc(Nc3ccc4c(c3)CCC(=O)N4)ncc2C(F)(F)F)c1|69|18.8|1.6|76.6|0.0|46.3|0.0|34.4|0.0|0.0|0.0|44.5|0.0|0.0
PF-573228|2|10.0|CS(=O)(=O)c1cccc(CNc2nc(Nc3ccc4c(c3)CCC(=O)N4)ncc2C(F)(F)F)c1|69|26.6|20.7|64.4|0.0|48.8|0.0|52.6|0.0|0.0|0.0|51.3|0.0|0.0
Icotinib|1|2.0|C#Cc1cccc(Nc2ncnc3cc4c(cc23)OCCOCCOCCO4)c1|94|6.7|72.4|3.8|0.0|87.6|0.0|3.3|0.0|0.0|0.0|82.6|0.0|0.0
Icotinib|2|2.0|C#Cc1cccc(Nc2ncnc3cc4c(cc23)OCCOCCOCCO4)c1|97|6.6|76.7|0.0|0.0|77.9|0.0|3.9|0.0|0.0|0.0|70.4|0.0|0.0
Icotinib|2|6.0|C#Cc1cccc(Nc2ncnc3cc4c(cc23)OCCOCCOCCO4)c1|98|19.7|76.6|0.0|0.0|77.6|0.0|9.0|0.0|0.0|0.0|67.1|0.0|0.0
Icotinib|2|10.0|C#Cc1cccc(Nc2ncnc3cc4c(cc23)OCCOCCOCCO4)c1|109|23.3|75.2|0.0|0.0|73.8|0.0|20.0|0.0|0.0|0.0|66.3|0.0|0.0
TAK-715|1|2.0|CCc1nc(-c2cccc(C)c2)c(-c2ccnc(NC(=O)c3ccccc3)c2)s1|99|5.4|59.2|0.0|0.0|80.5|0.0|19.6|0.0|0.0|0.0|61.2|0.0|0.0
Pazopanib|1|2.0|Cc1ccc(Nc2nccc(N(C)c3ccc4c(C)n(C)nc4c3)n2)cc1S(N)(=O)=O|96|6.7|15.1|0.0|64.6|0.0|64.9|41.0|66.8|26.6|52.8|0.0|52.5|69.8
VE-821|1|2.0|CS(=O)(=O)c1ccc(-c2cnc(N)c(C(=O)Nc3ccccc3)n2)cc1|112|21.6|0.0|0.0|80.4|0.0|74.6|31.5|64.6|41.6|57.5|0.0|72.4|65.7
Linsitinib|2|2.0|C[C@]1(O)C[C@@H](c2nc(-c3ccc4ccc(-c5ccccc5)nc4c3)c3c(N)nccn32)C1|92|11.7|40.6|0.0|34.2|0.0|33.2|52.8|47.1|0.0|43.8|0.0|40.4|58.6
Linsitinib|2|6.0|C[C@]1(O)C[C@@H](c2nc(-c3ccc4ccc(-c5ccccc5)nc4c3)c3c(N)nccn32)C1|94|35.1|1.5|0.0|73.1|0.0|66.4|34.9|78.4|27.4|50.9|0.0|70.4|64.7
Linsitinib|2|10.0|C[C@]1(O)C[C@@H](c2nc(-c3ccc4ccc(-c5ccccc5)nc4c3)c3c(N)nccn32)C1|94|34.0|7.8|0.0|68.7|0.0|59.7|34.9|82.2|26.5|39.4|0.0|68.6|54.1
Agerafenib|2|30.0|COc1cc2ncnc(Oc3cccc(NC(=O)Nc4cc(C(C)(C)C(F)(F)F)on4)c3)c2cc1OC|62|63.0|0.0|0.0|78.8|0.0|77.7|38.2|57.8|57.5|58.8|0.0|75.4|68.8
ALK-IN-1|1|0.2|COc1cc(N2CCC(N(C)C)CC2)ccc1Nc1ncc(Cl)c(Nc2ccccc2P(C)(C)=O)n1|99|11.2|74.4|0.0|3.9|32.9|9.4|37.0|29.0|0.0|13.5|22.2|3.4|47.8
ALK-IN-1|1|2.0|COc1cc(N2CCC(N(C)C)CC2)ccc1Nc1ncc(Cl)c(Nc2ccccc2P(C)(C)=O)n1|83|30.2|81.7|0.0|0.0|41.0|0.0|21.0|15.4|0.0|0.0|39.2|1.4|38.7
ALK-IN-1|2|2.0|COc1cc(N2CCC(N(C)C)CC2)ccc1Nc1ncc(Cl)c(Nc2ccccc2P(C)(C)=O)n1|97|30.4|81.6|0.0|0.0|36.6|0.0|29.1|13.0|0.0|0.0|35.5|0.0|35.5
Capivasertib, AZD5363|1|2.0|NC1(C(=O)N[C@@H](CCO)c2ccc(Cl)cc2)CCN(c2ncnc3[nH]ccc23)CC1|88|22.6|88.4|0.0|0.0|67.9|0.0|24.6|0.0|0.0|0.0|52.7|0.0|27.7
Capivasertib, AZD5363|2|10.0|NC1(C(=O)N[C@@H](CCO)c2ccc(Cl)cc2)CCN(c2ncnc3[nH]ccc23)CC1|85|32.1|42.1|0.0|42.6|0.0|53.2|39.7|58.9|17.4|40.4|0.0|38.7|64.2
JNK-IN-8|1|2.0|Cc1cc(NC(=O)c2cccc(NC(=O)/C=C/CN(C)C)c2)ccc1Nc1nccc(-c2cccnc2)n1|99|40.8|0.0|0.0|67.9|0.0|68.0|42.4|77.2|23.5|44.8|0.0|62.2|49.7
JNK-IN-8|2|1.0|Cc1cc(NC(=O)c2cccc(NC(=O)/C=C/CN(C)C)c2)ccc1Nc1nccc(-c2cccnc2)n1|98|18.3|0.0|0.0|48.1|0.0|49.9|50.0|55.5|15.3|40.8|0.0|51.2|40.7
JNK-IN-8|2|3.0|Cc1cc(NC(=O)c2cccc(NC(=O)/C=C/CN(C)C)c2)ccc1Nc1nccc(-c2cccnc2)n1|94|69.4|0.0|0.0|76.1|0.0|76.2|27.9|92.2|34.3|58.5|0.0|74.3|52.6
GDC-0349|1|0.2|CCNC(=O)Nc1ccc(-c2nc3c(c(N4CCOC[C@@H]4C)n2)CCN(C2COC2)C3)cc1|95|20.6|93.7|0.0|0.0|77.7|0.0|16.7|0.0|0.0|0.0|72.7|0.0|7.7
GDC-0349|1|2.0|CCNC(=O)Nc1ccc(-c2nc3c(c(N4CCOC[C@@H]4C)n2)CCN(C2COC2)C3)cc1|90|45.3|95.9|0.0|0.0|57.5|0.0|32.4|0.0|0.0|0.0|60.4|0.0|24.7
PRT062607 (P505-15, BIIB057) HCl|1|2.0|NC(=O)c1cnc(N[C@@H]2CCCC[C@@H]2N)nc1Nc1cccc(-n2nccn2)c1|87|22.5|0.0|1.3|55.0|0.0|54.5|22.4|66.8|25.9|32.6|0.0|57.7|27.2
P276-00|1|2.0|CN1CC[C@@H](c2c(O)cc(O)c3c(=O)cc(-c4ccccc4Cl)oc23)[C@@H]1CO|61|45.3|10.7|0.0|46.8|0.0|43.1|17.9|57.7|33.0|16.0|0.0|53.5|46.0
PP1|1|2.0|Cc1ccc(-c2nn(C(C)(C)C)c3ncnc(N)c23)cc1|92|40.6|0.0|0.0|86.1|0.0|78.6|22.3|72.4|45.4|64.6|0.0|83.5|56.8
CGK733|2|6.0|O=C(NC(NC(=S)Nc1ccc(F)c([N+](=O)[O-])c1)C(Cl)(Cl)Cl)C(c1ccccc1)c1ccccc1|76|45.8|0.0|0.0|74.4|0.0|66.2|33.6|63.0|41.0|51.2|0.0|77.6|80.1
CGK733|2|10.0|O=C(NC(NC(=S)Nc1ccc(F)c([N+](=O)[O-])c1)C(Cl)(Cl)Cl)C(c1ccccc1)c1ccccc1|74|43.2|0.0|0.0|77.6|0.0|74.8|29.2|51.0|57.2|60.2|0.0|70.5|86.1
Ceritinib|1|2.0|Cc1cc(Nc2ncc(Cl)c(Nc3ccccc3S(=O)(=O)C(C)C)n2)c(OC(C)C)cc1C1CCNCC1|95|21.9|17.3|0.0|42.9|0.0|43.3|32.5|70.1|9.4|13.8|0.0|48.2|35.4
Ceritinib|2|2.0|Cc1cc(Nc2ncc(Cl)c(Nc3ccccc3S(=O)(=O)C(C)C)n2)c(OC(C)C)cc1C1CCNCC1|101|18.5|27.3|0.0|32.6|16.9|29.6|32.2|66.8|0.0|26.4|0.0|36.8|34.3
LY2835219|1|0.2|CCN1CCN(Cc2ccc(Nc3ncc(F)c(-c4cc(F)c5nc(C)n(C(C)C)c5c4)n3)nc2)CC1|96|25.7|57.9|0.0|0.0|85.9|0.0|0.0|0.0|0.0|0.0|64.5|0.0|0.0
LY2835219|1|2.0|CCN1CCN(Cc2ccc(Nc3ncc(F)c(-c4cc(F)c5nc(C)n(C(C)C)c5c4)n3)nc2)CC1|87|51.5|37.3|0.0|35.1|37.5|27.4|19.6|68.9|0.9|11.0|0.0|57.5|50.3
GZD824 (dimesylate)|1|0.2|Cc1ccc(C(=O)Nc2ccc(CN3CCN(C)CC3)c(C(F)(F)F)c2)cc1C#Cc1cnc2[nH]ncc2c1|89|45.8|0.0|0.0|65.6|0.0|66.7|48.6|63.9|39.9|46.7|0.0|74.7|43.1
GZD824 (dimesylate)|1|2.0|Cc1ccc(C(=O)Nc2ccc(CN3CCN(C)CC3)c(C(F)(F)F)c2)cc1C#Cc1cnc2[nH]ncc2c1|74|77.9|0.0|0.0|86.5|0.0|83.1|32.6|85.5|50.3|69.4|0.0|87.5|60.6
RKI-1447|1|2.0|O=C(NCc1cccc(O)c1)Nc1nc(-c2ccncc2)cs1|82|35.8|0.0|0.0|60.0|0.0|69.5|9.9|54.4|51.4|47.7|0.0|50.6|50.9
RKI-1447|2|2.0|O=C(NCc1cccc(O)c1)Nc1nc(-c2ccncc2)cs1|92|53.2|0.0|0.0|61.7|0.0|71.6|32.6|62.5|40.6|54.0|0.0|60.0|58.7
AZD3463|1|0.2|COc1cc(N2CCC(N)CC2)ccc1Nc1ncc(Cl)c(-c2c[nH]c3ccccc23)n1|114|11.6|72.7|0.0|0.0|23.2|2.1|47.4|20.2|0.0|7.6|27.3|0.0|36.4
AZD3463|1|2.0|COc1cc(N2CCC(N)CC2)ccc1Nc1ncc(Cl)c(-c2c[nH]c3ccccc23)n1|88|41.6|69.8|0.0|26.2|3.1|26.8|42.3|53.3|4.8|8.1|4.2|27.2|54.0
AZD3463|2|2.0|COc1cc(N2CCC(N)CC2)ccc1Nc1ncc(Cl)c(-c2c[nH]c3ccccc23)n1|89|53.0|85.0|0.0|0.0|31.3|0.0|54.0|28.4|0.0|8.8|30.8|2.5|43.5
Neflamapimod|1|2.0|O=c1ncn2nc(Sc3ccc(F)cc3F)ccc2c1-c1c(Cl)cccc1Cl|98|5.9|60.2|0.0|0.0|71.8|0.0|0.0|0.0|0.0|0.0|60.9|0.0|0.0
Neflamapimod|2|10.0|O=c1ncn2nc(Sc3ccc(F)cc3F)ccc2c1-c1c(Cl)cccc1Cl|93|7.4|43.9|0.0|16.9|43.3|11.8|21.5|43.8|0.0|14.8|7.1|31.0|46.2
Neflamapimod|2|30.0|O=c1ncn2nc(Sc3ccc(F)cc3F)ccc2c1-c1c(Cl)cccc1Cl|99|51.8|16.5|0.0|53.8|0.0|46.2|37.0|71.1|0.8|50.7|0.0|60.5|58.4
Neflamapimod|2|50.0|O=c1ncn2nc(Sc3ccc(F)cc3F)ccc2c1-c1c(Cl)cccc1Cl|85|47.8|18.9|0.0|54.6|0.0|46.7|45.3|62.4|9.5|54.6|0.0|63.5|64.0
Triciribine|1|2.0|CN1N=C(N)c2cn([C@@H]3O[C@H](CO)[C@@H](O)[C@H]3O)c3ncnc1c23|94|23.3|23.5|0.0|0.0|71.1|0.0|2.0|16.9|0.0|0.0|23.2|38.9|22.9
Triciribine|2|10.0|CN1N=C(N)c2cn([C@@H]3O[C@H](CO)[C@@H](O)[C@H]3O)c3ncnc1c23|84|29.2|0.0|0.0|51.1|15.1|43.8|0.0|60.7|16.1|46.8|0.0|66.6|57.6
Binimetinib|1|2.0|Cn1cnc2c(F)c(Nc3ccc(Br)cc3F)c(C(=O)NOCCO)cc21|101|7.6|51.9|15.8|0.0|76.9|0.0|10.2|0.0|0.0|0.0|76.5|0.0|0.0
GSK2334470|1|2.0|CNc1nc(-c2ccc3c(N)n[nH]c3c2)cc(N2C[C@@H](C(=O)NC3CCCCC3)CC[C@H]2C)n1|86|18.0|83.5|0.0|0.0|74.8|0.0|27.0|13.6|0.0|0.0|56.5|0.0|7.1
AZD2858|1|0.2|CN1CCN(S(=O)(=O)c2ccc(-c3cnc(N)c(C(=O)Nc4cccnc4)n3)cc2)CC1|103|7.4|0.0|0.0|69.5|0.0|60.9|3.2|46.2|53.2|40.6|0.0|70.0|44.4
AZD2858|1|2.0|CN1CCN(S(=O)(=O)c2ccc(-c3cnc(N)c(C(=O)Nc4cccnc4)n3)cc2)CC1|108|67.2|0.0|0.0|84.1|0.0|79.2|8.9|65.3|62.0|63.0|0.0|84.8|57.2
Ro 31-8220 (mesylate)|1|2.0|Cn1cc(C2=C(c3cn(CCCSC(=N)N)c4ccccc34)C(=O)NC2=O)c2ccccc21|67|44.4|26.5|0.0|17.0|22.6|6.3|19.3|34.2|11.9|0.0|5.8|39.5|26.7
Ro 31-8220 (mesylate)|2|1.0|Cn1cc(C2=C(c3cn(CCCSC(=N)N)c4ccccc34)C(=O)NC2=O)c2ccccc21|68|29.0|41.0|7.5|0.0|78.0|0.0|29.7|10.2|0.0|0.0|48.8|9.0|0.0
Ro 31-8220 (mesylate)|2|3.0|Cn1cc(C2=C(c3cn(CCCSC(=N)N)c4ccccc34)C(=O)NC2=O)c2ccccc21|52|54.6|41.7|11.2|0.0|42.0|0.0|42.3|29.5|0.0|7.2|15.8|28.9|18.6
ETP-46464|1|0.2|CC(C)(C#N)c1ccc(N2C(=O)OCc3cnc4ccc(-c5cnc6ccccc6c5)cc4c32)cc1|107|7.6|45.8|0.0|0.0|32.7|0.0|32.6|16.9|0.0|7.8|35.7|4.6|0.0
ETP-46464|1|2.0|CC(C)(C#N)c1ccc(N2C(=O)OCc3cnc4ccc(-c5cnc6ccccc6c5)cc4c32)cc1|86|42.3|80.7|0.0|13.0|13.3|13.4|35.2|41.7|0.2|13.4|15.2|12.1|51.5
EHop-016|1|2.0|CCn1c2ccccc2c2cc(Nc3ccnc(NCCCN4CCOCC4)n3)ccc21|101|61.5|0.0|0.0|72.3|0.0|72.2|14.9|95.9|32.5|33.7|0.0|66.4|39.3
EHop-016|2|2.0|CCn1c2ccccc2c2cc(Nc3ccnc(NCCCN4CCOCC4)n3)ccc21|95|30.1|0.0|0.0|71.6|0.0|71.4|16.1|90.3|28.5|38.9|0.0|65.3|40.3
Skepinone-L|1|0.2|O=C1c2ccc(Nc3ccc(F)cc3F)cc2CCc2ccc(OC[C@H](O)CO)cc21|104|9.7|70.3|0.0|0.0|78.7|0.0|2.3|0.0|0.0|0.0|58.0|0.0|2.6
Skepinone-L|1|2.0|O=C1c2ccc(Nc3ccc(F)cc3F)cc2CCc2ccc(OC[C@H](O)CO)cc21|98|9.0|52.9|2.4|0.0|79.6|0.0|13.5|0.0|0.0|0.0|58.8|0.0|0.0
BMS-345541|1|2.0|Cc1ccc2nc(NCCN)c3ncc(C)n3c2c1|90|15.9|40.5|35.1|0.0|89.2|0.0|17.4|0.0|0.0|0.0|83.7|0.0|0.0
XL019|1|2.0|O=C(Nc1ccc(-c2ccnc(Nc3ccc(N4CCOCC4)cc3)n2)cc1)[C@@H]1CCCN1|94|7.3|0.0|0.0|22.1|0.0|23.3|45.0|28.7|0.0|25.9|0.0|30.0|9.9
XL019|2|2.0|O=C(Nc1ccc(-c2ccnc(Nc3ccc(N4CCOCC4)cc3)n2)cc1)[C@@H]1CCCN1|111|5.2|0.0|0.0|29.4|0.0|28.4|8.8|23.1|21.2|22.7|0.0|19.0|9.6
TAK-632|1|2.0|N#Cc1c(Oc2ccc(F)c(NC(=O)Cc3cccc(C(F)(F)F)c3)c2)ccc2nc(NC(=O)C3CC3)sc12|94|20.7|65.7|0.0|0.0|66.4|0.0|45.9|0.0|0.0|0.0|80.9|0.0|0.0
TAK-632|2|2.0|N#Cc1c(Oc2ccc(F)c(NC(=O)Cc3cccc(C(F)(F)F)c3)c2)ccc2nc(NC(=O)C3CC3)sc12|93|16.1|47.2|0.0|0.0|2.0|0.0|42.3|0.0|0.0|0.0|51.8|0.0|0.0
Spebrutinib|1|2.0|C=CC(=O)Nc1cccc(Nc2nc(Nc3ccc(OCCOC)cc3)ncc2F)c1|101|5.0|26.9|0.0|48.9|0.0|45.4|54.6|50.8|12.7|39.7|0.0|48.3|62.7
Spebrutinib|2|2.0|C=CC(=O)Nc1cccc(Nc2nc(Nc3ccc(OCCOC)cc3)ncc2F)c1|97|12.4|57.7|0.0|18.3|0.0|15.5|61.9|21.1|0.0|39.8|0.0|25.6|57.8
Spebrutinib|2|6.0|C=CC(=O)Nc1cccc(Nc2nc(Nc3ccc(OCCOC)cc3)ncc2F)c1|70|48.4|0.0|0.0|72.8|0.0|61.3|27.6|60.0|46.2|44.3|0.0|76.3|54.7
Spebrutinib|2|10.0|C=CC(=O)Nc1cccc(Nc2nc(Nc3ccc(OCCOC)cc3)ncc2F)c1|56|70.6|0.0|8.3|74.1|0.0|75.9|21.4|57.9|59.3|48.1|0.0|79.6|33.0
WZ4003|2|3.0|CCC(=O)Nc1cccc(Oc2nc(Nc3ccc(N4CCN(C)CC4)cc3OC)ncc2Cl)c1|86|7.8|33.2|0.0|35.3|1.1|37.1|34.0|64.7|3.1|15.2|0.0|37.2|37.8
WZ4003|2|10.0|CCC(=O)Nc1cccc(Oc2nc(Nc3ccc(N4CCN(C)CC4)cc3OC)ncc2Cl)c1|90|75.3|0.0|0.0|75.5|0.0|71.4|18.3|89.3|30.3|50.0|0.0|75.0|60.8
AZ20|1|2.0|C[C@@H]1COCCN1c1cc(C2(S(C)(=O)=O)CC2)nc(-c2cccc3[nH]ccc23)n1|100|15.5|83.4|0.0|3.3|13.1|0.0|45.1|18.4|0.0|4.8|26.6|8.5|50.0
VE-822|1|0.2|CNCc1ccc(-c2cc(-c3nc(-c4ccc(S(=O)(=O)C(C)C)cc4)cnc3N)on2)cc1|105|7.4|0.0|0.0|72.2|0.0|72.6|9.9|60.2|58.2|50.5|0.0|56.1|57.7
VE-822|1|2.0|CNCc1ccc(-c2cc(-c3nc(-c4ccc(S(=O)(=O)C(C)C)cc4)cnc3N)on2)cc1|119|58.9|0.0|0.0|84.3|0.0|83.8|21.6|89.8|47.4|53.6|0.0|74.5|66.4
VE-822|2|0.2|CNCc1ccc(-c2cc(-c3nc(-c4ccc(S(=O)(=O)C(C)C)cc4)cnc3N)on2)cc1|109|46.1|0.0|0.0|85.4|0.0|84.6|29.7|86.2|45.7|62.1|0.0|77.8|68.6
VE-822|2|0.2|CNCc1ccc(-c2cc(-c3nc(-c4ccc(S(=O)(=O)C(C)C)cc4)cnc3N)on2)cc1|106|34.9|0.0|0.0|84.0|0.0|84.3|21.1|84.8|55.4|55.4|0.0|75.8|71.1
VE-822|2|0.6|CNCc1ccc(-c2cc(-c3nc(-c4ccc(S(=O)(=O)C(C)C)cc4)cnc3N)on2)cc1|115|60.8|0.0|0.0|81.2|0.0|81.7|22.7|91.5|43.6|55.4|0.0|73.6|61.6
VE-822|2|0.6|CNCc1ccc(-c2cc(-c3nc(-c4ccc(S(=O)(=O)C(C)C)cc4)cnc3N)on2)cc1|108|51.6|0.0|0.0|81.5|0.0|82.1|14.5|91.5|52.1|51.3|0.0|73.4|62.1
VE-822|2|2.0|CNCc1ccc(-c2cc(-c3nc(-c4ccc(S(=O)(=O)C(C)C)cc4)cnc3N)on2)cc1|110|69.1|0.0|0.0|81.4|0.0|82.8|19.3|87.2|43.8|53.1|0.0|74.7|63.2
MK-8745|1|2.0|O=C(c1cccc(Cl)c1F)N1CCN(Cc2cccc(Nc3nccs3)n2)CC1|89|5.2|0.0|60.2|5.3|17.5|4.0|24.2|11.7|0.0|4.5|0.0|33.9|0.0
MK-8745|2|2.0|O=C(c1cccc(Cl)c1F)N1CCN(Cc2cccc(Nc3nccs3)n2)CC1|84|10.5|0.0|53.5|0.0|40.1|0.0|7.9|1.6|0.0|0.0|3.6|33.6|0.0
-5 GNF|1|2.0|O=C(NCCO)c1cccc(-c2cc(Nc3ccc(OC(F)(F)F)cc3)ncn2)c1|94|9.2|0.0|0.0|58.0|0.0|62.4|0.0|58.7|34.4|27.8|0.0|47.6|57.3
KN-93 Phosphate|1|2.0|COc1ccc(S(=O)(=O)N(CCO)c2ccccc2CN(C)C/C=C/c2ccc(Cl)cc2)cc1|96|9.3|0.0|0.0|66.2|0.0|65.7|25.5|88.1|23.6|39.5|0.0|69.0|50.8
HS-173|1|2.0|CCOC(=O)c1cnc2ccc(-c3cncc(NS(=O)(=O)c4ccccc4)c3)cn12|83|20.9|0.0|12.6|58.2|0.0|58.2|6.6|57.8|63.6|23.2|0.0|80.8|25.7
Losmapimod|1|0.2|Cc1c(F)cc(C(=O)NC2CC2)cc1-c1ccc(C(=O)NCC(C)(C)C)cn1|99|7.9|32.5|0.0|34.0|27.6|32.3|20.0|49.7|13.4|23.8|0.0|47.7|59.7
Losmapimod|2|2.0|Cc1c(F)cc(C(=O)NC2CC2)cc1-c1ccc(C(=O)NCC(C)(C)C)cn1|95|11.6|60.6|0.0|0.0|82.8|0.0|16.9|0.0|0.0|0.0|61.7|0.0|0.0
Losmapimod|2|6.0|Cc1c(F)cc(C(=O)NC2CC2)cc1-c1ccc(C(=O)NCC(C)(C)C)cn1|83|7.3|62.7|0.0|0.0|72.7|0.0|30.6|11.7|0.0|0.0|51.0|0.0|6.5
Losmapimod|2|10.0|Cc1c(F)cc(C(=O)NC2CC2)cc1-c1ccc(C(=O)NCC(C)(C)C)cn1|97|24.7|61.1|0.0|0.0|61.3|0.0|0.0|0.0|0.0|0.0|60.9|0.0|0.0
LDC000067|2|10.0|COc1ccccc1-c1cc(Nc2cccc(CS(N)(=O)=O)c2)ncn1|65|26.3|20.4|0.0|3.6|38.7|4.3|30.4|43.2|0.0|0.0|23.6|22.8|0.0
XMD8-92|1|2.0|CCOc1cc(N2CCC(O)CC2)ccc1Nc1ncc2c(n1)N(C)c1ccccc1C(=O)N2C|101|10.4|0.0|0.0|84.3|0.0|74.1|2.0|76.8|49.6|45.7|0.0|78.1|56.2
XMD8-92|2|6.0|CCOc1cc(N2CCC(O)CC2)ccc1Nc1ncc2c(n1)N(C)c1ccccc1C(=O)N2C|91|38.5|0.0|0.0|74.5|0.0|70.5|24.4|64.5|37.8|55.5|0.0|70.6|42.8
XMD8-92|2|10.0|CCOc1cc(N2CCC(O)CC2)ccc1Nc1ncc2c(n1)N(C)c1ccccc1C(=O)N2C|91|51.5|0.0|0.0|63.1|0.0|62.2|26.3|65.2|28.7|45.4|0.0|64.0|35.1
CGI-1746|2|2.0|Cc1c(NC(=O)c2ccc(C(C)(C)C)cc2)cccc1-c1cn(C)c(=O)c(Nc2ccc(C(=O)N3CCOCC3)cc2)n1|93|5.4|49.6|0.0|0.0|58.2|0.0|52.3|0.0|0.0|0.0|69.2|0.0|0.0
CGI-1746|2|6.0|Cc1c(NC(=O)c2ccc(C(C)(C)C)cc2)cccc1-c1cn(C)c(=O)c(Nc2ccc(C(=O)N3CCOCC3)cc2)n1|95|29.4|70.0|0.0|0.0|59.7|0.0|48.3|0.0|0.0|0.0|70.0|0.0|0.0
CGI-1746|2|10.0|Cc1c(NC(=O)c2ccc(C(C)(C)C)cc2)cccc1-c1cn(C)c(=O)c(Nc2ccc(C(=O)N3CCOCC3)cc2)n1|89|29.5|72.1|0.0|0.0|47.2|0.0|51.2|3.3|0.0|0.0|59.1|0.0|0.0
PF-3758309|1|0.2|Cc1nc(Nc2n[nH]c3c2CN(C(=O)N[C@H](CN(C)C)c2ccccc2)C3(C)C)c2sccc2n1|92|34.7|66.5|0.0|0.0|71.9|0.0|0.0|0.0|0.0|0.0|62.2|0.0|0.0
PF-3758309|1|2.0|Cc1nc(Nc2n[nH]c3c2CN(C(=O)N[C@H](CN(C)C)c2ccccc2)C3(C)C)c2sccc2n1|78|43.4|39.3|0.0|0.0|69.3|0.0|0.0|18.8|0.0|0.0|39.3|9.0|0.0
GNE-7915|2|10.0|CCNc1nc(Nc2cc(F)c(C(=O)N3CCOCC3)cc2OC)ncc1C(F)(F)F|90|14.7|18.7|21.2|0.0|60.0|0.0|35.5|0.0|0.0|0.0|68.1|0.0|0.0
Zotarolimus(ABT-578)|1|0.2|CO[C@H]1C[C@@H]2CC[C@@H](C)[C@@](O)(O2)C(=O)C(=O)N2CCCC[C@H]2C(=O)O[C@H]([C@H](C)C[C@@H]2CC[C@H](n3cnnn3)[C@H](OC)C2)CC(=O)[C@H](C)/C=C(\C)[C@@H](O)[C@@H](OC)C(=O)[C@H](C)C[C@H](C)/C=C/C=C/C=C/1C|93|45.4|95.5|0.0|0.0|61.5|0.0|18.7|0.0|0.0|0.0|70.9|0.0|7.9
Zotarolimus(ABT-578)|1|2.0|CO[C@H]1C[C@@H]2CC[C@@H](C)[C@@](O)(O2)C(=O)C(=O)N2CCCC[C@H]2C(=O)O[C@H]([C@H](C)C[C@@H]2CC[C@H](n3cnnn3)[C@H](OC)C2)CC(=O)[C@H](C)/C=C(\C)[C@@H](O)[C@@H](OC)C(=O)[C@H](C)C[C@H](C)/C=C/C=C/C=C/1C|95|39.9|96.3|0.0|0.0|70.4|0.0|24.9|0.0|0.0|0.0|74.2|0.0|6.8
IM-12|1|2.0|Cc1[nH]c2ccccc2c1C1=C(NCCc2ccc(F)cc2)C(=O)N(C)C1=O|97|36.1|0.0|0.0|85.2|0.0|78.6|26.2|74.0|49.1|62.2|0.0|86.3|59.8
IM-12|2|2.0|Cc1[nH]c2ccccc2c1C1=C(NCCc2ccc(F)cc2)C(=O)N(C)C1=O|102|11.2|0.0|0.0|80.2|0.0|73.6|26.9|74.7|35.5|58.0|0.0|82.9|54.4
IM-12|2|6.0|Cc1[nH]c2ccccc2c1C1=C(NCCc2ccc(F)cc2)C(=O)N(C)C1=O|95|75.5|0.0|0.0|86.7|0.0|81.9|33.8|68.1|49.3|70.2|0.0|85.6|61.2
IM-12|2|10.0|Cc1[nH]c2ccccc2c1C1=C(NCCc2ccc(F)cc2)C(=O)N(C)C1=O|84|77.9|0.0|0.0|86.4|0.0|84.1|36.4|71.7|51.2|71.3|0.0|87.4|57.1
Afatinib (BIBW2992)|1|2.0|CN(C)C/C=C/C(=O)Nc1cc2c(Nc3ccc(F)c(Cl)c3)ncnc2cc1O[C@H]1CCOC1|98|7.4|7.9|0.0|43.7|0.0|31.7|10.7|61.9|14.7|27.4|0.0|45.9|25.6
Temsirolimus (CCI-779, NSC 683864)|1|0.2|CO[C@H]1C[C@@H]2CC[C@@H](C)[C@@](O)(O2)C(=O)C(=O)N2CCCC[C@H]2C(=O)O[C@H]([C@H](C)C[C@@H]2CC[C@@H](OC(=O)C(C)(CO)CO)[C@H](OC)C2)CC(=O)[C@H](C)/C=C(\C)[C@@H](O)[C@@H](OC)C(=O)[C@H](C)C[C@H](C)/C=C/C=C/C=C/1C|98|57.5|91.8|0.0|0.0|59.0|0.0|11.2|0.0|0.0|0.0|70.7|0.0|2.1
Temsirolimus (CCI-779, NSC 683864)|1|2.0|CO[C@H]1C[C@@H]2CC[C@@H](C)[C@@](O)(O2)C(=O)C(=O)N2CCCC[C@H]2C(=O)O[C@H]([C@H](C)C[C@@H]2CC[C@@H](OC(=O)C(C)(CO)CO)[C@H](OC)C2)CC(=O)[C@H](C)/C=C(\C)[C@@H](O)[C@@H](OC)C(=O)[C@H](C)C[C@H](C)/C=C/C=C/C=C/1C|94|35.1|96.5|0.0|0.0|64.1|0.0|35.3|0.0|0.0|0.0|65.2|0.0|21.7
NMS-1286937|1|2.0|CN1CCN(c2ccc(OC(F)(F)F)c(Nc3ncc4c(n3)-c3c(c(C(N)=O)nn3CCO)CC4)c2)CC1|52|50.3|0.0|71.7|19.1|0.0|34.7|12.4|14.0|32.1|29.1|0.0|33.3|0.0
NMS-1286937|2|0.2|CN1CCN(c2ccc(OC(F)(F)F)c(Nc3ncc4c(n3)-c3c(c(C(N)=O)nn3CCO)CC4)c2)CC1|56|60.8|0.0|52.3|49.3|0.0|58.7|14.4|45.4|43.2|44.5|0.0|70.4|15.1
NMS-1286937|2|0.2|CN1CCN(c2ccc(OC(F)(F)F)c(Nc3ncc4c(n3)-c3c(c(C(N)=O)nn3CCO)CC4)c2)CC1|59|64.9|0.0|46.5|56.0|0.0|64.1|15.0|49.6|47.8|48.9|0.0|76.1|17.1
NMS-1286937|2|0.6|CN1CCN(c2ccc(OC(F)(F)F)c(Nc3ncc4c(n3)-c3c(c(C(N)=O)nn3CCO)CC4)c2)CC1|50|70.3|0.0|50.2|46.9|0.0|53.5|13.7|44.0|38.9|44.2|0.0|65.7|11.4
VS-5584|1|0.2|Cc1nc2c(-c3cnc(N)nc3)nc(N3CCOCC3)nc2n1C(C)C|100|36.4|96.0|0.0|0.0|71.5|0.0|29.9|0.0|0.0|0.0|69.5|0.0|13.3
VS-5584|1|2.0|Cc1nc2c(-c3cnc(N)nc3)nc(N3CCOCC3)nc2n1C(C)C|84|44.6|91.5|0.0|0.0|39.5|0.0|23.1|0.0|0.0|0.0|50.0|0.0|32.5
VS-5584|2|2.0|Cc1nc2c(-c3cnc(N)nc3)nc(N3CCOCC3)nc2n1C(C)C|85|58.2|88.1|0.0|0.0|42.1|0.0|17.6|0.0|0.0|0.0|53.7|0.0|23.6
Bisindolylmaleimide I|1|2.0|CN(C)CCCn1cc(C2=C(c3c[nH]c4ccccc34)C(=O)NC2=O)c2ccccc21|100|18.1|18.7|0.0|22.8|24.7|10.4|17.7|57.5|0.0|2.7|0.0|39.8|11.4
Bisindolylmaleimide I|2|2.0|CN(C)CCCn1cc(C2=C(c3c[nH]c4ccccc34)C(=O)NC2=O)c2ccccc21|101|12.8|44.7|0.0|0.0|47.9|0.0|19.3|20.2|0.0|0.0|25.0|0.8|0.0
Ro3280|1|0.2|COc1cc(C(=O)NC2CCN(C)CC2)ccc1Nc1ncc2c(n1)N(C1CCCC1)CC(F)(F)C(=O)N2C|55|53.5|0.0|30.1|60.6|0.0|73.9|20.3|49.5|58.5|50.7|0.0|70.6|21.6
Ro3280|1|2.0|COc1cc(C(=O)NC2CCN(C)CC2)ccc1Nc1ncc2c(n1)N(C1CCCC1)CC(F)(F)C(=O)N2C|59|83.2|0.0|4.6|81.2|0.0|87.7|14.2|75.4|60.6|62.0|0.0|79.5|39.2
Selumetinib|2|6.0|Cn1cnc2c(F)c(Nc3ccc(Br)cc3Cl)c(C(=O)NOCCO)cc21|98|20.2|65.9|0.0|0.0|80.7|0.0|21.1|0.0|0.0|0.0|76.7|0.0|0.0
Selumetinib|2|10.0|Cn1cnc2c(F)c(Nc3ccc(Br)cc3Cl)c(C(=O)NOCCO)cc21|104|12.3|57.8|13.2|0.0|74.3|0.0|19.4|0.0|0.0|0.0|83.0|0.0|0.0
PD0325901|1|0.2|O=C(NOC[C@H](O)CO)c1ccc(F)c(F)c1Nc1ccc(I)cc1F|103|14.2|46.1|9.4|0.0|53.1|0.0|0.0|0.0|0.0|0.0|69.4|0.0|0.0
PD0325901|1|2.0|O=C(NOC[C@H](O)CO)c1ccc(F)c(F)c1Nc1ccc(I)cc1F|99|18.1|62.4|3.7|0.0|86.5|0.0|3.3|0.0|0.0|0.0|85.8|0.0|0.0
GSK1904529A|1|0.2|CCc1cc(Nc2nccc(-c3c(-c4ccc(OC)c(C(=O)Nc5c(F)cccc5F)c4)nc4ccccn34)n2)c(OC)cc1N1CCC(N2CCN(S(C)(=O)=O)CC2)CC1|97|8.8|0.0|1.9|30.2|0.0|32.4|36.5|42.0|10.8|22.8|0.0|40.7|2.9
GSK1904529A|1|2.0|CCc1cc(Nc2nccc(-c3c(-c4ccc(OC)c(C(=O)Nc5c(F)cccc5F)c4)nc4ccccn34)n2)c(OC)cc1N1CCC(N2CCN(S(C)(=O)=O)CC2)CC1|101|26.4|0.0|0.0|56.4|0.0|57.3|21.9|73.0|24.5|28.0|0.0|55.3|18.3
CHIR-99021 (CT99021) HCl|1|2.0|Cc1c[nH]c(-c2cnc(NCCNc3ccc(C#N)cn3)nc2-c2ccc(Cl)cc2Cl)n1|100|35.9|0.0|0.0|75.7|0.0|66.6|6.5|65.3|46.6|57.6|0.0|82.3|49.0
PD318088|1|2.0|O=C(NOCC(O)CO)c1cc(Br)c(F)c(F)c1Nc1ccc(I)cc1F|100|9.7|58.8|14.3|0.0|80.6|0.0|6.9|0.0|0.0|0.0|77.4|0.0|0.0
AZD8330|1|0.2|Cc1cc(C(=O)NOCCO)c(Nc2ccc(I)cc2F)n(C)c1=O|100|13.5|69.5|1.1|0.0|85.8|0.0|9.1|0.0|0.0|0.0|78.4|0.0|0.0
AZD8330|1|2.0|Cc1cc(C(=O)NOCCO)c(Nc2ccc(I)cc2F)n(C)c1=O|98|18.8|50.6|9.5|0.0|80.2|0.0|10.8|0.0|0.0|0.0|84.2|0.0|0.0
Fostamatinib|1|2.0|COc1cc(Nc2ncc(F)c(Nc3ccc4c(n3)N(COP(=O)(O)O)C(=O)C(C)(C)O4)n2)cc(OC)c1OC|101|19.9|31.4|0.0|31.6|0.0|38.7|22.8|26.0|25.6|24.2|0.0|9.9|39.3
Fostamatinib|2|2.0|COc1cc(Nc2ncc(F)c(Nc3ccc4c(n3)N(COP(=O)(O)O)C(=O)C(C)(C)O4)n2)cc(OC)c1OC|102|35.2|16.0|0.0|61.1|0.0|63.3|48.2|55.2|21.5|55.7|0.0|50.1|63.6
CHIR-124|1|0.2|O=c1[nH]c2ccc(Cl)cc2c(N[C@@H]2CN3CCC2CC3)c1-c1nc2ccccc2[nH]1|95|23.3|53.2|0.0|22.2|8.8|24.8|48.1|40.4|0.0|37.0|0.0|38.7|55.5
CHIR-124|1|2.0|O=c1[nH]c2ccc(Cl)cc2c(N[C@@H]2CN3CCC2CC3)c1-c1nc2ccccc2[nH]1|77|38.2|85.4|0.0|0.0|70.8|0.0|40.2|0.0|0.0|0.0|63.8|0.0|5.9
KU-57788|1|2.0|O=c1cc(N2CCOCC2)oc2c(-c3cccc4c3sc3ccccc34)cccc12|94|25.6|0.0|0.0|80.2|0.0|75.2|8.0|88.1|34.2|52.5|0.0|72.1|64.2
Sotrastaurin|2|2.0|CN1CCN(c2nc(C3=C(c4c[nH]c5ccccc45)C(=O)NC3=O)c3ccccc3n2)CC1|109|7.4|27.1|18.7|0.0|65.0|0.0|1.6|0.0|0.0|0.0|62.7|0.0|0.0
Torin 2|1|0.2|Nc1ccc(-c2ccc3ncc4ccc(=O)n(-c5cccc(C(F)(F)F)c5)c4c3c2)cn1|92|33.7|67.9|0.0|26.7|0.0|20.8|18.2|38.0|9.7|17.7|0.6|20.5|63.4
Torin 2|1|2.0|Nc1ccc(-c2ccc3ncc4ccc(=O)n(-c5cccc(C(F)(F)F)c5)c4c3c2)cn1|84|57.7|38.4|0.0|61.9|0.0|60.8|24.8|71.6|30.7|42.6|0.0|53.1|67.4
-2006,00 CNX|1|2.0|C=CC(=O)Nc1cccc(Nc2nc(Nc3ccc(NC4CN(CCF)C4)cc3OC)ncc2C(F)(F)F)c1|101|14.3|74.6|0.0|0.0|59.9|0.0|31.4|21.9|0.0|0.0|50.9|0.0|0.2
-2006,00 CNX|2|2.0|C=CC(=O)Nc1cccc(Nc2nc(Nc3ccc(NC4CN(CCF)C4)cc3OC)ncc2C(F)(F)F)c1|89|27.8|85.8|0.0|0.0|64.7|0.0|49.2|8.7|0.0|0.0|48.8|0.0|24.9
Bardoxolone Methyl|1|2.0|COC(=O)[C@]12CCC(C)(C)C[C@H]1[C@H]1C(=O)C=C3[C@@](C)(CC[C@H]4C(C)(C)C(=O)C(C#N)=C[C@]34C)[C@]1(C)CC2|61|54.1|0.0|0.0|82.6|0.0|85.7|22.6|60.7|76.6|60.0|0.0|81.0|70.7
Rociletinib|1|2.0|C=CC(=O)Nc1cccc(Nc2nc(Nc3ccc(N4CCN(C(C)=O)CC4)cc3OC)ncc2C(F)(F)F)c1|103|9.2|81.5|0.0|0.0|38.0|0.0|39.3|0.0|0.0|0.0|56.4|0.0|10.2
Osimertinib|1|2.0|C=CC(=O)Nc1cc(Nc2nccc(-c3cn(C)c4ccccc34)n2)c(OC)cc1N(C)CCN(C)C|95|32.6|24.9|0.0|42.6|4.4|49.3|43.4|81.5|5.6|11.5|0.0|46.2|42.5
Osimertinib|2|2.0|C=CC(=O)Nc1cc(Nc2nccc(-c3cn(C)c4ccccc34)n2)c(OC)cc1N(C)CCN(C)C|94|9.3|54.9|0.0|0.0|54.0|0.0|43.5|40.4|0.0|0.0|31.8|8.7|13.8
KN-62|1|2.0|CN([C@@H](Cc1ccc(OS(=O)(=O)c2cccc3cnccc23)cc1)C(=O)N1CCN(c2ccccc2)CC1)S(=O)(=O)c1cccc2cnccc12|94|40.8|0.0|0.0|69.9|0.0|71.7|23.6|92.9|27.8|40.3|0.0|65.2|40.2
CX-6258 HCl|1|0.2|CN1CCCN(C(=O)c2cccc(-c3ccc(/C=C4/C(=O)Nc5ccc(Cl)cc54)o3)c2)CC1|92|5.5|16.6|51.7|0.0|82.8|0.0|0.0|0.0|0.0|0.0|66.2|0.0|0.0
CX-6258 HCl|1|2.0|CN1CCCN(C(=O)c2cccc(-c3ccc(/C=C4/C(=O)Nc5ccc(Cl)cc54)o3)c2)CC1|64|47.7|12.1|37.9|0.0|67.3|0.1|26.0|35.9|0.0|0.0|23.9|13.1|0.0
"Refametinib (RDEA119, Bay ;86-9766)"|1|2.0|COc1cc(F)c(F)c(Nc2ccc(I)cc2F)c1NS(=O)(=O)C1(C[C@H](O)CO)CC1|101|12.6|45.8|17.4|0.0|77.2|0.0|8.1|0.0|0.0|0.0|82.2|0.0|0.0
WH-4-023|1|0.2|COc1ccc(N(C(=O)Oc2c(C)cccc2C)c2ccnc(Nc3ccc(N4CCN(C)CC4)cc3)n2)c(OC)c1|101|6.4|69.5|0.0|0.0|63.3|0.0|17.5|0.0|0.0|0.0|58.8|0.0|0.0
Ruxolitinib (INCB018424)|1|2.0|N#CC[C@H](C1CCCC1)n1cc(-c2ncnc3[nH]ccc23)cn1|104|5.5|75.2|0.0|0.0|72.3|0.0|12.4|0.0|0.0|0.0|78.4|0.0|0.0
Aumitin|1|3.0|Cc1cc(Nc2ccccc2)nc(Nc2ccc(NC(=O)c3ccccc3Cl)cc2)n1|91|17.8|0.0|0.0|66.8|0.0|66.6|36.7|82.4|21.7|47.7|0.0|69.1|53.8
Aumitin|1|10.0|Cc1cc(Nc2ccccc2)nc(Nc2ccc(NC(=O)c3ccccc3Cl)cc2)n1|99|69.8|0.0|0.0|82.8|0.0|79.0|25.0|88.2|35.9|52.2|0.0|77.3|68.4
Aumitin|1|10.0|Cc1cc(Nc2ccccc2)nc(Nc2ccc(NC(=O)c3ccccc3Cl)cc2)n1|84|66.3|0.0|0.0|80.2|0.0|78.9|19.7|92.2|34.6|46.7|0.0|70.0|53.0
Aumitin|1|30.0|Cc1cc(Nc2ccccc2)nc(Nc2ccc(NC(=O)c3ccccc3Cl)cc2)n1|54|75.1|0.0|0.0|86.4|0.0|88.4|18.5|86.2|50.4|57.5|0.0|77.5|72.9
Aumitin|1|50.0|Cc1cc(Nc2ccccc2)nc(Nc2ccc(NC(=O)c3ccccc3Cl)cc2)n1|54|78.6|0.0|0.0|88.0|0.0|90.2|18.4|74.8|60.6|58.5|0.0|81.2|76.0
Idelalisib|1|10.0|CC[C@H](Nc1ncnc2[nH]cnc12)c1nc2cccc(F)c2c(=O)n1-c1ccccc1|85|5.7|34.5|0.0|13.2|0.0|11.3|48.3|36.8|0.0|5.9|7.6|22.2|17.8
Idelalisib|1|10.0|CC[C@H](Nc1ncnc2[nH]cnc12)c1nc2cccc(F)c2c(=O)n1-c1ccccc1|100|8.3|76.0|0.0|0.0|49.2|0.0|35.4|7.6|0.0|3.9|41.8|0.0|21.8
Ipatasertib|1|10.0|CC(C)NC[C@@H](C(=O)N1CCN(c2ncnc3c2[C@H](C)C[C@H]3O)CC1)c1ccc(Cl)cc1|96|31.4|58.5|0.0|10.0|49.1|9.7|30.8|53.7|0.0|0.0|21.3|23.7|30.2
Ipatasertib|1|10.0|CC(C)NC[C@@H](C(=O)N1CCN(c2ncnc3c2[C@H](C)C[C@H]3O)CC1)c1ccc(Cl)cc1|89|25.2|87.7|0.0|0.0|75.2|0.0|31.8|19.2|0.0|0.0|55.9|0.0|19.9
Ipatasertib|2|2.0|CC(C)NC[C@@H](C(=O)N1CCN(c2ncnc3c2[C@H](C)C[C@H]3O)CC1)c1ccc(Cl)cc1|93|20.9|86.6|0.0|0.0|80.3|0.0|35.1|0.0|0.0|0.0|63.8|0.0|13.8
Ipatasertib|3|10.0|CC(C)NC[C@@H](C(=O)N1CCN(c2ncnc3c2[C@H](C)C[C@H]3O)CC1)c1ccc(Cl)cc1|89|23.0|59.9|0.0|29.0|28.8|26.3|31.5|66.3|0.0|17.9|0.2|36.0|49.6
BX-795 hydrochloride|1|10.0|O=C(NCCCNc1nc(Nc2cccc(NC(=O)N3CCCC3)c2)ncc1I)c1cccs1|51|22.6|12.8|75.8|0.0|54.5|0.0|31.4|0.0|0.0|0.0|48.2|0.0|0.0
BX-795 hydrochloride|1|10.0|O=C(NCCCNc1nc(Nc2cccc(NC(=O)N3CCCC3)c2)ncc1I)c1cccs1|58|19.3|10.2|77.8|0.0|45.9|0.0|39.8|0.0|0.0|0.0|44.1|0.0|0.0
GSK2334470|1|1.0|CNc1nc(-c2ccc3c(N)n[nH]c3c2)cc(N2C[C@@H](C(=O)NC3CCCCC3)CC[C@H]2C)n1|100|21.6|85.7|0.0|0.0|63.2|0.0|31.1|0.0|0.0|0.0|67.9|0.0|0.0
GSK2334470|1|3.0|CNc1nc(-c2ccc3c(N)n[nH]c3c2)cc(N2C[C@@H](C(=O)NC3CCCCC3)CC[C@H]2C)n1|86|32.8|84.0|0.0|0.0|71.2|0.0|40.5|0.0|0.0|0.0|69.1|0.0|0.0
GSK2334470|1|10.0|CNc1nc(-c2ccc3c(N)n[nH]c3c2)cc(N2C[C@@H](C(=O)NC3CCCCC3)CC[C@H]2C)n1|84|40.1|38.0|0.0|32.9|0.0|26.2|43.2|55.2|8.6|20.2|0.0|48.2|44.4
GSK2334470|1|10.0|CNc1nc(-c2ccc3c(N)n[nH]c3c2)cc(N2C[C@@H](C(=O)NC3CCCCC3)CC[C@H]2C)n1|84|43.4|62.8|0.0|14.7|28.6|6.2|43.2|53.1|0.0|4.9|16.5|34.7|36.9
Alpelisib|1|10.0|Cc1nc(NC(=O)N2CCC[C@H]2C(N)=O)sc1-c1ccnc(C(C)(C)C(F)(F)F)c1|94|18.1|67.1|0.0|22.5|20.7|19.3|16.2|47.2|0.0|12.1|5.4|24.5|61.0
Alpelisib|1|10.0|Cc1nc(NC(=O)N2CCC[C@H]2C(N)=O)sc1-c1ccnc(C(C)(C)C(F)(F)F)c1|90|21.4|58.3|0.0|35.4|17.7|26.5|17.4|58.2|0.0|36.9|0.0|40.4|67.1
BAY 80-6946, Copanlisib|1|1.0|COc1c(OCCCN2CCOCC2)ccc2c1N=C(NC(=O)c1cnc(N)nc1)N1CCN=C21|93|25.6|89.9|0.0|0.0|61.5|0.0|37.3|2.8|0.0|0.0|54.1|0.0|21.5
BAY 80-6946, Copanlisib|1|3.0|COc1c(OCCCN2CCOCC2)ccc2c1N=C(NC(=O)c1cnc(N)nc1)N1CCN=C21|84|51.5|93.5|0.0|0.0|69.2|0.0|16.3|0.0|0.0|0.0|62.6|0.0|12.9
BAY 80-6946, Copanlisib|1|10.0|COc1c(OCCCN2CCOCC2)ccc2c1N=C(NC(=O)c1cnc(N)nc1)N1CCN=C21|82|47.5|81.8|0.0|0.0|61.8|0.0|17.5|12.0|0.0|0.0|55.0|0.0|12.2
BAY 80-6946, Copanlisib|1|10.0|COc1c(OCCCN2CCOCC2)ccc2c1N=C(NC(=O)c1cnc(N)nc1)N1CCN=C21|86|47.0|93.6|0.0|0.0|70.9|0.0|18.3|4.1|0.0|0.0|59.4|0.0|16.0
Darglitazone|1|9.5|Cc1oc(-c2ccccc2)nc1CCC(=O)c1ccc(CC2SC(=O)NC2=O)cc1|103|5.2|6.1|0.0|0.0|0.0|0.0|0.0|0.0|27.6|0.0|10.9|0.0|0.0
Pilaralisib|1|10.0|COc1ccc(Cl)c(Nc2nc3ccccc3nc2NS(=O)(=O)c2cccc(NC(=O)C(C)(C)N)c2)c1|102|6.4|54.2|0.0|22.5|0.0|21.6|5.9|33.4|14.4|4.6|0.0|2.8|44.5
Pilaralisib|1|10.0|COc1ccc(Cl)c(Nc2nc3ccccc3nc2NS(=O)(=O)c2cccc(NC(=O)C(C)(C)N)c2)c1|95|21.2|40.0|0.0|47.4|0.0|46.0|36.6|66.9|7.8|24.4|0.0|49.2|59.6
Vps34-IN-1|1|1.0|CC(C)(O)CNc1ncc(-c2ccnc(Nc3ccnc(Cl)c3)n2)c(CC2CC2)n1|88|21.9|0.0|0.0|77.4|0.0|76.4|16.8|83.5|39.1|59.7|0.0|76.1|71.4
Vps34-IN-1|1|3.0|CC(C)(O)CNc1ncc(-c2ccnc(Nc3ccnc(Cl)c3)n2)c(CC2CC2)n1|98|66.8|0.0|0.0|80.3|0.0|79.4|12.0|91.6|37.3|62.1|0.0|74.8|59.8
Vps34-IN-1|1|10.0|CC(C)(O)CNc1ncc(-c2ccnc(Nc3ccnc(Cl)c3)n2)c(CC2CC2)n1|87|84.1|0.0|0.0|83.2|0.0|78.9|17.7|86.4|39.0|61.6|0.0|83.6|64.1
Vps34-IN-1|2|2.0|CC(C)(O)CNc1ncc(-c2ccnc(Nc3ccnc(Cl)c3)n2)c(CC2CC2)n1|98|44.9|0.0|0.0|78.1|0.0|75.1|8.2|87.3|28.7|55.3|0.0|71.5|58.8
Autoquin|1|1.0|C=CC1CN2CCC1CC2[C@@H](O)c1cc(-c2ccc(F)cc2)nc2ccc(OC)cc12|93|13.1|0.0|0.0|41.2|0.0|44.4|40.1|51.1|12.8|47.7|0.0|49.5|22.9
Autoquin|1|3.0|C=CC1CN2CCC1CC2[C@@H](O)c1cc(-c2ccc(F)cc2)nc2ccc(OC)cc12|99|25.7|0.0|0.0|68.4|0.0|68.3|23.8|77.4|29.5|55.7|0.0|65.8|35.6
Autoquin|1|10.0|C=CC1CN2CCC1CC2[C@@H](O)c1cc(-c2ccc(F)cc2)nc2ccc(OC)cc12|105|78.9|0.0|0.0|83.8|0.0|80.4|17.4|92.9|38.3|57.8|0.0|74.6|65.6
Cdk/Crk Inhibitor, RGB-286147, Cdk7 Inhibitor IV|1|10.0|CC(C)c1nn(-c2c(Cl)cccc2Cl)c2nc(Cc3ccc(OCCO)cc3)nc(O)c12|54|43.4|16.1|39.0|0.0|42.8|0.0|16.9|0.0|0.0|0.0|56.6|0.0|0.0
Cdk/Crk Inhibitor, RGB-286147, Cdk7 Inhibitor IV|1|10.0|CC(C)c1nn(-c2c(Cl)cccc2Cl)c2nc(Cc3ccc(OCCO)cc3)nc(O)c12|50|47.3|24.8|44.2|0.0|67.0|0.0|21.2|0.0|0.0|0.0|62.4|0.0|0.0
HTH-01-015|1|1.0|Cc1nc(Nc2cnn(C3CCNCC3)c2)nc2c1N(C)C(=O)c1cc3ccccc3cc1N2C|96|33.2|0.0|0.0|60.5|0.0|51.0|25.3|65.4|27.0|47.9|0.0|79.6|47.5
HTH-01-015|1|3.0|Cc1nc(Nc2cnn(C3CCNCC3)c2)nc2c1N(C)C(=O)c1cc3ccccc3cc1N2C|68|62.2|0.0|77.0|15.1|0.0|20.0|20.0|26.2|13.2|29.4|0.0|47.2|0.0
HTH-01-015|1|10.0|Cc1nc(Nc2cnn(C3CCNCC3)c2)nc2c1N(C)C(=O)c1cc3ccccc3cc1N2C|65|82.2|0.0|9.6|63.6|0.0|66.3|17.2|80.2|29.4|50.2|0.0|71.0|27.6
HTH-01-015|1|10.0|Cc1nc(Nc2cnn(C3CCNCC3)c2)nc2c1N(C)C(=O)c1cc3ccccc3cc1N2C|70|74.4|0.0|22.7|64.7|0.0|69.4|16.6|81.6|34.4|44.4|0.0|70.2|16.6
HTH-01-015|2|2.0|Cc1nc(Nc2cnn(C3CCNCC3)c2)nc2c1N(C)C(=O)c1cc3ccccc3cc1N2C|90|22.6|0.0|0.0|54.3|0.0|46.5|17.4|69.5|25.7|22.9|0.0|78.2|28.3
HTH-01-015|3|2.0|Cc1nc(Nc2cnn(C3CCNCC3)c2)nc2c1N(C)C(=O)c1cc3ccccc3cc1N2C|102|53.5|0.0|0.0|82.2|0.0|74.9|9.9|87.8|39.8|51.5|0.0|82.0|42.2
AZ191|1|3.0|COc1cc(N2CCN(C)CC2)ccc1Nc1nccc(-c2cn(C)c3cnccc23)n1|104|37.8|30.3|0.0|31.8|12.8|39.3|23.6|74.5|0.0|11.6|0.0|30.9|27.6
AZ191|1|10.0|COc1cc(N2CCN(C)CC2)ccc1Nc1nccc(-c2cn(C)c3cnccc23)n1|76|71.0|0.0|0.0|59.7|0.0|58.1|17.9|84.4|18.7|39.2|0.0|65.7|46.2
AZ191|1|10.0|COc1cc(N2CCN(C)CC2)ccc1Nc1nccc(-c2cn(C)c3cnccc23)n1|80|69.6|3.2|0.0|56.2|0.0|56.1|20.1|86.2|14.1|29.1|0.0|60.7|42.6
AZ191|2|2.0|COc1cc(N2CCN(C)CC2)ccc1Nc1nccc(-c2cn(C)c3cnccc23)n1|103|9.7|60.3|0.0|0.0|37.9|0.0|24.1|29.0|0.0|0.0|22.6|0.0|9.4
AZ191|2|6.0|COc1cc(N2CCN(C)CC2)ccc1Nc1nccc(-c2cn(C)c3cnccc23)n1|94|50.1|10.3|0.0|52.0|0.0|53.8|19.9|85.8|10.3|25.6|0.0|54.2|42.4
AZ191|2|10.0|COc1cc(N2CCN(C)CC2)ccc1Nc1nccc(-c2cn(C)c3cnccc23)n1|87|68.2|0.1|0.0|61.6|0.0|61.4|22.1|86.8|19.9|38.8|0.0|62.9|45.0
Golvatinib (E7050)|1|3.0|CN1CCN(C2CCN(C(=O)Nc3ccc(Oc4ccc(NC(=O)C5(C(=O)Nc6ccc(F)cc6)CC5)c(F)c4)cn3)CC2)CC1|99|32.6|23.1|0.0|51.2|0.0|49.6|25.8|81.3|3.8|45.5|0.0|54.0|48.0
Golvatinib (E7050)|1|10.0|CN1CCN(C2CCN(C(=O)Nc3ccc(Oc4ccc(NC(=O)C5(C(=O)Nc6ccc(F)cc6)CC5)c(F)c4)cn3)CC2)CC1|81|78.6|0.0|0.0|72.3|0.0|68.4|23.6|87.7|22.8|53.7|0.0|73.9|56.6
Myxothiazol|1|10.0|CO/C(=C\C(N)=O)[C@H](C)[C@H](/C=C/c1csc(-c2csc([C@@H](C)/C=C/C=C/C(C)C)n2)n1)OC|73|45.9|62.8|0.0|0.0|82.5|0.0|26.1|0.0|0.0|0.0|93.8|0.0|0.0
Myxothiazol|2|10.0|CO/C(=C\C(N)=O)[C@H](C)[C@H](/C=C/c1csc(-c2csc([C@@H](C)/C=C/C=C/C(C)C)n2)n1)OC|83|19.5|66.0|0.0|0.0|66.6|0.0|45.8|0.0|0.0|0.0|78.6|0.0|0.0
Myxothiazol|2|30.0|CO/C(=C\C(N)=O)[C@H](C)[C@H](/C=C/c1csc(-c2csc([C@@H](C)/C=C/C=C/C(C)C)n2)n1)OC|67|64.8|0.0|0.0|82.5|0.0|87.9|40.2|80.0|57.2|54.8|0.0|76.2|67.8
FCCP|1|10.0|N#CC(C#N)=NNc1ccc(OC(F)(F)F)cc1|87|39.9|23.6|0.0|60.3|0.0|59.8|2.8|42.3|40.0|48.1|0.0|52.5|95.5
FCCP|1|10.0|N#CC(C#N)=NNc1ccc(OC(F)(F)F)cc1|76|33.3|26.7|0.0|61.2|0.0|58.1|11.9|46.0|46.0|45.4|0.0|62.3|95.7
|1|10.0|CC/C1=C/C=C\C[C@@H](C)[C@H](O)[C@@](C)(O)C(=O)[C@@H](C)[C@H](O)[C@@H](C)C(=O)[C@@H](C)[C@H](O)[C@@H](C)/C=C/C(=O)O[C@@H]2C(C)[C@H](CCC1)O[C@]1(CC[C@H](C)[C@H](C[C@@H](C)O)O1)[C@H]2C|86|38.3|16.2|0.0|25.2|0.0|22.5|43.3|34.7|17.7|28.1|0.0|38.1|25.1
KT 5720|1|10.0|CCCCCCOC(=O)[C@@]1(O)C[C@@H]2O[C@@]1(C)n1c3ccccc3c3c4c(c5c6ccccc6n2c5c31)C(=O)NC4|92|5.0|72.5|1.4|0.0|84.5|0.0|26.0|0.0|0.0|0.0|87.5|0.0|0.0
"2,4-Dinitrochlorobenzene, CDNB, ;DNCB"|1|10.0|O=[N+]([O-])c1ccc(Cl)c([N+](=O)[O-])c1|68|9.8|0.0|42.6|0.0|36.9|6.8|21.6|21.2|7.2|0.0|6.8|32.7|0.0
Molidustat, BAY 85-3934|1|10.0|O=c1c(-n2ccnn2)c[nH]n1-c1cc(N2CCOCC2)ncn1|90|6.2|0.0|20.7|0.0|44.5|0.0|0.0|0.0|0.0|0.0|42.7|0.0|0.0
Molidustat, BAY 85-3934|1|10.0|O=c1c(-n2ccnn2)c[nH]n1-c1cc(N2CCOCC2)ncn1|103|5.5|0.0|12.2|11.7|28.7|5.8|2.4|31.8|11.8|0.0|7.5|29.4|0.0
Brequinar sodium salt hydrate, Biphenquinate sodium hydrate, DuP 785 hydrate|1|10.0|Cc1c(-c2ccc(-c3ccccc3F)cc2)nc2ccc(F)cc2c1C(=O)O|89|35.8|57.3|11.3|0.0|75.2|0.0|8.2|0.0|0.0|0.0|92.4|0.0|0.0
ML347|1|10.0|COc1ccc(-c2cnc3c(-c4cccc5ncccc45)cnn3c2)cc1|93|8.8|18.5|0.0|55.0|0.0|54.0|39.7|71.7|21.2|33.4|0.0|55.7|56.5
ML347|2|6.0|COc1ccc(-c2cnc3c(-c4cccc5ncccc45)cnn3c2)cc1|93|10.5|0.0|0.0|64.9|0.0|65.1|48.6|78.4|25.3|37.2|0.0|71.0|48.8
ML347|2|10.0|COc1ccc(-c2cnc3c(-c4cccc5ncccc45)cnn3c2)cc1|84|68.0|0.0|0.0|86.6|0.0|84.2|30.4|76.6|56.7|73.3|0.0|90.2|62.3
SP2509|1|10.0|C/C(=N\NC(=O)c1cccc(S(=O)(=O)N2CCOCC2)c1)c1cc(Cl)ccc1O|75|38.2|37.2|30.6|0.0|93.0|0.0|0.0|0.0|0.0|0.0|76.2|0.0|0.0
SP2509|2|2.0|C/C(=N\NC(=O)c1cccc(S(=O)(=O)N2CCOCC2)c1)c1cc(Cl)ccc1O|85|24.7|39.3|21.8|0.0|95.5|0.0|0.0|0.0|0.0|0.0|69.1|0.0|0.0
SP2509|3|2.0|C/C(=N\NC(=O)c1cccc(S(=O)(=O)N2CCOCC2)c1)c1cc(Cl)ccc1O|87|29.7|47.2|18.7|0.0|95.7|0.0|0.0|0.0|0.0|0.0|80.4|0.0|0.0
AZ82|1|1.0|CCCc1cc(C(=O)N[C@H](Cc2ccc(-c3cccc(OC(F)(F)F)c3)nc2)C(=O)N[C@@H]2CCNC2)sc1C|98|29.5|0.0|0.0|68.7|0.0|69.0|11.1|88.1|30.8|48.2|0.0|71.4|35.8
AZ82|1|3.0|CCCc1cc(C(=O)N[C@H](Cc2ccc(-c3cccc(OC(F)(F)F)c3)nc2)C(=O)N[C@@H]2CCNC2)sc1C|93|58.4|0.0|0.0|74.5|0.0|74.3|34.2|88.7|25.4|58.0|0.0|75.6|54.9
AZ82|1|10.0|CCCc1cc(C(=O)N[C@H](Cc2ccc(-c3cccc(OC(F)(F)F)c3)nc2)C(=O)N[C@@H]2CCNC2)sc1C|92|52.0|0.0|0.0|66.7|0.0|70.3|34.9|87.0|26.9|44.0|0.0|68.0|44.2
Erastin|1|10.0|CCOc1ccccc1-n1c(C(C)N2CCN(C(=O)COc3ccc(Cl)cc3)CC2)nc2ccccc2c1=O|108|23.3|13.6|0.0|9.5|8.3|7.0|44.5|44.8|0.0|0.0|12.4|26.0|0.0
Erastin|1|10.0|CCOc1ccccc1-n1c(C(C)N2CCN(C(=O)COc3ccc(Cl)cc3)CC2)nc2ccccc2c1=O|104|22.3|22.6|0.0|0.0|9.1|0.0|50.3|26.8|0.0|0.0|29.3|6.4|0.0
Erastin|2|2.0|CCOc1ccccc1-n1c(C(C)N2CCN(C(=O)COc3ccc(Cl)cc3)CC2)nc2ccccc2c1=O|100|13.5|15.1|6.1|0.0|28.5|0.0|50.7|0.0|0.0|0.0|48.5|0.0|0.0
Erastin|2|6.0|CCOc1ccccc1-n1c(C(C)N2CCN(C(=O)COc3ccc(Cl)cc3)CC2)nc2ccccc2c1=O|92|33.0|50.2|0.0|0.0|60.2|0.0|47.1|0.0|0.0|0.0|71.0|0.0|0.0
Erastin|2|10.0|CCOc1ccccc1-n1c(C(C)N2CCN(C(=O)COc3ccc(Cl)cc3)CC2)nc2ccccc2c1=O|95|29.9|48.6|0.0|0.0|41.1|0.0|48.1|13.6|0.0|0.0|56.0|0.0|0.0
3PO|1|10.0|O=C(/C=C/c1cccnc1)c1ccncc1|98|24.9|63.9|0.0|0.0|73.2|0.0|0.0|0.0|0.0|0.0|84.5|0.0|0.0
3PO|1|10.0|O=C(/C=C/c1cccnc1)c1ccncc1|95|17.4|76.0|0.0|0.0|81.4|0.0|10.6|0.0|0.0|0.0|86.0|0.0|0.0
Piperlongumine|1|3.0|COc1cc(/C=C/C(=O)N2CCC=CC2=O)cc(OC)c1OC|95|10.4|40.8|6.8|0.0|73.2|0.0|2.8|0.0|0.0|0.0|46.8|0.0|0.0
Piperlongumine|1|10.0|COc1cc(/C=C/C(=O)N2CCC=CC2=O)cc(OC)c1OC|51|73.2|0.0|0.0|72.9|0.0|69.2|14.1|76.9|40.1|70.1|0.0|78.7|54.9
Piperlongumine|1|10.0|COc1cc(/C=C/C(=O)N2CCC=CC2=O)cc(OC)c1OC|52|58.0|0.0|18.4|58.2|0.0|58.7|16.9|67.1|37.8|54.2|0.0|73.2|34.4
Elesclomol|1|10.0|CN(NC(=O)CC(=O)NN(C)C(=S)c1ccccc1)C(=S)c1ccccc1|91|5.7|59.0|26.4|0.0|79.1|0.0|10.9|0.0|0.0|0.0|87.2|0.0|0.0
RSL3|1|1.0|COC(=O)c1ccc([C@H]2c3[nH]c4ccccc4c3C[C@H](C(=O)OC)N2C(=O)CCl)cc1|95|5.2|50.8|0.0|0.0|0.0|4.6|46.6|0.0|0.0|13.2|18.0|0.0|35.2
RSL3|1|3.0|COC(=O)c1ccc([C@H]2c3[nH]c4ccccc4c3C[C@H](C(=O)OC)N2C(=O)CCl)cc1|74|26.6|46.9|0.0|4.3|21.7|15.1|68.4|19.5|0.0|48.4|10.1|21.6|43.3
RSL3|2|1.0|COC(=O)c1ccc([C@H]2c3[nH]c4ccccc4c3C[C@H](C(=O)OC)N2C(=O)CCl)cc1|93|6.9|65.9|0.0|0.0|52.5|0.0|53.2|3.7|0.0|0.0|47.4|0.0|23.8
RSL3|2|3.0|COC(=O)c1ccc([C@H]2c3[nH]c4ccccc4c3C[C@H](C(=O)OC)N2C(=O)CCl)cc1|90|21.6|71.4|0.0|0.0|65.0|0.0|61.4|7.3|0.0|0.0|45.0|0.0|26.1
RSL3|2|3.0|COC(=O)c1ccc([C@H]2c3[nH]c4ccccc4c3C[C@H](C(=O)OC)N2C(=O)CCl)cc1|87|23.1|74.7|0.0|0.0|73.2|0.0|55.9|0.0|0.0|0.0|56.8|0.0|18.3
ML385|1|10.0|Cc1ccccc1C(=O)N1CCc2cc(-c3nc(NC(=O)Cc4ccc5c(c4)OCO5)sc3C)ccc21|97|28.2|0.0|0.0|39.9|0.0|38.3|42.3|60.2|8.7|15.5|0.0|53.0|25.2
H-1152 (dihydrochloride)|1|1.0|Cc1cncc2cccc(S(=O)(=O)N3CCCNC[C@@H]3C)c12|91|16.9|58.1|0.0|0.0|26.5|17.2|43.2|18.2|0.0|14.9|13.8|0.0|38.3
H-1152 (dihydrochloride)|1|3.0|Cc1cncc2cccc(S(=O)(=O)N3CCCNC[C@@H]3C)c12|80|18.8|0.0|59.4|0.0|8.9|1.2|44.0|0.0|8.5|0.9|3.9|18.6|0.0
H-1152 (dihydrochloride)|1|10.0|Cc1cncc2cccc(S(=O)(=O)N3CCCNC[C@@H]3C)c12|55|29.5|0.0|89.8|0.0|26.6|0.0|19.5|0.0|0.0|0.0|26.6|0.0|0.0
H-1152 (dihydrochloride)|1|10.0|Cc1cncc2cccc(S(=O)(=O)N3CCCNC[C@@H]3C)c12|59|26.8|0.0|77.0|0.0|0.0|9.4|22.4|0.0|12.1|14.3|0.0|0.0|0.0
TH1217|1|10.0|Cc1nc2c([N+](=O)[O-])c(Cl)c(Cl)cc2n1Cc1ccc([B-]23OC(=O)C[N+]2(C)CC(=O)O3)cc1|94|17.1|1.6|0.0|52.4|0.0|48.1|34.9|65.3|13.0|22.8|0.0|56.2|40.2
Telaglenastat|1|1.0|O=C(Cc1cccc(OC(F)(F)F)c1)Nc1ccc(CCCCc2nnc(NC(=O)Cc3ccccn3)s2)nn1|94|6.9|5.9|0.0|2.8|1.7|0.0|0.0|0.0|12.4|12.6|12.9|0.0|0.0
Telaglenastat|1|3.0|O=C(Cc1cccc(OC(F)(F)F)c1)Nc1ccc(CCCCc2nnc(NC(=O)Cc3ccccn3)s2)nn1|102|19.3|0.0|0.0|65.9|0.0|67.3|10.2|71.9|30.6|52.1|0.0|68.5|42.5
Telaglenastat|1|10.0|O=C(Cc1cccc(OC(F)(F)F)c1)Nc1ccc(CCCCc2nnc(NC(=O)Cc3ccccn3)s2)nn1|94|38.7|0.0|0.0|65.9|0.0|67.1|24.7|80.8|27.6|41.2|0.0|70.5|45.7
Telaglenastat|2|2.0|O=C(Cc1cccc(OC(F)(F)F)c1)Nc1ccc(CCCCc2nnc(NC(=O)Cc3ccccn3)s2)nn1|102|9.0|16.6|0.0|38.4|0.0|31.0|14.5|53.1|0.0|32.5|0.0|40.8|35.7
Telaglenastat|2|6.0|O=C(Cc1cccc(OC(F)(F)F)c1)Nc1ccc(CCCCc2nnc(NC(=O)Cc3ccccn3)s2)nn1|99|27.5|0.0|0.0|57.2|0.0|52.0|5.8|79.1|19.3|16.0|0.0|52.6|24.4
Telaglenastat|2|10.0|O=C(Cc1cccc(OC(F)(F)F)c1)Nc1ccc(CCCCc2nnc(NC(=O)Cc3ccccn3)s2)nn1|96|35.8|0.0|0.0|67.3|0.0|64.5|16.3|81.6|26.6|39.5|0.0|65.3|39.1
BPTES|1|10.0|O=C(Cc1ccccc1)Nc1nnc(CCSCCc2nnc(NC(=O)Cc3ccccc3)s2)s1|96|19.9|2.1|0.0|18.4|2.9|14.6|26.2|37.0|4.0|4.3|0.0|36.6|3.1
BPTES|2|6.0|O=C(Cc1ccccc1)Nc1nnc(CCSCCc2nnc(NC(=O)Cc3ccccc3)s2)s1|100|24.0|0.0|0.0|20.2|0.0|13.9|24.3|40.8|0.0|12.2|0.0|26.4|0.0
BPTES|2|10.0|O=C(Cc1ccccc1)Nc1nnc(CCSCCc2nnc(NC(=O)Cc3ccccc3)s2)s1|96|30.9|0.0|0.0|25.7|0.0|23.5|40.7|36.3|0.0|38.3|0.0|32.4|10.2
Myokinasib|1|10.0|CCOC(=O)[C@@]12Cc3c([nH]c4ccccc34)[C@@](C)(N1)[C@@H]([N+](=O)[O-])[C@@H]2c1c(C)cccc1C|98|10.4|16.2|0.0|12.8|0.4|9.8|38.0|41.9|0.0|0.0|16.8|22.7|2.2
A-395|1|10.0|CN(C)[C@H]1CN(C2CCc3cccc(F)c32)C[C@@H]1c1ccc(N2CCN(S(C)(=O)=O)CC2)cc1|106|31.4|0.0|0.0|55.9|0.0|59.9|30.8|73.0|15.4|32.8|0.0|62.0|35.4
A-395|1|10.0|CN(C)[C@H]1CN(C2CCc3cccc(F)c32)C[C@@H]1c1ccc(N2CCN(S(C)(=O)=O)CC2)cc1|92|31.3|0.0|0.0|60.7|0.0|62.1|22.0|85.9|20.1|30.2|0.0|60.8|31.8
A-485|1|10.0|CNC(=O)Nc1ccc2c(c1)CC[C@@]21OC(=O)N(CC(=O)N(Cc2ccc(F)cc2)[C@@H](C)C(F)(F)F)C1=O|103|19.2|30.1|0.0|45.2|0.0|37.7|42.0|50.7|10.3|25.5|0.0|47.2|51.5
A-485|1|10.0|CNC(=O)Nc1ccc2c(c1)CC[C@@]21OC(=O)N(CC(=O)N(Cc2ccc(F)cc2)[C@@H](C)C(F)(F)F)C1=O|109|20.9|27.2|0.0|51.1|0.0|47.5|34.6|53.1|22.1|32.6|0.0|44.5|49.3
FM-381|1|10.0|CN(C)C(=O)/C(C#N)=C/c1ccc(-c2nc3cnc4[nH]ccc4c3n2C2CCCCC2)o1|103|15.0|63.3|0.0|0.0|60.2|0.0|33.5|0.0|0.0|0.0|74.2|0.0|0.0
FM-381|1|10.0|CN(C)C(=O)/C(C#N)=C/c1ccc(-c2nc3cnc4[nH]ccc4c3n2C2CCCCC2)o1|97|16.2|82.5|0.0|0.0|79.6|0.0|38.5|0.0|0.0|0.0|78.7|0.0|0.0
FM-381|2|2.0|CN(C)C(=O)/C(C#N)=C/c1ccc(-c2nc3cnc4[nH]ccc4c3n2C2CCCCC2)o1|90|7.1|66.2|0.0|0.0|72.8|0.0|47.5|0.0|0.0|0.0|69.2|0.0|0.0
GSK8814|1|10.0|CO[C@H]1CNC[C@@H](OCC2CCC(F)(F)CC2)[C@@H]1Nc1ncc(-c2cncc(C)c2)c2cc(C)c(=O)[nH]c12|100|18.5|0.0|0.0|49.6|0.0|51.2|43.5|56.2|18.8|34.6|0.0|57.6|30.3
GSK8814|1|10.0|CO[C@H]1CNC[C@@H](OCC2CCC(F)(F)CC2)[C@@H]1Nc1ncc(-c2cncc(C)c2)c2cc(C)c(=O)[nH]c12|97|19.2|0.0|0.0|36.6|0.0|43.1|44.2|41.6|18.8|21.2|0.0|48.4|16.1
PFI-5|1|10.0|Cc1cc2c(ncn2C2(C)CN(C(=O)c3ccn(CC4CCN([C@H]5C=CCCCC5)CC4)c3)C2)c(N)n1|99|6.4|0.0|0.0|44.8|11.6|46.6|20.9|74.6|7.4|10.9|0.0|54.3|32.0
PFI-5|1|10.0|Cc1cc2c(ncn2C2(C)CN(C(=O)c3ccn(CC4CCN([C@H]5C=CCCCC5)CC4)c3)C2)c(N)n1|102|8.5|0.0|0.0|54.2|0.0|59.2|29.9|79.6|0.0|36.9|0.0|54.9|31.1
|1|3.0|O=C(CSc1nc[nH]n1)Nc1ccc(C23CC4CC(CC(C4)C2)C3)cc1|101|8.8|22.5|0.0|51.1|0.0|56.2|33.5|66.6|17.9|47.9|0.0|46.6|53.8
|1|10.0|O=C(CSc1nc[nH]n1)Nc1ccc(C23CC4CC(CC(C4)C2)C3)cc1|94|26.1|7.0|0.0|74.5|0.0|71.9|35.5|85.0|33.5|57.9|0.0|69.6|69.0
|2|10.0|O=C(CSc1nc[nH]n1)Nc1ccc(C23CC4CC(CC(C4)C2)C3)cc1|90|34.7|0.0|0.0|74.3|0.0|74.2|37.5|80.4|34.0|63.5|0.0|70.2|71.4
|2|30.0|O=C(CSc1nc[nH]n1)Nc1ccc(C23CC4CC(CC(C4)C2)C3)cc1|87|76.5|0.0|0.0|87.0|0.0|87.8|36.5|84.6|53.1|66.7|0.0|81.7|73.2
|2|50.0|O=C(CSc1nc[nH]n1)Nc1ccc(C23CC4CC(CC(C4)C2)C3)cc1|87|75.1|0.0|0.0|83.2|0.0|82.7|32.2|67.4|56.7|75.6|0.0|79.8|77.1
Rimonabant (Hydrochloride)|1|10.0|Cc1c(C(=O)NN2CCCCC2)nn(-c2ccc(Cl)cc2Cl)c1-c1ccc(Cl)cc1|103|21.2|0.0|0.0|29.1|0.0|27.7|44.2|52.3|5.3|6.2|0.0|42.9|10.7
(±)-SLV 319|1|10.0|C/N=C(/NS(=O)(=O)c1ccc(Cl)cc1)N1CC(c2ccccc2)C(c2ccc(Cl)cc2)=N1|95|7.9|17.1|0.0|3.4|0.0|0.0|39.2|24.1|0.0|0.0|13.1|11.6|0.0
Gemcitabine HCl, LY188011|1|10.0|Nc1ccn([C@@H]2O[C@H](CO)C(O)C2(F)F)c(=O)n1|75|26.8|60.4|11.3|0.0|97.6|0.0|0.0|0.0|0.0|0.0|73.7|0.0|0.0
Deltarasin|1|1.0|c1ccc(Cn2c(-c3ccc(OC[C@H](C4CCNCC4)n4c(-c5ccccc5)nc5ccccc54)cc3)nc3ccccc32)cc1|94|40.9|0.0|0.0|58.5|0.0|60.0|25.9|75.9|21.8|36.6|0.0|65.2|35.7
|1|10.0|Brc1ccc2[nH]c3c(c2c1)CCOC31CCCCC1|88|45.1|70.5|2.3|0.0|90.8|0.0|4.8|0.0|0.0|0.0|94.9|0.0|0.0
|1|10.0|CCC(=O)N[C@H]1CC[C@@H](C(=O)N(C)c2ccc(-c3nc4ccccc4o3)cc2)C1|89|9.2|0.0|0.0|48.3|0.0|49.1|52.3|56.8|14.8|52.8|0.0|62.9|40.2
|1|10.0|CC(C)NC(=O)[C@H]1CCC[C@H]1Nc1nc(Nc2ccc(C(=O)N(C)C3CCN(C)CC3)cc2)ncc1Cl|58|36.8|0.0|72.5|0.0|34.0|0.0|23.9|19.9|0.0|0.0|14.2|15.6|0.0
|1|10.0|COc1cc(-c2cc3ncccc3c(O[C@H](C)[C@H]3CNC(=O)C3)n2)cc(OC)c1OC|101|27.8|42.2|0.0|29.5|11.5|28.4|26.3|61.0|0.0|3.4|0.0|34.5|38.4
|2|10.0|COc1cc(-c2cc3ncccc3c(O[C@H](C)[C@H]3CNC(=O)C3)n2)cc(OC)c1OC|98|22.8|53.8|0.0|17.8|10.0|17.0|42.9|50.0|0.0|15.5|11.4|25.2|40.0
BI-1347|1|10.0|CN(C)C(=O)Cn1cc(-c2ccc(-c3cncc4ccccc34)cc2)cn1|86|7.1|17.1|14.7|0.0|69.7|0.0|28.9|17.2|0.0|0.0|49.2|8.3|0.0
BI-1935|1|10.0|CCOCCn1cc(C(=O)Nc2ccc(-n3nc(-c4cccnc4)cc3C(F)(F)F)cn2)ccc1=O|102|7.3|0.0|0.0|32.6|0.1|32.0|38.0|62.2|0.0|9.9|0.0|49.7|22.2
|1|10.0|C[C@H](NC(=O)c1cnc2n1[C@](C)(Cc1ccc(C#N)cc1)C(=O)N2c1cc(Cl)c(F)c(Cl)c1)C(=O)NC1(c2ccccn2)CC1|97|18.7|0.0|0.0|43.6|0.0|42.3|40.2|58.8|13.9|25.6|0.0|55.7|26.8
BI 2536|2|1.0|CC[C@@H]1C(=O)N(C)c2cnc(Nc3ccc(C(=O)NC4CCN(C)CC4)cc3OC)nc2N1C1CCCC1|55|79.1|0.0|23.4|70.7|0.0|77.7|13.9|71.0|50.9|58.3|0.0|74.8|25.1
BI 2536|2|1.0|CC[C@@H]1C(=O)N(C)c2cnc(Nc3ccc(C(=O)NC4CCN(C)CC4)cc3OC)nc2N1C1CCCC1|55|82.6|0.0|18.7|73.4|0.0|79.0|16.8|71.1|50.9|62.6|0.0|77.6|30.1
BI 2536|2|3.0|CC[C@@H]1C(=O)N(C)c2cnc(Nc3ccc(C(=O)NC4CCN(C)CC4)cc3OC)nc2N1C1CCCC1|60|81.9|0.0|12.4|73.6|0.0|77.1|18.2|77.4|44.5|62.6|0.0|74.2|36.2
BI 2536|2|3.0|CC[C@@H]1C(=O)N(C)c2cnc(Nc3ccc(C(=O)NC4CCN(C)CC4)cc3OC)nc2N1C1CCCC1|57|82.2|0.0|13.8|73.5|0.0|77.4|17.9|76.8|44.8|60.8|0.0|74.3|34.5
BI 2536|3|0.2|CC[C@@H]1C(=O)N(C)c2cnc(Nc3ccc(C(=O)NC4CCN(C)CC4)cc3OC)nc2N1C1CCCC1|50|78.8|0.0|39.4|61.2|0.0|70.8|15.8|59.3|46.4|53.0|0.0|71.3|16.7
BI 2536|3|0.6|CC[C@@H]1C(=O)N(C)c2cnc(Nc3ccc(C(=O)NC4CCN(C)CC4)cc3OC)nc2N1C1CCCC1|55|80.1|0.0|22.0|73.0|0.0|77.5|13.9|69.1|53.3|60.2|0.0|77.8|31.4
BI 2536|3|0.6|CC[C@@H]1C(=O)N(C)c2cnc(Nc3ccc(C(=O)NC4CCN(C)CC4)cc3OC)nc2N1C1CCCC1|51|79.4|0.0|24.1|69.3|0.0|74.5|14.7|67.7|50.6|59.0|0.0|75.2|27.5
BI 2536|3|2.0|CC[C@@H]1C(=O)N(C)c2cnc(Nc3ccc(C(=O)NC4CCN(C)CC4)cc3OC)nc2N1C1CCCC1|50|84.8|0.0|27.5|66.0|0.0|75.0|25.2|64.9|45.8|61.8|0.0|74.8|25.8
|1|10.0|O=C(NC[C@H]1[C@@H]2CN(C(=O)OCc3cc(C(F)(F)F)cc(C(F)(F)F)c3)C[C@H]12)c1ccc2nn[nH]c2c1|98|24.7|0.0|0.0|47.6|0.0|49.7|49.5|61.6|14.7|50.6|0.0|58.7|37.5
BI-3812|1|10.0|CNC(=O)COc1cc2cc(Nc3nc(N4CCC(C(=O)N(C)C)CC4)ncc3Cl)cc(OC)c2n(C)c1=O|90|19.5|0.0|0.0|29.8|0.0|37.1|39.0|57.0|5.6|21.5|0.0|42.0|13.1
|1|10.0|CC1CCN(C(=O)[C@@H](CCn2cccc2C#N)NS(=O)(=O)c2cccc3[nH]ccc23)CC1|104|7.4|0.0|0.0|39.7|0.0|41.9|47.0|51.8|14.7|49.9|0.0|57.6|32.3
SR 3029|1|10.0|Fc1cccc(-n2cnc3c(NCc4nc5ccc(F)c(F)c5[nH]4)nc(N4CCOCC4)nc32)c1|59|46.1|38.1|0.0|0.0|39.0|2.0|36.4|27.1|0.0|0.0|30.1|12.7|18.4
PF-670462|1|10.0|Nc1nccc(-c2c(-c3ccc(F)cc3)ncn2C2CCCCC2)n1|101|18.8|31.8|0.0|21.2|0.0|22.8|44.2|50.8|0.0|0.0|0.0|33.1|27.1
Azaquindole-1|1|1.0|COc1ccc2nccc([C@@H](O)[C@@H]3C[C@@H]4CCN3c3c4[nH]c4nc(C)c(Br)cc34)c2c1|94|9.7|0.0|0.0|65.2|0.0|58.9|2.8|81.8|29.4|31.7|0.0|71.0|33.8
Azaquindole-1|1|1.0|COc1ccc2nccc([C@@H](O)[C@@H]3C[C@@H]4CCN3c3c4[nH]c4nc(C)c(Br)cc34)c2c1|93|9.8|0.0|0.0|70.5|0.0|62.8|6.6|83.9|32.2|27.8|0.0|68.2|35.6
Azaquindole-1|1|3.0|COc1ccc2nccc([C@@H](O)[C@@H]3C[C@@H]4CCN3c3c4[nH]c4nc(C)c(Br)cc34)c2c1|90|67.5|0.0|0.0|76.7|0.0|70.0|7.8|86.5|36.2|56.4|0.0|80.7|44.4
Azaquindole-1|1|3.0|COc1ccc2nccc([C@@H](O)[C@@H]3C[C@@H]4CCN3c3c4[nH]c4nc(C)c(Br)cc34)c2c1|86|60.3|0.0|0.0|74.6|0.0|70.1|8.8|83.0|39.1|54.7|0.0|81.0|40.4
Azaquindole-1|1|10.0|COc1ccc2nccc([C@@H](O)[C@@H]3C[C@@H]4CCN3c3c4[nH]c4nc(C)c(Br)cc34)c2c1|79|79.1|0.0|0.0|88.5|0.0|84.4|18.4|81.3|57.0|69.4|0.0|91.9|62.4
2,4-Bis(1,1-dimethylethyl)phenol phosphate (bDtBPP)|2|30.0|CC(C)(C)c1ccc(OP(=O)(O)Oc2ccc(C(C)(C)C)cc2C(C)(C)C)c(C(C)(C)C)c1|88|7.6|50.1|0.0|0.0|74.8|0.0|16.0|0.0|0.0|0.0|44.3|0.0|6.2
2,4-Bis(1,1-dimethylethyl)phenol phosphate (bDtBPP)|2|50.0|CC(C)(C)c1ccc(OP(=O)(O)Oc2ccc(C(C)(C)C)cc2C(C)(C)C)c(C(C)(C)C)c1|87|16.8|49.2|0.0|0.0|64.7|0.0|27.1|4.1|0.0|7.1|32.5|15.6|25.1
XMU-MP-1|1|10.0|CN1C(=O)c2sccc2N(C)c2nc(Nc3ccc(S(N)(=O)=O)cc3)ncc21|52|24.2|0.0|89.0|0.0|23.6|0.0|8.5|0.0|0.0|0.0|25.8|0.0|0.0
"Acid Ceramidase Inhibitor 17a, ;ARN14974"|1|30.0|O=C(NCCCCc1ccccc1)n1c(=O)oc2cc(-c3ccc(F)cc3)ccc21|94|9.3|0.0|0.0|25.0|0.0|24.8|15.0|24.3|32.3|0.0|0.0|33.7|3.7
"Acid Ceramidase Inhibitor 17a, ;ARN14974"|1|50.0|O=C(NCCCCc1ccccc1)n1c(=O)oc2cc(-c3ccc(F)cc3)ccc21|91|29.7|0.0|0.0|42.1|0.0|44.0|39.9|36.3|24.7|25.8|0.0|49.9|16.6
405838,00 SAR|1|10.0|CC(C)(C)C[C@@H]1N[C@@H](C(=O)N[C@H]2CC[C@H](O)CC2)[C@H](c2cccc(Cl)c2F)[C@]12C(=O)Nc1cc(Cl)ccc12|73|31.1|14.1|0.0|18.7|57.5|19.0|26.9|57.6|0.0|0.0|7.0|43.1|19.9
|1|0.1|CCNC(=O)c1ccc2c(/C(=N/c3ccc(CN(C)C)cc3)c3ccccc3)c(O)[nH]c2c1|97|5.9|0.0|0.0|75.9|0.0|71.6|4.0|55.3|61.6|42.2|0.0|70.3|53.3
|1|0.3|CCNC(=O)c1ccc2c(/C(=N/c3ccc(CN(C)C)cc3)c3ccccc3)c(O)[nH]c2c1|105|18.5|0.0|0.0|87.5|0.0|80.2|21.6|66.0|57.6|66.8|0.0|84.1|64.1
|1|1.0|CCNC(=O)c1ccc2c(/C(=N/c3ccc(CN(C)C)cc3)c3ccccc3)c(O)[nH]c2c1|101|51.8|0.0|0.0|80.0|0.0|76.2|32.1|71.7|39.7|67.7|0.0|80.2|55.7
|1|10.0|CCNC(=O)c1ccc2c(/C(=N/c3ccc(CN(C)C)cc3)c3ccccc3)c(O)[nH]c2c1|107|35.4|0.0|0.0|75.8|0.0|71.4|32.3|74.5|27.4|57.6|0.0|72.4|54.0
|2|1.0|CCNC(=O)c1ccc2c(/C(=N/c3ccc(CN(C)C)cc3)c3ccccc3)c(O)[nH]c2c1|93|64.2|0.0|0.0|80.9|0.0|78.4|29.0|72.7|40.0|73.4|0.0|82.3|56.8
|2|3.0|CCNC(=O)c1ccc2c(/C(=N/c3ccc(CN(C)C)cc3)c3ccccc3)c(O)[nH]c2c1|89|69.3|0.0|0.0|81.9|0.0|79.4|35.1|78.7|41.5|63.0|0.0|82.2|61.0
|2|10.0|CCNC(=O)c1ccc2c(/C(=N/c3ccc(CN(C)C)cc3)c3ccccc3)c(O)[nH]c2c1|100|51.5|0.0|0.0|81.6|0.0|72.7|21.7|80.1|35.7|63.5|0.0|82.0|52.5
|2|10.0|CCNC(=O)c1ccc2c(/C(=N/c3ccc(CN(C)C)cc3)c3ccccc3)c(O)[nH]c2c1|100|76.5|0.0|0.0|83.3|0.0|82.6|30.3|78.1|46.2|64.6|0.0|82.1|57.4
|2|30.0|CCNC(=O)c1ccc2c(/C(=N/c3ccc(CN(C)C)cc3)c3ccccc3)c(O)[nH]c2c1|105|73.9|0.0|0.0|82.7|0.0|78.8|24.5|88.7|38.8|59.6|0.0|78.6|49.9
|2|50.0|CCNC(=O)c1ccc2c(/C(=N/c3ccc(CN(C)C)cc3)c3ccccc3)c(O)[nH]c2c1|90|76.2|0.0|0.0|83.1|0.0|81.1|28.1|88.2|41.0|56.6|0.0|80.4|52.9
|1|10.0|CC(=O)c1ccc2[nH]c(O)c(/C(=N/C3CCN(C)CC3)c3ccc4c(c3)OCO4)c2c1|62|48.5|23.0|37.3|0.0|78.9|0.0|16.0|0.0|0.0|0.0|41.6|0.0|0.0
BI-9564|1|30.0|COc1cc(-c2cn(C)c(=O)c3cnccc23)c(OC)cc1CN(C)C|100|8.6|0.0|0.0|77.7|0.0|68.8|6.9|52.0|59.7|47.8|0.0|70.3|63.1
BI-9564|1|50.0|COc1cc(-c2cn(C)c(=O)c3cnccc23)c(OC)cc1CN(C)C|103|10.7|0.0|0.0|75.4|0.0|67.7|0.0|52.7|64.8|39.4|0.0|65.8|54.2
ABT-100|2|3.0|Cn1cncc1[C@](O)(COc1ccc(C#N)cc1-c1ccc(OC(F)(F)F)cc1)c1ccc(C#N)cc1|95|10.5|0.0|0.0|66.4|0.0|76.0|51.3|62.4|47.6|43.9|0.0|70.7|50.7
ABT-100|2|5.0|Cn1cncc1[C@](O)(COc1ccc(C#N)cc1-c1ccc(OC(F)(F)F)cc1)c1ccc(C#N)cc1|83|30.9|0.0|0.0|77.2|0.0|77.7|43.4|77.7|45.4|54.0|0.0|79.9|63.1
BAY-309,control for BAY-826|1|1.0|Cc1cc(NC(=O)c2cccc(S(F)(F)(F)(F)F)c2)cc(-n2ccn3nc(-c4cccnc4)cc23)c1|96|5.4|0.0|0.0|21.0|0.0|10.5|28.8|38.2|0.0|16.4|0.0|34.6|0.0
BAY-309,control for BAY-826|2|1.0|Cc1cc(NC(=O)c2cccc(S(F)(F)(F)(F)F)c2)cc(-n2ccn3nc(-c4cccnc4)cc23)c1|100|19.0|0.0|9.8|35.6|0.0|35.3|30.6|49.3|7.1|17.9|0.0|50.0|0.0
BAY-309,control for BAY-826|2|3.0|Cc1cc(NC(=O)c2cccc(S(F)(F)(F)(F)F)c2)cc(-n2ccn3nc(-c4cccnc4)cc23)c1|92|57.2|0.0|0.0|71.4|0.0|72.6|22.6|84.2|29.7|43.2|0.0|80.0|34.5
BAY-309,control for BAY-826|2|5.0|Cc1cc(NC(=O)c2cccc(S(F)(F)(F)(F)F)c2)cc(-n2ccn3nc(-c4cccnc4)cc23)c1|77|81.5|0.0|0.0|80.7|0.0|76.8|25.1|86.7|41.5|57.3|0.0|85.8|54.3
ERKi|2|3.0|C[C@@H](NC(=O)Nc1cc2[nH]ncc2c(CO)n1)c1ccccc1|98|5.5|64.6|2.3|0.0|82.3|0.0|19.0|0.0|0.0|0.0|79.4|0.0|0.0
Siramesine fumarate salt|1|1.0|Fc1ccc(-n2cc(CCCCN3CCC4(CC3)OCc3ccccc34)c3ccccc32)cc1|97|60.4|0.0|0.0|68.7|0.0|70.7|23.6|83.6|18.4|50.4|0.0|66.8|35.8
Siramesine fumarate salt|1|1.0|Fc1ccc(-n2cc(CCCCN3CCC4(CC3)OCc3ccccc34)c3ccccc32)cc1|98|50.6|0.0|0.0|72.3|0.0|72.2|20.5|85.3|26.2|52.7|0.0|70.4|41.4
Siramesine fumarate salt|1|3.0|Fc1ccc(-n2cc(CCCCN3CCC4(CC3)OCc3ccccc34)c3ccccc32)cc1|89|78.1|0.0|0.0|80.5|0.0|74.9|13.2|89.8|34.7|62.6|0.0|75.5|57.5
Siramesine fumarate salt|1|3.0|Fc1ccc(-n2cc(CCCCN3CCC4(CC3)OCc3ccccc34)c3ccccc32)cc1|90|80.7|0.0|0.0|75.9|0.0|72.6|18.5|87.7|31.3|63.2|0.0|74.0|53.7
|1|3.0|CCN(CC)S(=O)(=O)Nc1cccc(-c2ccc3c(NC(=O)C4CC4)n[nH]c3c2)c1|98|5.2|0.0|0.0|56.3|0.0|49.8|10.6|56.1|39.1|16.0|0.0|69.2|26.9
|1|3.0|CCN(CC)S(=O)(=O)Nc1cccc(-c2ccc3c(NC(=O)C4CC4)n[nH]c3c2)c1|85|7.6|0.0|15.6|59.7|0.0|58.3|18.3|52.6|48.9|24.0|0.0|78.0|20.6
|1|10.0|CCN(CC)S(=O)(=O)Nc1cccc(-c2ccc3c(NC(=O)C4CC4)n[nH]c3c2)c1|89|70.3|0.0|0.0|79.8|0.0|75.3|41.6|71.0|49.9|59.4|0.0|93.8|65.5
MRK-740|1|3.0|COc1cc(OC)cc(-c2noc(N3CCN(C)C4(CCN(c5ccnc(C)c5)CC4)C3)n2)c1|108|18.0|0.0|0.0|73.5|0.0|68.4|17.6|92.4|20.8|45.2|0.0|69.1|41.6
MRK-740|1|3.0|COc1cc(OC)cc(-c2noc(N3CCN(C)C4(CCN(c5ccnc(C)c5)CC4)C3)n2)c1|89|13.6|0.0|0.0|64.4|0.0|64.1|25.6|87.1|13.5|36.6|0.0|68.0|31.2
MRK-740|1|10.0|COc1cc(OC)cc(-c2noc(N3CCN(C)C4(CCN(c5ccnc(C)c5)CC4)C3)n2)c1|97|75.6|0.0|0.0|80.6|0.0|78.6|7.1|95.3|35.4|53.6|0.0|73.5|46.1
A-1155463|1|10.0|CN(C)CC#Cc1ccc(OCCCc2sc(N3CCc4cccc(C(=O)Nc5nc6ccccc6s5)c4C3)nc2C(=O)O)c(F)c1|88|6.9|0.0|43.8|13.7|40.3|9.7|0.0|21.7|12.8|13.0|0.0|38.4|0.0
A-1155463|1|30.0|CN(C)CC#Cc1ccc(OCCCc2sc(N3CCc4cccc(C(=O)Nc5nc6ccccc6s5)c4C3)nc2C(=O)O)c(F)c1|94|17.6|6.7|0.0|33.2|31.4|18.8|2.2|56.8|0.0|14.6|0.0|55.9|30.9
A-1155463|1|50.0|CN(C)CC#Cc1ccc(OCCCc2sc(N3CCc4cccc(C(=O)Nc5nc6ccccc6s5)c4C3)nc2C(=O)O)c(F)c1|70|18.1|9.9|0.0|32.2|38.5|30.0|2.8|53.0|20.3|1.9|0.0|51.5|35.5
JQEZ5|1|1.0|CCCc1cc(C)[nH]c(=O)c1CNC(=O)c1cc(-c2ccc(N3CCN(C)CC3)nc2)nc2c1cnn2C(C)C|101|32.0|0.0|0.0|52.8|0.0|55.4|11.2|83.3|19.2|9.2|0.0|51.6|9.6
JQEZ5|1|1.0|CCCc1cc(C)[nH]c(=O)c1CNC(=O)c1cc(-c2ccc(N3CCN(C)CC3)nc2)nc2c1cnn2C(C)C|103|34.9|0.0|0.0|52.9|0.0|57.0|26.4|81.1|9.0|20.5|0.0|53.3|18.6
JQEZ5|1|3.0|CCCc1cc(C)[nH]c(=O)c1CNC(=O)c1cc(-c2ccc(N3CCN(C)CC3)nc2)nc2c1cnn2C(C)C|82|78.9|0.0|0.0|78.1|0.0|76.6|6.1|92.0|45.9|55.5|0.0|76.0|46.6
JQEZ5|1|3.0|CCCc1cc(C)[nH]c(=O)c1CNC(=O)c1cc(-c2ccc(N3CCN(C)CC3)nc2)nc2c1cnn2C(C)C|82|80.0|0.0|0.0|76.8|0.0|75.8|9.6|92.3|42.8|55.6|0.0|76.5|45.4
JQEZ5|2|2.0|CCCc1cc(C)[nH]c(=O)c1CNC(=O)c1cc(-c2ccc(N3CCN(C)CC3)nc2)nc2c1cnn2C(C)C|100|55.4|0.0|0.0|71.5|0.0|71.2|8.8|93.0|32.2|38.0|0.0|62.8|26.5
CCT251236|1|1.0|Cc1ccc(NC(=O)c2ccc3c(c2)OCCO3)cc1NC(=O)c1ccc2nc(OCCN3CCCC3)ccc2c1|61|57.7|32.1|0.0|52.4|10.6|46.3|21.5|63.8|31.1|46.8|0.0|61.5|69.6
CCT251236|1|1.0|Cc1ccc(NC(=O)c2ccc3c(c2)OCCO3)cc1NC(=O)c1ccc2nc(OCCN3CCCC3)ccc2c1|55|58.5|30.7|0.0|53.7|10.0|47.8|23.5|66.1|30.3|48.5|0.0|63.2|68.1
CCT251236|1|3.0|Cc1ccc(NC(=O)c2ccc3c(c2)OCCO3)cc1NC(=O)c1ccc2nc(OCCN3CCCC3)ccc2c1|60|63.2|14.7|0.0|61.1|0.0|56.6|26.0|76.0|34.5|52.4|0.0|68.4|63.6
CCT251236|1|3.0|Cc1ccc(NC(=O)c2ccc3c(c2)OCCO3)cc1NC(=O)c1ccc2nc(OCCN3CCCC3)ccc2c1|59|64.6|15.6|0.0|59.9|0.0|55.2|26.6|74.1|34.2|53.4|0.0|67.4|63.2
GSK-5959|1|10.0|COc1ccccc1C(=O)Nc1cc2c(cc1N1CCCCC1)n(C)c(=O)n2C|97|13.1|0.0|0.0|42.4|0.0|46.4|48.5|56.0|13.5|17.8|0.0|51.6|15.6
GSK-5959|1|30.0|COc1ccccc1C(=O)Nc1cc2c(cc1N1CCCCC1)n(C)c(=O)n2C|76|78.9|0.0|0.0|81.4|0.0|82.5|33.0|77.7|46.4|64.4|0.0|78.2|62.8
GSK-5959|1|50.0|COc1ccccc1C(=O)Nc1cc2c(cc1N1CCCCC1)n(C)c(=O)n2C|60|83.6|0.0|0.0|83.0|0.0|85.6|28.7|72.4|58.8|64.7|0.0|77.3|58.4
ACY-738|1|10.0|O=C(NO)c1cnc(NC2(c3ccccc3)CC2)nc1|75|54.9|0.0|0.0|81.7|0.0|91.6|22.1|69.1|72.7|56.9|0.0|83.2|64.1
ACY-738|2|2.0|O=C(NO)c1cnc(NC2(c3ccccc3)CC2)nc1|94|23.5|0.0|0.0|80.3|0.0|76.4|0.0|64.5|51.0|57.1|0.0|81.2|59.1
CPI-637|1|10.0|C[C@@H]1CC(=O)Nc2cccc(-c3ccc4c(c3)c(-c3cnn(C)c3)nn4C)c2N1|102|13.3|40.2|0.0|41.8|0.0|33.0|9.8|47.3|5.2|34.5|0.0|40.5|52.2
CPI-637|1|30.0|C[C@@H]1CC(=O)Nc2cccc(-c3ccc4c(c3)c(-c3cnn(C)c3)nn4C)c2N1|95|76.3|0.0|0.0|81.5|0.0|77.7|29.0|73.8|41.0|68.2|0.0|78.7|54.6
CPI-637|1|50.0|C[C@@H]1CC(=O)Nc2cccc(-c3ccc4c(c3)c(-c3cnn(C)c3)nn4C)c2N1|89|74.1|0.0|0.0|83.1|0.0|77.4|25.1|80.0|42.4|57.9|0.0|78.1|48.9
Niraparib|1|10.0|NC(=O)c1cccc2cn(-c3ccc([C@@H]4CCCNC4)cc3)nc12|71|28.5|40.1|30.9|0.0|90.9|0.0|12.7|0.0|0.0|0.0|64.2|0.0|0.0
RG7112|1|10.0|CCOc1cc(C(C)(C)C)ccc1C1=N[C@@](C)(c2ccc(Cl)cc2)[C@@](C)(c2ccc(Cl)cc2)N1C(=O)N1CCN(CCCS(C)(=O)=O)CC1|80|44.9|31.5|0.0|11.5|55.3|6.4|46.5|44.1|0.0|8.5|19.3|44.7|38.0
RG7112|2|2.0|CCOc1cc(C(C)(C)C)ccc1C1=N[C@@](C)(c2ccc(Cl)cc2)[C@@](C)(c2ccc(Cl)cc2)N1C(=O)N1CCN(CCCS(C)(=O)=O)CC1|78|31.6|38.8|0.0|0.0|85.4|0.0|22.7|13.8|0.0|0.0|50.6|10.5|1.6
AMG 232|1|10.0|CC(C)[C@@H](CS(=O)(=O)C(C)C)N1C(=O)[C@@](C)(CC(=O)O)C[C@H](c2cccc(Cl)c2)[C@H]1c1ccc(Cl)cc1|78|24.7|30.1|20.9|0.0|89.7|0.0|9.3|0.0|0.0|0.0|57.6|0.0|0.0
Jasplakinolide|1|0.1|C/C1=C\[C@H](C)C[C@H](C)OC(=O)C[C@H](c2ccc(O)cc2)NC(=O)[C@@H](Cc2c(Br)[nH]c3ccccc23)N(C)C(=O)[C@H](C)NC(=O)[C@@H](C)C1|90|43.7|0.0|0.0|56.7|0.0|60.3|38.1|61.8|28.1|46.7|0.0|72.9|52.1
Jasplakinolide|1|0.1|C/C1=C\[C@H](C)C[C@H](C)OC(=O)C[C@H](c2ccc(O)cc2)NC(=O)[C@@H](Cc2c(Br)[nH]c3ccccc23)N(C)C(=O)[C@H](C)NC(=O)[C@@H](C)C1|95|76.9|0.0|0.0|73.7|0.0|73.5|41.0|71.0|38.0|64.5|0.0|84.4|58.3
PDD 00017273|1|10.0|Cc1cc(Cn2c(=O)n(Cc3cnc(C)s3)c(=O)c3cc(S(=O)(=O)NC4(C)CC4)ccc32)n(C)n1|89|14.3|7.9|58.6|0.0|69.6|0.0|42.1|0.0|0.0|0.0|63.4|0.0|0.0
PDD 00017273|1|30.0|Cc1cc(Cn2c(=O)n(Cc3cnc(C)s3)c(=O)c3cc(S(=O)(=O)NC4(C)CC4)ccc32)n(C)n1|86|25.6|0.0|42.3|0.0|52.7|0.0|38.3|19.5|0.0|0.0|37.6|2.2|0.0
PDD 00017273|1|50.0|Cc1cc(Cn2c(=O)n(Cc3cnc(C)s3)c(=O)c3cc(S(=O)(=O)NC4(C)CC4)ccc32)n(C)n1|90|29.5|0.0|4.7|22.7|0.0|26.6|43.1|48.7|0.0|20.7|0.0|35.8|0.0
PDD 00017273|2|10.0|Cc1cc(Cn2c(=O)n(Cc3cnc(C)s3)c(=O)c3cc(S(=O)(=O)NC4(C)CC4)ccc32)n(C)n1|97|7.4|31.9|0.0|9.2|0.0|17.6|66.1|22.9|0.0|30.8|0.0|16.8|20.6
Olaparib|1|10.0|O=C(c1cc(Cc2nnc(O)c3ccccc23)ccc1F)N1CCN(C(=O)C2CC2)CC1|84|19.7|28.2|51.9|0.0|81.1|0.0|0.0|0.0|0.0|0.0|72.3|0.0|0.0
Olaparib|2|2.0|O=C(c1cc(Cc2nnc(O)c3ccccc23)ccc1F)N1CCN(C(=O)C2CC2)CC1|94|7.8|22.9|51.9|0.0|76.0|0.0|14.7|0.0|0.0|0.0|71.9|0.0|0.0
UNC0638|1|1.0|COc1cc2c(NC3CCN(C(C)C)CC3)nc(C3CCCCC3)nc2cc1OCCCN1CCCC1|95|56.5|0.0|0.0|69.2|0.0|66.7|2.0|92.8|29.6|35.0|0.0|65.1|36.6
UNC0638|1|1.0|COc1cc2c(NC3CCN(C(C)C)CC3)nc(C3CCCCC3)nc2cc1OCCCN1CCCC1|96|55.4|0.0|0.0|68.8|0.0|67.0|1.9|92.8|30.3|33.8|0.0|65.7|34.5
UNC0638|1|3.0|COc1cc2c(NC3CCN(C(C)C)CC3)nc(C3CCCCC3)nc2cc1OCCCN1CCCC1|97|80.0|0.0|0.0|72.1|0.0|69.2|0.0|84.5|34.3|44.6|0.0|68.1|41.3
UNC0638|1|3.0|COc1cc2c(NC3CCN(C(C)C)CC3)nc(C3CCCCC3)nc2cc1OCCCN1CCCC1|90|80.3|0.0|0.0|71.5|0.0|68.7|0.0|84.2|33.6|45.2|0.0|67.8|41.6
UNC0638|2|2.0|COc1cc2c(NC3CCN(C(C)C)CC3)nc(C3CCCCC3)nc2cc1OCCCN1CCCC1|98|73.9|0.0|0.0|71.3|0.0|67.7|0.0|88.0|30.9|34.5|0.0|63.4|32.4
PFI-1|1|10.0|COc1ccccc1S(=O)(=O)Nc1ccc2c(c1)CN(C)C(=O)N2|93|43.0|0.0|0.0|91.8|0.0|86.5|11.3|74.1|51.7|70.2|0.0|87.6|66.8
PFI-1|2|2.0|COc1ccccc1S(=O)(=O)Nc1ccc2c(c1)CN(C)C(=O)N2|101|5.9|0.0|0.0|84.4|0.0|78.2|0.0|69.4|36.3|53.9|0.0|76.1|60.1
PFI-1|2|6.0|COc1ccccc1S(=O)(=O)Nc1ccc2c(c1)CN(C)C(=O)N2|96|32.1|0.0|0.0|92.7|0.0|86.4|1.0|66.7|62.7|57.2|0.0|83.0|72.9
PFI-1|2|10.0|COc1ccccc1S(=O)(=O)Nc1ccc2c(c1)CN(C)C(=O)N2|99|37.7|0.0|0.0|96.0|0.0|87.7|0.0|77.5|64.9|57.0|0.0|85.6|71.9
PFI-1|3|2.0|COc1ccccc1S(=O)(=O)Nc1ccc2c(c1)CN(C)C(=O)N2|103|5.5|0.0|0.0|74.7|0.0|69.3|0.0|52.5|49.1|38.8|0.0|61.6|37.5
I-BET151|1|10.0|COc1cc2c(cc1-c1c(C)noc1C)ncc1nc(O)n([C@H](C)c3ccccn3)c12|93|28.5|0.0|0.0|88.5|0.0|79.0|4.3|82.2|49.4|57.4|0.0|85.1|68.4
GSK-J4 (hydrochloride)|1|10.0|CCOC(=O)CCNc1cc(N2CCc3ccccc3CC2)nc(-c2ccccn2)n1|80|46.3|15.4|0.0|1.9|44.0|0.0|26.0|27.1|0.0|10.9|12.9|21.9|0.0
GSK-J4 (hydrochloride)|2|2.0|CCOC(=O)CCNc1cc(N2CCc3ccccc3CC2)nc(-c2ccccn2)n1|85|40.6|18.3|0.5|0.0|49.4|0.0|27.9|19.5|0.0|6.7|23.2|11.6|0.0
Tubacin|1|10.0|O=C(CCCCCCC(=O)Nc1ccc([C@@H]2O[C@H](c3ccc(CO)cc3)C[C@H](CSc3nc(-c4ccccc4)c(-c4ccccc4)o3)O2)cc1)NO|87|58.2|14.3|0.0|23.4|37.2|22.6|27.2|51.2|0.0|11.9|0.0|44.7|27.5
Tubacin|2|2.0|O=C(CCCCCCC(=O)Nc1ccc([C@@H]2O[C@H](c3ccc(CO)cc3)C[C@H](CSc3nc(-c4ccccc4)c(-c4ccccc4)o3)O2)cc1)NO|97|14.7|6.0|0.0|25.5|0.0|20.9|41.5|42.8|0.0|22.7|0.0|36.2|16.8
SGC0946|1|10.0|CC(C)N(CCCNC(=O)Nc1ccc(C(C)(C)C)cc1)C[C@H]1O[C@@H](n2cc(Br)c3c(N)ncnc32)[C@H](O)[C@@H]1O|96|38.3|17.8|0.0|49.8|0.0|51.3|24.6|88.3|2.2|26.1|0.0|44.8|36.4
SGC0946|2|2.0|CC(C)N(CCCNC(=O)Nc1ccc(C(C)(C)C)cc1)C[C@H]1O[C@@H](n2cc(Br)c3c(N)ncnc32)[C@H](O)[C@@H]1O|95|9.2|0.0|0.0|61.3|0.0|61.3|34.1|75.2|2.4|45.5|0.0|62.8|37.2
SGC0946|2|6.0|CC(C)N(CCCNC(=O)Nc1ccc(C(C)(C)C)cc1)C[C@H]1O[C@@H](n2cc(Br)c3c(N)ncnc32)[C@H](O)[C@@H]1O|97|45.9|0.0|0.0|69.8|0.0|70.2|26.7|90.2|24.2|41.7|0.0|62.6|39.6
SGC0946|2|10.0|CC(C)N(CCCNC(=O)Nc1ccc(C(C)(C)C)cc1)C[C@H]1O[C@@H](n2cc(Br)c3c(N)ncnc32)[C@H](O)[C@@H]1O|108|57.3|0.0|0.0|68.5|0.0|66.2|19.2|94.9|22.9|36.9|0.0|61.5|34.7
GSK343|1|1.0|CCCc1cc(C)nc(O)c1CNC(=O)c1cc(-c2ccnc(N3CCN(C)CC3)c2)cc2c1cnn2C(C)C|97|13.1|8.3|0.0|18.2|6.1|9.7|29.9|40.7|0.0|16.1|0.0|35.0|7.0
GSK343|1|3.0|CCCc1cc(C)nc(O)c1CNC(=O)c1cc(-c2ccnc(N3CCN(C)CC3)c2)cc2c1cnn2C(C)C|102|42.7|0.0|0.0|76.1|0.0|73.1|13.7|95.2|37.3|44.4|0.0|68.0|43.2
GSK343|1|5.0|CCCc1cc(C)nc(O)c1CNC(=O)c1cc(-c2ccnc(N3CCN(C)CC3)c2)cc2c1cnn2C(C)C|89|66.0|0.0|0.0|76.5|0.0|74.6|20.7|92.1|36.8|52.1|0.0|71.3|50.9
GSK343|2|0.2|CCCc1cc(C)nc(O)c1CNC(=O)c1cc(-c2ccnc(N3CCN(C)CC3)c2)cc2c1cnn2C(C)C|95|5.5|0.0|0.0|53.2|0.0|50.8|12.8|73.3|25.4|15.8|0.0|55.9|15.5
GSK343|2|2.0|CCCc1cc(C)nc(O)c1CNC(=O)c1cc(-c2ccnc(N3CCN(C)CC3)c2)cc2c1cnn2C(C)C|98|45.6|0.0|0.0|64.3|0.0|62.0|4.2|93.4|22.7|24.2|0.0|57.2|21.4
I-CBP112 (hydrochloride)|1|10.0|CCC(=O)N1CCOc2c(cc(-c3ccc(OC)c(OC)c3)cc2OC[C@H]2CCCN(C)C2)C1|97|16.2|0.0|0.0|46.5|0.0|41.6|23.4|66.8|0.0|22.9|0.0|52.2|23.3
SGC-CBP30|1|10.0|COc1ccc(CCc2nc3cc(-c4c(C)noc4C)ccc3n2C[C@H](C)N2CCOCC2)cc1Cl|97|13.0|4.5|0.0|35.7|0.0|27.5|29.2|47.6|0.0|33.3|0.0|43.5|20.7
SGC-CBP30|1|30.0|COc1ccc(CCc2nc3cc(-c4c(C)noc4C)ccc3n2C[C@H](C)N2CCOCC2)cc1Cl|94|69.1|0.0|0.0|69.0|0.0|68.6|35.7|69.9|28.9|54.2|0.0|68.6|46.7
SGC-CBP30|1|50.0|COc1ccc(CCc2nc3cc(-c4c(C)noc4C)ccc3n2C[C@H](C)N2CCOCC2)cc1Cl|82|76.2|0.0|0.0|80.8|0.0|80.9|37.6|79.6|43.8|57.5|0.0|78.6|51.8
UNC0642|1|1.0|COc1cc2c(NC3CCN(C(C)C)CC3)nc(N3CCC(F)(F)CC3)nc2cc1OCCCN1CCCC1|89|30.2|0.0|0.0|60.8|0.0|60.4|0.0|87.9|28.7|20.9|0.0|57.7|30.2
UNC0642|1|1.0|COc1cc2c(NC3CCN(C(C)C)CC3)nc(N3CCC(F)(F)CC3)nc2cc1OCCCN1CCCC1|93|45.8|0.0|0.0|64.9|0.0|64.0|4.4|91.4|26.8|34.9|0.0|63.1|35.2
UNC0642|1|3.0|COc1cc2c(NC3CCN(C(C)C)CC3)nc(N3CCC(F)(F)CC3)nc2cc1OCCCN1CCCC1|95|71.5|0.0|0.0|68.3|0.0|66.3|0.0|84.9|33.9|38.2|0.0|66.1|35.9
UNC0642|1|3.0|COc1cc2c(NC3CCN(C(C)C)CC3)nc(N3CCC(F)(F)CC3)nc2cc1OCCCN1CCCC1|89|73.2|0.0|0.0|68.0|0.0|65.4|0.0|85.6|30.8|38.8|0.0|65.9|36.2
UNC0642|1|10.0|COc1cc2c(NC3CCN(C(C)C)CC3)nc(N3CCC(F)(F)CC3)nc2cc1OCCCN1CCCC1|73|84.5|0.0|0.0|72.1|0.0|70.0|0.0|83.8|35.6|47.8|0.0|71.2|45.5
UNC0642|2|2.0|COc1cc2c(NC3CCN(C(C)C)CC3)nc(N3CCC(F)(F)CC3)nc2cc1OCCCN1CCCC1|98|49.4|0.0|0.0|65.5|0.0|62.8|0.0|90.3|19.9|31.8|0.0|61.7|35.2
UNC0642|3|2.0|COc1cc2c(NC3CCN(C(C)C)CC3)nc(N3CCC(F)(F)CC3)nc2cc1OCCCN1CCCC1|103|25.0|0.0|0.0|64.9|0.0|61.5|0.0|92.4|22.3|29.6|0.0|58.6|29.0
UNC1999|1|1.0|CCCc1cc(C)nc(O)c1CNC(=O)c1cc(-c2ccc(N3CCN(C(C)C)CC3)nc2)cc2c1cnn2C(C)C|100|45.4|0.0|0.0|56.2|0.0|57.9|15.7|89.9|18.4|15.6|0.0|54.4|20.8
UNC1999|1|1.0|CCCc1cc(C)nc(O)c1CNC(=O)c1cc(-c2ccc(N3CCN(C(C)C)CC3)nc2)cc2c1cnn2C(C)C|100|47.3|0.0|0.0|60.4|0.0|62.3|18.6|92.7|20.7|24.2|0.0|58.8|26.4
UNC1999|1|3.0|CCCc1cc(C)nc(O)c1CNC(=O)c1cc(-c2ccc(N3CCN(C(C)C)CC3)nc2)cc2c1cnn2C(C)C|93|70.6|0.0|0.0|67.2|0.0|66.8|16.4|93.3|23.8|38.3|0.0|64.0|40.9
UNC1999|1|3.0|CCCc1cc(C)nc(O)c1CNC(=O)c1cc(-c2ccc(N3CCN(C(C)C)CC3)nc2)cc2c1cnn2C(C)C|92|68.7|0.0|0.0|66.5|0.0|65.2|14.7|92.9|21.9|36.9|0.0|64.1|40.3
UNC1999|2|2.0|CCCc1cc(C)nc(O)c1CNC(=O)c1cc(-c2ccc(N3CCN(C(C)C)CC3)nc2)cc2c1cnn2C(C)C|106|56.6|0.0|0.0|68.9|0.0|66.1|8.3|95.4|24.7|31.0|0.0|59.7|29.8
AGI-6780|1|10.0|O=C(Nc1cccc(C(F)(F)F)c1)Nc1cc(S(=O)(=O)NC2CC2)ccc1-c1ccsc1|98|5.9|0.0|0.0|59.9|0.0|62.2|39.7|72.6|13.2|32.2|0.0|67.1|44.5
AGI-6780|1|30.0|O=C(Nc1cccc(C(F)(F)F)c1)Nc1cc(S(=O)(=O)NC2CC2)ccc1-c1ccsc1|52|83.4|0.0|0.0|89.9|0.0|89.9|15.4|68.9|62.1|71.7|0.0|82.7|76.6
PFI-2 (hydrochloride)|1|10.0|O=C([C@@H](Cc1cccc(C(F)(F)F)c1)NS(=O)(=O)c1cc(F)c2c(c1)CCNC2)N1CCCC1|103|7.9|0.0|0.0|50.8|0.0|48.4|34.2|58.1|13.3|46.8|0.0|56.1|38.9
PFI-2 (hydrochloride)|1|30.0|O=C([C@@H](Cc1cccc(C(F)(F)F)c1)NS(=O)(=O)c1cc(F)c2c(c1)CCNC2)N1CCCC1|98|63.9|0.0|0.0|79.9|0.0|78.8|24.3|93.1|37.6|52.8|0.0|71.7|51.5
PFI-2 (hydrochloride)|1|50.0|O=C([C@@H](Cc1cccc(C(F)(F)F)c1)NS(=O)(=O)c1cc(F)c2c(c1)CCNC2)N1CCCC1|98|72.4|0.0|0.0|82.8|0.0|78.7|25.5|90.5|35.3|61.1|0.0|73.6|61.8
Pevonedistat|1|1.0|NS(=O)(=O)OC[C@@H]1C[C@@H](n2ccc3c(N[C@H]4CCc5ccccc54)ncnc32)C[C@@H]1O|73|59.2|0.0|51.8|32.6|8.1|36.5|0.6|38.2|27.4|22.3|0.0|59.9|0.6
Pevonedistat|1|1.0|NS(=O)(=O)OC[C@@H]1C[C@@H](n2ccc3c(N[C@H]4CCc5ccccc54)ncnc32)C[C@@H]1O|81|60.8|0.0|49.7|35.2|3.0|39.9|2.7|40.6|28.7|25.1|0.0|61.5|2.7
Pevonedistat|1|3.0|NS(=O)(=O)OC[C@@H]1C[C@@H](n2ccc3c(N[C@H]4CCc5ccccc54)ncnc32)C[C@@H]1O|64|72.4|0.0|27.5|48.7|5.2|46.7|5.4|55.3|32.1|37.5|0.0|71.5|25.2
Pevonedistat|1|3.0|NS(=O)(=O)OC[C@@H]1C[C@@H](n2ccc3c(N[C@H]4CCc5ccccc54)ncnc32)C[C@@H]1O|66|71.8|0.0|28.1|49.3|4.7|47.5|3.9|56.1|33.9|36.0|0.0|71.5|26.3
Pevonedistat|1|10.0|NS(=O)(=O)OC[C@@H]1C[C@@H](n2ccc3c(N[C@H]4CCc5ccccc54)ncnc32)C[C@@H]1O|64|78.1|0.0|34.7|31.8|28.2|29.6|4.3|41.6|25.1|22.8|0.0|63.9|13.0
Pevonedistat|2|0.1|NS(=O)(=O)OC[C@@H]1C[C@@H](n2ccc3c(N[C@H]4CCc5ccccc54)ncnc32)C[C@@H]1O|92|12.6|0.0|31.7|14.6|18.1|21.1|0.0|10.9|21.7|1.7|0.0|39.7|12.4
Pevonedistat|2|0.3|NS(=O)(=O)OC[C@@H]1C[C@@H](n2ccc3c(N[C@H]4CCc5ccccc54)ncnc32)C[C@@H]1O|90|28.8|0.0|49.8|26.6|0.0|32.7|0.0|20.8|35.9|26.4|0.0|51.8|6.4
Pevonedistat|2|1.0|NS(=O)(=O)OC[C@@H]1C[C@@H](n2ccc3c(N[C@H]4CCc5ccccc54)ncnc32)C[C@@H]1O|75|47.5|0.0|49.9|34.6|0.0|41.2|12.5|38.0|32.9|38.8|0.0|59.0|9.7
Pevonedistat|3|0.1|NS(=O)(=O)OC[C@@H]1C[C@@H](n2ccc3c(N[C@H]4CCc5ccccc54)ncnc32)C[C@@H]1O|77|27.8|0.0|30.9|19.3|24.1|20.6|0.0|22.1|14.0|2.7|0.0|48.0|9.1
Pevonedistat|3|0.3|NS(=O)(=O)OC[C@@H]1C[C@@H](n2ccc3c(N[C@H]4CCc5ccccc54)ncnc32)C[C@@H]1O|86|34.2|0.0|53.7|22.4|0.0|28.3|0.0|20.5|34.0|22.6|0.0|48.4|0.0
Pevonedistat|3|1.0|NS(=O)(=O)OC[C@@H]1C[C@@H](n2ccc3c(N[C@H]4CCc5ccccc54)ncnc32)C[C@@H]1O|74|40.2|0.0|56.2|13.5|14.6|19.2|7.6|19.4|18.3|34.3|0.0|44.1|0.7
A-366|1|10.0|COc1cc2c(cc1OCCCN1CCCC1)N=C(N)C21CCC1|97|11.2|0.0|0.0|45.4|2.2|40.5|8.5|63.3|18.3|26.1|0.0|51.9|25.6
A-366|1|30.0|COc1cc2c(cc1OCCCN1CCCC1)N=C(N)C21CCC1|81|66.0|0.0|0.0|67.0|0.0|59.9|27.7|56.6|34.7|73.1|0.0|75.7|49.6
A-366|1|50.0|COc1cc2c(cc1OCCCN1CCCC1)N=C(N)C21CCC1|69|79.1|0.0|0.0|80.0|0.0|76.6|37.2|65.6|49.6|77.1|0.0|83.4|59.0
OICR-9429|1|10.0|CN1CCN(c2ccc(-c3cccc(CN4CCOCC4)c3)cc2NC(=O)c2cnc(O)cc2C(F)(F)F)CC1|103|24.4|0.0|0.0|69.8|0.0|69.2|9.0|92.1|30.5|34.0|0.0|66.3|38.4
Tazemetostat|1|10.0|CCN(c1cc(-c2ccc(CN3CCOCC3)cc2)cc(C(=O)NCc2c(C)cc(C)nc2O)c1C)C1CCOCC1|99|34.2|0.0|0.0|70.6|0.0|71.5|10.5|94.0|24.0|34.0|0.0|62.3|31.4
Tazemetostat|2|2.0|CCN(c1cc(-c2ccc(CN3CCOCC3)cc2)cc(C(=O)NCc2c(C)cc(C)nc2O)c1C)C1CCOCC1|74|53.0|0.0|0.0|57.4|0.0|56.5|27.7|70.3|32.2|42.9|0.0|68.4|29.9
GSK-LSD1 (dihydrochloride)|1|30.0|c1ccc([C@@H]2C[C@H]2NC2CCNCC2)cc1|87|23.5|0.0|0.0|82.0|0.0|78.3|9.2|92.3|37.6|53.7|0.0|76.7|49.8
GSK-LSD1 (dihydrochloride)|1|50.0|c1ccc([C@@H]2C[C@H]2NC2CCNCC2)cc1|104|23.8|0.0|0.0|81.3|0.0|77.8|10.5|90.2|47.4|54.0|0.0|75.4|47.3
LLY-507|1|1.0|Cc1cn(CCN2CCN(c3ccccc3-c3cc(C#N)cc(C(=O)NCCCN4CCCC4)c3)CC2)c2ccccc12|100|51.6|0.0|0.0|74.5|0.0|73.4|11.6|96.6|36.7|47.2|0.0|66.0|43.8
LLY-507|1|1.0|Cc1cn(CCN2CCN(c3ccccc3-c3cc(C#N)cc(C(=O)NCCCN4CCCC4)c3)CC2)c2ccccc12|111|43.0|0.0|0.0|73.1|0.0|71.2|6.0|96.5|33.4|45.2|0.0|62.3|42.4
LLY-507|1|3.0|Cc1cn(CCN2CCN(c3ccccc3-c3cc(C#N)cc(C(=O)NCCCN4CCCC4)c3)CC2)c2ccccc12|98|80.0|0.0|0.0|75.9|0.0|72.4|14.7|89.7|31.1|55.2|0.0|71.7|53.2
LLY-507|1|3.0|Cc1cn(CCN2CCN(c3ccccc3-c3cc(C#N)cc(C(=O)NCCCN4CCCC4)c3)CC2)c2ccccc12|95|80.5|0.0|0.0|76.3|0.0|72.4|11.4|89.3|32.7|54.3|0.0|72.1|53.3
LLY-507|2|0.2|Cc1cn(CCN2CCN(c3ccccc3-c3cc(C#N)cc(C(=O)NCCCN4CCCC4)c3)CC2)c2ccccc12|91|10.2|0.0|6.7|42.0|0.0|50.7|27.9|61.1|21.3|25.3|0.0|46.5|2.3
LLY-507|2|2.0|Cc1cn(CCN2CCN(c3ccccc3-c3cc(C#N)cc(C(=O)NCCCN4CCCC4)c3)CC2)c2ccccc12|103|70.6|0.0|0.0|75.0|0.0|72.9|10.6|95.6|29.0|45.7|0.0|66.4|38.2
CFI-400945|1|10.0|COc1ccc2c(c1)[C@]1(C[C@H]1c1ccc3c(/C=C/c4ccc(CN5C[C@H](C)O[C@H](C)C5)cc4)[nH]nc3c1)C(=O)N2|63|49.1|0.0|97.1|0.0|20.1|0.0|14.9|0.0|0.0|0.0|7.3|0.0|0.0
RGFP966|1|10.0|Nc1cc(F)ccc1NC(=O)/C=C/c1cnn(C/C=C/c2ccccc2)c1|77|15.2|33.7|0.0|0.0|4.6|1.8|59.7|0.0|0.0|7.4|25.8|0.0|23.9
SGC707|3|2.0|O=C(NCC(=O)N1CCCC1)Nc1ccc2cnccc2c1|99|7.9|85.4|0.0|0.0|70.3|0.0|0.0|0.0|0.0|0.0|79.0|0.0|0.0
OF-1|1|30.0|COc1cc2c(cc1NS(=O)(=O)c1ccc(Br)cc1C)n(C)c(=O)n2C|98|43.4|0.0|0.0|69.6|0.0|68.1|37.9|65.7|31.2|47.8|0.0|66.1|44.1
OF-1|1|50.0|COc1cc2c(cc1NS(=O)(=O)c1ccc(Br)cc1C)n(C)c(=O)n2C|98|56.0|0.0|0.0|77.5|0.0|77.8|37.7|75.5|40.1|53.5|0.0|74.6|48.1
Romidepsin|1|0.2|C/C=C1\NC(=O)[C@H]2CSSCC/C=C/[C@H](CC(=O)N[C@H](C(C)C)C(=O)N2)OC(=O)[C@H](C(C)C)NC1=O|74|69.1|0.0|0.0|85.2|0.0|93.8|31.1|77.0|61.0|70.2|0.0|77.5|73.4
Romidepsin|1|0.2|C/C=C1\NC(=O)[C@H]2CSSCC/C=C/[C@H](CC(=O)N[C@H](C(C)C)C(=O)N2)OC(=O)[C@H](C(C)C)NC1=O|69|69.3|0.0|0.0|86.5|0.0|95.3|30.2|76.3|63.9|70.5|0.0|78.9|72.4
Romidepsin|1|0.6|C/C=C1\NC(=O)[C@H]2CSSCC/C=C/[C@H](CC(=O)N[C@H](C(C)C)C(=O)N2)OC(=O)[C@H](C(C)C)NC1=O|70|68.4|0.0|0.0|83.3|0.0|92.8|32.2|77.3|62.4|69.0|0.0|76.9|70.1
Romidepsin|1|0.6|C/C=C1\NC(=O)[C@H]2CSSCC/C=C/[C@H](CC(=O)N[C@H](C(C)C)C(=O)N2)OC(=O)[C@H](C(C)C)NC1=O|71|68.2|0.0|0.0|82.9|0.0|92.2|30.8|77.6|61.6|69.3|0.0|76.1|69.2
Romidepsin|1|2.0|C/C=C1\NC(=O)[C@H]2CSSCC/C=C/[C@H](CC(=O)N[C@H](C(C)C)C(=O)N2)OC(=O)[C@H](C(C)C)NC1=O|63|68.9|0.0|0.0|81.9|0.0|90.4|25.7|73.6|64.6|67.2|0.0|80.4|69.9
MI-77301|1|10.0|CC(C)(C)C[C@@H]1N[C@@H](C(=O)NC2CCC(O)CC2)[C@H](c2cccc(Cl)c2F)C12C(=O)Nc1cc(Cl)ccc12|80|51.3|23.4|0.0|47.2|20.6|43.9|36.1|72.2|9.4|34.8|0.0|61.8|60.7
GSK484 (hydrochloride)|1|10.0|COc1cc(C(=O)N2CC[C@@H](O)[C@@H](N)C2)cc2nc(-c3cc4ccccc4n3CC3CC3)n(C)c12|93|58.2|0.0|0.0|68.0|0.0|66.7|18.0|93.3|21.3|40.6|0.0|61.7|42.9
I-BRD9|1|10.0|CCn1cc(-c2cccc(C(F)(F)F)c2)c2sc(C(=N)NC3CCS(=O)(=O)CC3)cc2c1=O|101|37.0|0.0|0.0|69.4|0.0|67.7|24.6|78.5|20.7|48.3|0.0|72.2|54.9
DDR1-IN-1 (hydrat)|1|1.0|CCN1CCN(Cc2ccc(C(=O)Nc3ccc(C)c(Oc4ccc5c(c4)CC(=O)N5)c3)cc2C(F)(F)F)CC1|96|44.2|0.0|0.0|60.3|0.0|60.2|24.6|83.1|13.1|37.5|0.0|66.3|31.5
DDR1-IN-1 (hydrat)|1|1.0|CCN1CCN(Cc2ccc(C(=O)Nc3ccc(C)c(Oc4ccc5c(c4)CC(=O)N5)c3)cc2C(F)(F)F)CC1|101|40.6|0.0|0.0|68.6|0.0|68.4|27.4|87.0|22.9|49.0|0.0|72.0|40.0
DDR1-IN-1 (hydrat)|1|3.0|CCN1CCN(Cc2ccc(C(=O)Nc3ccc(C)c(Oc4ccc5c(c4)CC(=O)N5)c3)cc2C(F)(F)F)CC1|90|75.0|0.0|0.0|74.9|0.0|72.4|18.1|94.2|30.5|52.8|0.0|74.1|48.7
DDR1-IN-1 (hydrat)|1|3.0|CCN1CCN(Cc2ccc(C(=O)Nc3ccc(C)c(Oc4ccc5c(c4)CC(=O)N5)c3)cc2C(F)(F)F)CC1|96|73.2|0.0|0.0|75.0|0.0|72.2|19.1|94.8|29.2|51.5|0.0|73.7|49.7
(S)-PFI-2 (hydrochloride)|1|10.0|O=C([C@H](Cc1cccc(C(F)(F)F)c1)NS(=O)(=O)c1cc(F)c2c(c1)CCNC2)N1CCCC1|93|25.2|23.5|0.0|44.6|1.6|45.4|25.4|70.1|6.3|50.9|0.0|50.5|56.1
BAY-598|1|10.0|CCN(C(=O)CO)[C@H]1CN(/C(=N\C#N)Nc2cccc(OC(F)F)c2)N=C1c1ccc(Cl)c(Cl)c1|99|11.6|0.0|0.0|47.4|0.0|46.6|42.2|58.5|0.0|37.1|0.0|53.7|26.1
BAY-598|1|30.0|CCN(C(=O)CO)[C@H]1CN(/C(=N\C#N)Nc2cccc(OC(F)F)c2)N=C1c1ccc(Cl)c(Cl)c1|96|32.1|0.0|0.0|55.0|0.0|58.3|52.2|56.2|26.3|39.8|0.0|56.1|46.2
BAY-598|1|50.0|CCN(C(=O)CO)[C@H]1CN(/C(=N\C#N)Nc2cccc(OC(F)F)c2)N=C1c1ccc(Cl)c(Cl)c1|84|41.5|0.0|0.0|63.0|0.0|62.1|51.1|57.5|33.3|48.7|0.0|63.0|63.3
NVS-CECR2-1|1|1.0|CCCS(=O)(=O)c1nc(NC2CC2)cc(-c2ccc3c(ccn3C3CC(C)(C)NC(C)(C)C3)c2)n1|101|6.2|40.2|0.0|10.4|49.9|7.7|31.8|51.3|0.0|0.0|12.5|27.8|23.9
NVS-CECR2-1|1|3.0|CCCS(=O)(=O)c1nc(NC2CC2)cc(-c2ccc3c(ccn3C3CC(C)(C)NC(C)(C)C3)c2)n1|73|80.1|0.0|0.0|73.3|0.0|68.3|13.2|81.9|36.5|58.6|0.0|76.6|54.3
NVS-CECR2-1|1|3.0|CCCS(=O)(=O)c1nc(NC2CC2)cc(-c2ccc3c(ccn3C3CC(C)(C)NC(C)(C)C3)c2)n1|74|78.4|0.0|0.0|62.8|1.3|56.2|17.4|80.0|26.2|46.4|0.0|73.8|52.9
A-196|1|30.0|Clc1cc2c(NC3CCCC3)nnc(-c3ccncc3)c2cc1Cl|79|27.6|0.0|0.0|50.3|0.0|51.3|34.9|65.6|33.4|33.8|0.0|58.9|20.8
A-196|1|50.0|Clc1cc2c(NC3CCCC3)nnc(-c3ccncc3)c2cc1Cl|83|40.8|0.0|0.0|57.6|0.0|59.9|47.0|65.7|32.1|46.5|0.0|60.3|40.9
MS049 (hydrochloride)|1|30.0|CNCCN1CCC(OCc2ccccc2)CC1|99|43.0|0.0|0.0|87.4|0.0|84.3|0.7|82.1|60.6|68.5|0.0|80.8|46.5
MS049 (hydrochloride)|1|50.0|CNCCN1CCC(OCc2ccccc2)CC1|96|29.9|0.0|0.0|87.0|0.0|83.2|18.3|84.2|46.0|67.5|0.0|81.9|55.8
GSK591|1|30.0|O=C(NC[C@H](O)CN1CCc2ccccc2C1)c1ccnc(NC2CCC2)c1|97|25.6|0.0|0.0|47.2|0.0|43.1|18.9|69.8|18.1|13.8|0.0|54.1|12.4
GSK591|1|50.0|O=C(NC[C@H](O)CN1CCc2ccccc2C1)c1ccnc(NC2CCC2)c1|109|23.3|0.0|0.0|38.0|0.0|33.1|27.6|59.6|7.3|19.3|0.0|50.2|14.5
MS023 (hydrochloride)|1|10.0|CC(C)Oc1ccc(-c2c[nH]cc2CN(C)CCN)cc1|95|33.7|0.0|0.0|73.3|0.0|73.1|0.0|78.9|46.5|46.4|0.0|69.2|30.2
BLU9931|1|10.0|C=CC(=O)Nc1cccc(C)c1Nc1ncc2cc(-c3c(Cl)c(OC)cc(OC)c3Cl)ccc2n1|70|51.5|39.3|9.3|0.0|80.5|0.0|34.5|13.0|0.0|0.0|51.2|0.0|0.0
BLU9931|2|6.0|C=CC(=O)Nc1cccc(C)c1Nc1ncc2cc(-c3c(Cl)c(OC)cc(OC)c3Cl)ccc2n1|93|14.9|58.9|10.8|0.0|86.5|0.0|28.2|0.0|0.0|0.0|76.5|0.0|0.0
BLU9931|2|10.0|C=CC(=O)Nc1cccc(C)c1Nc1ncc2cc(-c3c(Cl)c(OC)cc(OC)c3Cl)ccc2n1|94|20.9|66.7|0.0|0.0|84.4|0.0|24.1|0.0|0.0|0.0|76.6|0.0|0.0
CCT251545|1|10.0|Cn1cc(-c2ccc(-c3cncc(Cl)c3N3CCC4(CCNC4=O)CC3)cc2)cn1|86|17.1|30.9|22.2|0.0|63.3|0.0|51.0|25.1|0.0|0.0|45.9|0.0|0.0
PF-CBP1|1|10.0|CCCOc1ccc(CCc2nc3cc(-c4c(C)noc4C)ccc3n2CCN2CCOCC2)cc1|99|20.9|37.8|0.0|15.7|6.8|4.2|48.0|32.4|0.0|16.9|0.0|32.7|31.3
CPI-360|2|10.0|COc1cc(C)nc(O)c1CNC(=O)c1c(C)n([C@H](C)C2CCOCC2)c2ccccc12|99|7.9|0.0|21.0|17.7|0.3|17.2|38.5|39.1|0.0|16.9|0.0|34.2|0.0
URMC-099|1|1.0|CN1CCN(Cc2ccc(-c3cnc4[nH]cc(-c5ccc6[nH]ccc6c5)c4c3)cc2)CC1|93|61.3|45.7|0.0|37.7|0.0|47.4|45.3|71.5|2.9|29.3|0.0|40.3|52.5
URMC-099|1|1.0|CN1CCN(Cc2ccc(-c3cnc4[nH]cc(-c5ccc6[nH]ccc6c5)c4c3)cc2)CC1|95|61.7|42.1|0.0|41.2|0.0|49.3|41.2|75.9|4.4|27.2|0.0|42.4|52.2
URMC-099|1|3.0|CN1CCN(Cc2ccc(-c3cnc4[nH]cc(-c5ccc6[nH]ccc6c5)c4c3)cc2)CC1|86|67.0|39.8|0.0|36.3|0.0|46.7|44.7|65.6|0.1|37.8|0.0|36.1|50.0
URMC-099|1|3.0|CN1CCN(Cc2ccc(-c3cnc4[nH]cc(-c5ccc6[nH]ccc6c5)c4c3)cc2)CC1|89|67.2|40.1|0.0|37.2|0.0|47.8|44.0|65.0|2.2|39.9|0.0|36.3|51.3
Infigratinib|1|10.0|CCN1CCN(c2ccc(Nc3cc(N(C)C(=O)Nc4c(Cl)c(OC)cc(OC)c4Cl)ncn3)cc2)CC1|93|8.5|0.0|0.0|54.9|0.0|64.2|36.8|73.6|14.9|37.6|0.0|51.2|27.5
BMX-IN-1|1|30.0|C=CC(=O)Nc1cc(-n2c(=O)ccc3cnc4ccc(-c5ccc(NS(C)(=O)=O)cc5)cc4c32)ccc1C|73|84.1|0.0|0.0|78.3|0.0|74.0|34.1|64.6|52.1|73.8|0.0|79.7|75.5
Bafetinib|1|1.0|Cc1ccc(NC(=O)c2ccc(CN3CC[C@H](N(C)C)C3)c(C(F)(F)F)c2)cc1Nc1nccc(-c2cncnc2)n1|99|49.2|0.4|0.0|62.2|0.0|62.3|31.2|82.7|16.8|44.4|0.0|65.3|51.4
Bafetinib|1|1.0|Cc1ccc(NC(=O)c2ccc(CN3CC[C@H](N(C)C)C3)c(C(F)(F)F)c2)cc1Nc1nccc(-c2cncnc2)n1|100|48.9|0.0|0.0|64.9|0.0|64.6|26.0|85.2|21.1|43.0|0.0|67.7|47.9
Bafetinib|1|3.0|Cc1ccc(NC(=O)c2ccc(CN3CC[C@H](N(C)C)C3)c(C(F)(F)F)c2)cc1Nc1nccc(-c2cncnc2)n1|97|68.7|0.0|0.0|73.5|0.0|72.9|21.9|92.5|31.6|48.9|0.0|70.7|51.7
Bafetinib|1|3.0|Cc1ccc(NC(=O)c2ccc(CN3CC[C@H](N(C)C)C3)c(C(F)(F)F)c2)cc1Nc1nccc(-c2cncnc2)n1|95|67.5|0.0|0.0|73.7|0.0|72.7|21.8|92.0|29.9|52.3|0.0|70.7|52.5
Mps1-IN-1|1|10.0|COc1cc(N2CCC(O)CC2)ccc1Nc1cc(Nc2ccccc2S(=O)(=O)C(C)C)c2cc[nH]c2n1|96|35.4|50.5|0.0|9.0|38.0|7.5|47.4|48.5|0.0|7.6|14.5|30.4|30.6
HG-9-91-01|1|1.0|COc1ccc(N(C(=O)Nc2c(C)cccc2C)c2cc(Nc3ccc(N4CCN(C)CC4)cc3)ncn2)c(OC)c1|105|63.6|0.1|0.0|76.2|0.0|74.6|40.2|78.3|34.7|58.8|0.0|76.6|64.1
HG-9-91-01|1|1.0|COc1ccc(N(C(=O)Nc2c(C)cccc2C)c2cc(Nc3ccc(N4CCN(C)CC4)cc3)ncn2)c(OC)c1|96|66.3|0.0|0.0|77.2|0.0|75.0|38.8|81.2|34.5|61.7|0.0|78.3|65.5
HG-9-91-01|1|3.0|COc1ccc(N(C(=O)Nc2c(C)cccc2C)c2cc(Nc3ccc(N4CCN(C)CC4)cc3)ncn2)c(OC)c1|94|70.5|0.0|0.0|76.5|0.0|75.3|38.6|82.6|34.8|57.2|0.0|78.0|63.7
HG-9-91-01|1|3.0|COc1ccc(N(C(=O)Nc2c(C)cccc2C)c2cc(Nc3ccc(N4CCN(C)CC4)cc3)ncn2)c(OC)c1|85|72.0|0.0|0.0|78.3|0.0|76.7|38.4|84.0|36.4|60.1|0.0|79.5|63.7
GSK583|1|10.0|CC(C)(C)S(=O)(=O)c1ccc2nccc(Nc3[nH]nc4ccc(F)cc34)c2c1|96|26.4|7.1|0.0|75.6|0.0|73.5|17.7|81.2|29.4|58.3|0.0|68.0|68.1
BAY-299|1|10.0|Cc1cc2c(cc1N1C(=O)c3cccc4c(CCCO)ccc(c34)C1=O)n(C)c(=O)n2C|60|42.0|17.0|57.4|0.0|77.0|0.0|26.4|0.0|0.0|0.0|59.3|0.0|0.0
BAY-299|2|2.0|Cc1cc2c(cc1N1C(=O)c3cccc4c(CCCO)ccc(c34)C1=O)n(C)c(=O)n2C|80|13.8|10.0|64.4|0.0|73.4|0.0|11.8|0.0|0.0|0.0|64.8|0.0|0.0
Talazoparib|1|10.0|Cn1ncnc1[C@H]1c2nnc(O)c3cc(F)cc(c23)N[C@@H]1c1ccc(F)cc1|75|31.1|51.0|30.5|0.0|93.6|0.0|7.8|0.0|0.0|0.0|79.8|0.0|0.0
AZ6102|1|1.0|Cc1cc(N2C[C@H](C)N[C@H](C)C2)ncc1-c1ccc(-c2nc(O)c3ccn(C)c3n2)cc1|96|6.6|0.0|0.0|48.6|0.0|55.8|46.2|61.4|18.8|16.1|0.0|51.8|28.6
AZ6102|1|1.0|Cc1cc(N2C[C@H](C)N[C@H](C)C2)ncc1-c1ccc(-c2nc(O)c3ccn(C)c3n2)cc1|106|6.6|0.0|0.0|65.1|0.0|66.2|44.2|69.1|29.5|46.1|0.0|69.8|47.5
AZ6102|1|3.0|Cc1cc(N2C[C@H](C)N[C@H](C)C2)ncc1-c1ccc(-c2nc(O)c3ccn(C)c3n2)cc1|90|75.1|0.0|0.0|80.8|0.0|77.9|30.9|85.4|43.2|64.5|0.0|84.4|60.8
AZ6102|1|3.0|Cc1cc(N2C[C@H](C)N[C@H](C)C2)ncc1-c1ccc(-c2nc(O)c3ccn(C)c3n2)cc1|88|67.9|0.0|0.0|81.1|0.0|76.8|23.7|86.7|43.1|62.3|0.0|83.2|62.4
AZ6102|2|2.0|Cc1cc(N2C[C@H](C)N[C@H](C)C2)ncc1-c1ccc(-c2nc(O)c3ccn(C)c3n2)cc1|95|18.5|0.0|0.0|52.3|0.0|54.9|34.6|64.6|23.2|29.1|0.0|60.0|14.7
TP-472|1|3.0|CC(=O)c1cc(-c2cc(C(=O)NC3CC3)ccc2C)c2ncccn12|95|7.9|0.0|0.0|74.8|0.0|77.8|4.4|60.1|65.7|41.1|0.0|76.2|54.4
TP-472|1|10.0|CC(=O)c1cc(-c2cc(C(=O)NC3CC3)ccc2C)c2ncccn12|72|63.7|0.0|0.0|77.2|0.0|74.9|32.3|65.7|57.2|59.9|0.0|95.9|58.2
TP-064|1|3.0|CNCCN1CCC(c2cc(CN(C)C(=O)c3cccc(Oc4ccccc4)c3)ccn2)CC1|107|22.1|0.0|0.0|75.9|0.0|76.9|16.1|93.1|39.0|49.7|0.0|70.8|40.9
TP-064|1|3.0|CNCCN1CCC(c2cc(CN(C)C(=O)c3cccc(Oc4ccccc4)c3)ccn2)CC1|96|29.0|0.0|0.0|68.6|0.0|70.0|13.7|88.8|35.9|39.2|0.0|67.2|29.0
TP-064|1|10.0|CNCCN1CCC(c2cc(CN(C)C(=O)c3cccc(Oc4ccccc4)c3)ccn2)CC1|93|79.8|0.0|0.0|73.7|0.0|76.4|18.5|91.8|30.6|49.0|0.0|69.9|38.5
GSK6853|1|10.0|COc1ccccc1C(=O)Nc1cc2c(cc1N1CCNC[C@H]1C)n(C)c(=O)n2C|91|49.9|0.0|0.0|66.0|0.0|67.1|17.9|91.7|23.2|41.4|0.0|67.0|40.8
eCF309|1|10.0|CCOC(Cn1nc(-c2ccc3oc(N)nc3c2)c2c(N)ncnc21)OCC|75|59.2|92.9|0.0|0.0|55.2|0.0|26.9|0.0|0.0|0.0|58.2|0.0|34.3
MZ1|1|2.0|Cc1ncsc1-c1ccc(CNC(=O)[C@@H]2C[C@@H](O)CN2C(=O)[C@@H](NC(=O)COCCOCCOCCNC(=O)C[C@@H]2N=C(c3ccc(Cl)cc3)c3c(sc(C)c3C)-n3c(C)nnc32)C(C)(C)C)cc1|67|38.0|0.0|0.0|77.0|0.0|72.0|1.4|77.9|54.5|44.1|0.0|80.6|58.3
THZ1|1|1.0|CN(C)C/C=C/C(=O)Nc1ccc(C(=O)Nc2cccc(Nc3ncc(Cl)c(-c4c[nH]c5ccccc45)n3)c2)cc1|61|78.1|0.0|0.0|62.3|0.0|61.0|34.1|77.4|25.2|45.8|0.0|70.1|51.6
THZ1|1|1.0|CN(C)C/C=C/C(=O)Nc1ccc(C(=O)Nc2cccc(Nc3ncc(Cl)c(-c4c[nH]c5ccccc45)n3)c2)cc1|67|75.6|0.0|0.0|63.3|0.0|60.9|30.1|77.8|28.0|45.8|0.0|70.3|52.5
Ionomycin|1|2.0|C[C@H](C[C@H](C)C(=O)/C=C(\O)[C@H](C)C[C@H](C)C/C=C/[C@@H](C)[C@@H](O)[C@@H](C)[C@@H](O)C[C@@H]1CC[C@@](C)([C@H]2CC[C@@](C)([C@@H](C)O)O2)O1)C[C@H](C)CCC(=O)O|82|17.6|0.0|0.0|78.1|0.0|74.2|31.4|66.8|57.3|64.5|0.0|78.7|63.1
STF-62247|1|2.0|Cc1cccc(Nc2nc(-c3ccncc3)cs2)c1|92|44.2|20.5|0.0|34.6|0.0|36.8|50.2|47.2|1.0|33.4|0.0|51.1|40.6
Belinostat|1|2.0|O=C(/C=C/c1cccc(S(=O)(=O)Nc2ccccc2)c1)NO|68|53.2|0.0|0.0|79.9|0.0|92.6|25.3|67.5|68.8|60.3|0.0|79.4|62.1
Belinostat|2|0.2|O=C(/C=C/c1cccc(S(=O)(=O)Nc2ccccc2)c1)NO|91|31.4|0.0|0.0|86.9|0.0|88.1|0.0|65.2|62.6|44.1|0.0|80.0|49.6
Belinostat|2|2.0|O=C(/C=C/c1cccc(S(=O)(=O)Nc2ccccc2)c1)NO|80|54.7|0.0|0.0|88.2|0.0|98.6|19.5|69.5|65.5|67.6|0.0|79.7|62.6
SRT 1720|2|1.0|O=C(Nc1ccccc1-c1cn2c(CN3CCNCC3)csc2n1)c1cnc2ccccc2n1|105|5.0|0.0|0.0|55.5|0.0|47.4|22.5|63.6|23.9|40.0|0.0|63.3|36.7
SRT 1720|2|1.0|O=C(Nc1ccccc1-c1cn2c(CN3CCNCC3)csc2n1)c1cnc2ccccc2n1|106|5.9|2.9|0.0|32.4|0.0|27.1|21.4|57.6|2.6|0.0|0.0|37.3|9.1
SRT 1720|2|3.0|O=C(Nc1ccccc1-c1cn2c(CN3CCNCC3)csc2n1)c1cnc2ccccc2n1|89|81.5|0.0|0.0|68.7|0.0|67.3|22.4|83.3|28.3|56.4|0.0|75.0|47.2
Sepantronium (bromide)|1|0.2|COCCn1c2c([n+](Cc3cnccn3)c1C)C(=O)c1ccccc1C2=O|55|70.3|18.7|0.0|49.7|0.0|53.4|38.3|59.8|35.0|51.3|0.0|51.2|50.9
Sepantronium (bromide)|1|0.2|COCCn1c2c([n+](Cc3cnccn3)c1C)C(=O)c1ccccc1C2=O|56|67.7|22.4|0.0|43.2|0.0|45.0|36.6|54.7|30.6|48.1|0.0|45.6|47.8
Sepantronium (bromide)|1|0.6|COCCn1c2c([n+](Cc3cnccn3)c1C)C(=O)c1ccccc1C2=O|54|82.4|0.0|0.0|67.3|0.0|69.0|20.3|68.3|53.9|61.0|0.0|63.9|52.0
Sepantronium (bromide)|1|2.0|COCCn1c2c([n+](Cc3cnccn3)c1C)C(=O)c1ccccc1C2=O|51|74.4|0.0|0.0|57.4|0.0|62.6|17.5|57.1|53.4|52.6|0.0|54.2|43.9
Ivacaftor|1|6.0|CC(C)(C)c1cc(C(C)(C)C)c(NC(=O)c2cnc3ccccc3c2O)cc1O|101|11.4|0.0|0.0|45.5|0.0|30.6|11.7|53.6|13.8|20.3|0.0|46.0|8.4
Ganetespib|1|2.0|CC(C)c1cc(-c2nnc(O)n2-c2ccc3c(ccn3C)c2)c(O)cc1O|68|22.8|14.6|24.3|0.0|2.0|2.7|74.4|0.0|12.7|0.0|26.1|6.5|2.2
|1|10.0|COc1cc(OC)c2c(c1Cl)OC1(CCC3(CC1C)OCCc1c3[nH]c3ccc(C)cc13)C2=O|87|26.3|59.2|16.5|0.0|79.0|0.0|31.4|0.0|0.0|0.0|86.4|0.0|0.0
|1|10.0|COc1cc(OC)c2c(c1Cl)OC1(CCC3(CC1C)OCCc1c3[nH]c3ccc(C)cc13)C2=O|81|34.2|54.8|15.8|0.0|83.4|0.0|18.2|0.0|0.0|0.0|95.8|0.0|0.0
|1|30.0|COc1cc(OC)c2c(c1Cl)OC1(CCC3(CC1C)OCCc1c3[nH]c3ccc(C)cc13)C2=O|93|31.8|67.8|0.0|0.0|83.1|0.0|29.2|0.0|0.0|0.0|88.3|0.0|0.0
|1|50.0|COc1cc(OC)c2c(c1Cl)OC1(CCC3(CC1C)OCCc1c3[nH]c3ccc(C)cc13)C2=O|73|37.1|52.0|0.0|10.1|3.3|14.7|61.3|25.5|5.2|26.7|17.7|22.9|52.1
Adavosertib|1|2.0|C=CCn1c(=O)c2cnc(Nc3ccc(N4CCN(C)CC4)cc3)nc2n1-c1cccc(C(C)(C)O)n1|80|34.9|0.0|0.0|70.7|0.0|71.2|34.9|48.9|60.4|47.8|0.0|78.8|62.0
Pimobendan|1|6.0|COc1ccc(-c2nc3cc(C4=NNC(=O)CC4C)ccc3[nH]2)cc1|88|32.5|0.0|2.5|55.5|0.0|61.3|54.6|53.6|30.9|53.3|0.0|73.4|25.0
Pimobendan|1|10.0|COc1ccc(-c2nc3cc(C4=NNC(=O)CC4C)ccc3[nH]2)cc1|82|27.1|0.0|0.0|61.8|0.0|57.0|42.2|57.3|39.2|53.3|0.0|80.3|38.8
AG-14361|1|6.0|CN(C)Cc1ccc(-c2nc3cccc4c3n2CCNC4=O)cc1|84|15.2|23.9|32.2|0.0|77.6|0.0|0.0|5.4|0.0|0.0|46.3|0.0|0.0
AG-14361|1|10.0|CN(C)Cc1ccc(-c2nc3cccc4c3n2CCNC4=O)cc1|81|7.6|25.9|47.7|0.0|76.1|0.0|11.6|0.0|0.0|0.0|52.8|0.0|0.0
Galunisertib|1|6.0|Cc1cccc(-c2nn3c(c2-c2ccnc4ccc(C(N)=O)cc24)CCC3)n1|105|11.6|0.0|0.0|72.6|0.0|69.2|0.0|38.4|54.1|53.2|0.0|67.7|46.1
Galunisertib|1|10.0|Cc1cccc(-c2nn3c(c2-c2ccnc4ccc(C(N)=O)cc24)CCC3)n1|103|5.4|0.0|0.0|66.0|0.0|57.3|14.3|42.4|37.6|45.7|0.0|62.6|38.6
PF-3845|1|10.0|O=C(Nc1cccnc1)N1CCC(Cc2cccc(Oc3ccc(C(F)(F)F)cn3)c2)CC1|110|13.3|0.0|0.0|37.1|0.0|30.7|0.0|53.0|32.0|0.0|0.0|31.4|0.0
AZ3146|1|2.0|COc1cc(OC2CCN(C)CC2)ccc1Nc1ncc2c(n1)n(C1CCCC1)c(=O)n2C|104|11.7|0.0|0.0|22.6|0.0|20.0|32.2|47.6|0.0|10.9|0.0|36.7|3.9
AZ3146|1|6.0|COc1cc(OC2CCN(C)CC2)ccc1Nc1ncc2c(n1)n(C1CCCC1)c(=O)n2C|109|51.8|0.0|0.0|66.3|0.0|66.6|23.7|83.5|25.9|42.8|0.0|68.2|42.9
AZ3146|1|10.0|COc1cc(OC2CCN(C)CC2)ccc1Nc1ncc2c(n1)n(C1CCCC1)c(=O)n2C|92|64.4|0.0|0.0|78.0|0.0|73.2|8.5|92.0|38.9|41.1|0.0|71.8|43.9
Evofosfamide|1|6.0|Cn1c(COP(=O)(NCCBr)NCCBr)cnc1[N+](=O)[O-]|84|6.2|24.9|53.4|0.0|72.5|0.0|3.2|0.0|0.0|0.0|64.6|0.0|0.0
Evofosfamide|1|10.0|Cn1c(COP(=O)(NCCBr)NCCBr)cnc1[N+](=O)[O-]|88|10.4|46.4|38.4|0.0|84.1|0.0|0.0|0.0|0.0|0.0|80.3|0.0|0.0
Rimonabant|1|2.0|Cc1c(C(=O)NN2CCCCC2)nn(-c2ccc(Cl)cc2Cl)c1-c1ccc(Cl)cc1|99|5.4|68.4|0.0|0.0|54.0|0.0|0.0|0.0|0.0|0.0|68.6|0.0|0.0
Rimonabant|1|6.0|Cc1c(C(=O)NN2CCCCC2)nn(-c2ccc(Cl)cc2Cl)c1-c1ccc(Cl)cc1|102|9.0|17.4|0.0|11.7|1.9|9.6|34.9|40.9|0.0|11.6|1.0|18.7|0.0
Rimonabant|1|10.0|Cc1c(C(=O)NN2CCCCC2)nn(-c2ccc(Cl)cc2Cl)c1-c1ccc(Cl)cc1|95|15.7|0.0|0.0|39.7|0.0|33.4|33.5|58.6|12.3|26.7|0.0|47.9|9.7
Tenovin-6 (Hydrochloride)|1|2.0|CN(C)CCCCC(=O)Nc1ccc(NC(=S)NC(=O)c2ccc(C(C)(C)C)cc2)cc1|96|50.8|0.0|0.0|66.3|0.0|63.2|11.9|87.9|23.6|39.7|0.0|60.9|37.3
EPZ005687|1|6.0|Cc1cc(C)c(CNC(=O)c2cc(-c3ccc(CN4CCOCC4)cc3)cc3c2cnn3C2CCCC2)c(O)n1|100|29.0|0.0|0.0|40.1|0.0|39.7|23.4|58.5|10.7|21.8|0.0|49.1|14.5
EPZ005687|1|10.0|Cc1cc(C)c(CNC(=O)c2cc(-c3ccc(CN4CCOCC4)cc3)cc3c2cnn3C2CCCC2)c(O)n1|110|16.8|0.0|0.0|40.0|0.0|37.9|25.9|59.7|7.9|21.5|0.0|45.1|0.0
EPZ005687|2|2.0|Cc1cc(C)c(CNC(=O)c2cc(-c3ccc(CN4CCOCC4)cc3)cc3c2cnn3C2CCCC2)c(O)n1|103|6.2|0.5|0.0|16.7|0.0|12.9|44.3|36.0|0.0|21.0|0.0|26.6|0.0
Tepotinib (EMD 1214063)|1|2.0|CN1CCC(COc2cnc(-c3cccc(Cn4nc(-c5cccc(C#N)c5)ccc4=O)c3)nc2)CC1|94|37.3|0.0|0.0|65.8|0.0|70.0|7.7|84.2|23.1|38.7|0.0|59.7|24.0
SC144|1|2.0|O=C(NNc1nc2cc(F)ccc2n2cccc12)c1cnccn1|69|52.3|41.4|9.3|0.0|92.7|0.0|15.8|0.0|0.0|0.0|61.6|0.0|0.0
KPT-185|1|2.0|COc1cc(-c2ncn(/C=C\C(=O)OC(C)C)n2)cc(C(F)(F)F)c1|65|37.1|62.7|7.7|0.0|89.3|0.0|0.3|0.0|0.0|0.0|69.2|0.0|0.0
BMS-911543|1|6.0|CCn1c(C(=O)N(C2CC2)C2CC2)cc2c3c(ncn3C)c(Nc3cc(C)n(C)n3)nc21|112|7.4|0.0|0.0|36.5|0.0|25.1|29.0|44.3|5.1|21.2|0.0|36.7|10.7
BMS-911543|1|10.0|CCn1c(C(=O)N(C2CC2)C2CC2)cc2c3c(ncn3C)c(Nc3cc(C)n(C)n3)nc21|105|21.1|0.0|0.0|58.9|0.0|52.7|39.0|62.0|23.2|43.1|0.0|63.8|25.8
LDN-212854|1|2.0|c1cc(-c2cnn3cc(-c4ccc(N5CCNCC5)cc4)cnc23)c2cccnc2c1|55|78.8|0.0|0.0|63.1|0.0|61.5|18.8|78.0|24.8|56.6|0.0|69.5|45.2
NSC319726|1|2.0|C/C(=N\NC(=S)N1CCC1)c1ccccn1|69|53.2|36.7|5.3|0.0|85.8|0.0|15.5|11.1|0.0|0.0|47.0|0.0|0.0
Motolimod|1|6.0|CCCN(CCC)C(=O)C1=Cc2ccc(-c3ccc(C(=O)N4CCCC4)cc3)cc2N=C(N)C1|81|48.2|0.0|0.0|63.9|0.0|61.4|35.3|80.2|29.8|34.6|0.0|78.3|37.0
Motolimod|1|10.0|CCCN(CCC)C(=O)C1=Cc2ccc(-c3ccc(C(=O)N4CCCC4)cc3)cc2N=C(N)C1|82|56.5|0.0|0.0|70.1|0.0|66.4|41.3|76.0|39.7|48.8|0.0|82.3|50.4
Opaganib (ABC294640)|2|30.0|O=C(NCc1ccncc1)C12CC3CC(C1)CC(c1ccc(Cl)cc1)(C3)C2|96|39.9|0.0|0.0|60.9|0.0|64.4|49.5|61.6|24.0|40.6|0.0|63.1|48.9
Opaganib (ABC294640)|2|50.0|O=C(NCc1ccncc1)C12CC3CC(C1)CC(c1ccc(Cl)cc1)(C3)C2|95|63.7|0.0|0.0|81.7|0.0|79.8|39.1|81.4|46.7|58.1|0.0|79.1|59.8
DBeQ|1|2.0|c1ccc(CNc2nc(NCc3ccccc3)c3ccccc3n2)cc1|95|19.5|5.8|0.0|51.5|0.0|54.3|37.0|77.1|0.0|36.3|0.0|49.9|49.1
NVP-TNKS656|2|0.2|COc1ccc(C(=O)C2CCN(CC(=O)N(Cc3nc(O)c4c(n3)CCOC4)CC3CC3)CC2)cc1|96|21.8|0.0|0.0|90.4|0.0|83.9|14.3|81.5|49.4|64.5|0.0|83.4|65.7
NVP-TNKS656|2|2.0|COc1ccc(C(=O)C2CCN(CC(=O)N(Cc3nc(O)c4c(n3)CCOC4)CC3CC3)CC2)cc1|98|33.5|0.0|0.0|68.3|0.0|65.0|31.2|66.4|20.3|59.9|0.0|68.5|48.7
Selinexor (KPT-330)|1|2.0|O=C(/C=C\n1cnc(-c2cc(C(F)(F)F)cc(C(F)(F)F)c2)n1)NNc1cnccn1|73|39.7|66.9|8.3|0.0|89.9|0.0|11.2|0.0|0.0|0.0|72.3|0.0|0.0
SGI-1027|1|2.0|Cc1cc(Nc2ccc(NC(=O)c3ccc(Nc4ccnc5ccccc45)cc3)cc2)nc(N)n1|76|32.5|0.0|0.0|53.0|0.0|60.5|20.3|81.6|21.8|31.1|0.0|55.6|38.3
JIB-04|1|2.0|Clc1ccc(N/N=C(\c2ccccc2)c2ccccn2)nc1|79|44.9|46.1|4.3|0.0|77.5|0.0|24.1|0.1|0.0|0.0|55.8|0.0|0.0
NMS-873|1|2.0|Cc1cc(OCc2nnc(SC3CCCC3)n2-c2cccnc2)ccc1-c1ccc(S(C)(=O)=O)cc1|91|13.8|4.8|7.5|16.8|59.8|10.7|0.0|53.3|0.0|0.0|0.0|37.3|10.7
XMD17-109|1|0.2|CCOc1cc(C(=O)N2CCC(N3CCN(C)CC3)CC2)ccc1Nc1ncc2c(n1)N(C1CCCC1)c1ccccc1C(=O)N2C|95|23.1|0.0|0.0|62.2|0.0|65.1|26.1|70.9|26.4|41.5|0.0|68.5|27.3
XMD17-109|1|0.2|CCOc1cc(C(=O)N2CCC(N3CCN(C)CC3)CC2)ccc1Nc1ncc2c(n1)N(C1CCCC1)c1ccccc1C(=O)N2C|108|19.7|0.0|0.0|78.5|0.0|73.6|2.0|84.5|44.3|36.3|0.0|75.7|37.5
XMD17-109|1|0.6|CCOc1cc(C(=O)N2CCC(N3CCN(C)CC3)CC2)ccc1Nc1ncc2c(n1)N(C1CCCC1)c1ccccc1C(=O)N2C|99|59.1|0.0|0.0|76.5|0.0|73.1|0.6|89.1|40.6|46.4|0.0|75.0|33.1
XMD17-109|1|0.6|CCOc1cc(C(=O)N2CCC(N3CCN(C)CC3)CC2)ccc1Nc1ncc2c(n1)N(C1CCCC1)c1ccccc1C(=O)N2C|107|50.9|0.0|0.0|72.4|0.0|69.6|0.0|88.5|35.7|34.6|0.0|71.1|27.9
XMD17-109|1|2.0|CCOc1cc(C(=O)N2CCC(N3CCN(C)CC3)CC2)ccc1Nc1ncc2c(n1)N(C1CCCC1)c1ccccc1C(=O)N2C|96|69.8|0.0|0.0|73.8|0.0|71.1|4.1|87.6|37.6|41.4|0.0|74.3|38.9
JSH-23|1|10.0|Cc1ccc(NCCCc2ccccc2)c(N)c1|88|7.4|50.3|0.0|0.0|54.5|0.0|27.9|17.1|0.0|8.3|23.3|16.4|15.6
NH125|1|2.0|CCCCCCCCCCCCCCCC[n+]1ccn(Cc2ccccc2)c1C|89|37.0|18.1|0.0|32.8|8.1|25.7|1.2|24.4|22.5|47.3|0.0|42.9|58.6
DDR1-IN-1|1|2.0|CCN1CCN(Cc2ccc(C(=O)Nc3ccc(C)c(Oc4ccc5c(c4)CC(=O)N5)c3)cc2C(F)(F)F)CC1|93|50.6|0.0|0.0|53.7|0.0|53.6|28.3|75.4|0.0|41.0|0.0|59.6|33.0
HO-3867|1|2.0|CC1(C)C=C(CN2C/C(=C\c3ccc(F)cc3)C(=O)/C(=C/c3ccc(F)cc3)C2)C(C)(C)N1O|89|9.0|7.0|20.4|0.0|53.8|0.0|29.0|26.1|0.0|3.0|14.5|20.1|0.0
PTC-209 HBr|1|2.0|COc1cc(Br)c(Nc2nc(-c3c(C)nc4ncccn34)cs2)c(Br)c1|60|39.7|58.0|0.0|0.0|60.5|0.0|23.1|0.0|3.7|21.7|34.6|7.8|44.1
Domatinostat|1|0.6|Cn1cc(-c2ccc(S(=O)(=O)n3ccc(/C=C/C(=O)Nc4ccccc4N)c3)cc2)cn1|70|49.9|0.0|23.9|55.6|0.0|61.6|29.7|49.0|53.8|40.1|0.0|81.8|28.5
Domatinostat|1|0.6|Cn1cc(-c2ccc(S(=O)(=O)n3ccc(/C=C/C(=O)Nc4ccccc4N)c3)cc2)cn1|74|47.2|0.0|17.9|66.0|0.0|72.1|32.0|51.3|59.2|56.4|0.0|83.5|45.2
Domatinostat|1|2.0|Cn1cc(-c2ccc(S(=O)(=O)n3ccc(/C=C/C(=O)Nc4ccccc4N)c3)cc2)cn1|54|66.3|0.0|39.5|52.7|0.0|66.8|47.1|34.9|55.3|47.1|0.0|79.4|25.1
Domatinostat|2|0.2|Cn1cc(-c2ccc(S(=O)(=O)n3ccc(/C=C/C(=O)Nc4ccccc4N)c3)cc2)cn1|78|50.4|0.0|7.8|77.0|0.0|77.9|29.8|54.4|58.1|67.9|0.0|90.3|43.0
Domatinostat|2|2.0|Cn1cc(-c2ccc(S(=O)(=O)n3ccc(/C=C/C(=O)Nc4ccccc4N)c3)cc2)cn1|56|53.5|0.0|11.0|64.1|0.0|82.3|39.4|49.1|58.7|53.5|0.0|71.7|42.9
CL-387785|1|2.0|CC#CC(=O)Nc1ccc2ncnc(Nc3cccc(Br)c3)c2c1|91|32.0|48.8|0.0|6.9|41.1|1.1|11.6|39.7|0.0|0.0|11.2|19.4|37.9
CAY10603|1|0.2|CC(C)(C)OC(=O)Nc1ccc(-c2cc(C(=O)NCCCCCCC(=O)NO)no2)cc1|99|15.4|0.0|0.0|84.2|0.0|85.6|1.4|67.3|61.5|54.2|0.0|82.7|49.5
CAY10603|1|0.2|CC(C)(C)OC(=O)Nc1ccc(-c2cc(C(=O)NCCCCCCC(=O)NO)no2)cc1|95|25.2|0.0|0.0|86.3|0.0|85.0|7.8|73.2|58.7|56.4|0.0|88.0|51.9
CAY10603|1|0.6|CC(C)(C)OC(=O)Nc1ccc(-c2cc(C(=O)NCCCCCCC(=O)NO)no2)cc1|94|45.6|0.0|0.0|82.9|0.0|84.1|9.5|76.2|55.3|57.8|0.0|80.6|58.8
CAY10603|1|0.6|CC(C)(C)OC(=O)Nc1ccc(-c2cc(C(=O)NCCCCCCC(=O)NO)no2)cc1|91|51.8|0.0|0.0|85.4|0.0|88.0|9.3|76.6|61.5|54.3|0.0|84.0|59.0
CAY10603|1|2.0|CC(C)(C)OC(=O)Nc1ccc(-c2cc(C(=O)NCCCCCCC(=O)NO)no2)cc1|76|63.4|0.0|0.0|83.8|0.0|92.4|26.0|68.0|70.2|62.3|0.0|84.3|70.2
CAY10603|2|0.2|CC(C)(C)OC(=O)Nc1ccc(-c2cc(C(=O)NCCCCCCC(=O)NO)no2)cc1|95|32.1|0.0|0.0|85.5|0.0|84.9|8.3|71.9|54.9|41.6|0.0|81.6|43.0
CAY10603|2|2.0|CC(C)(C)OC(=O)Nc1ccc(-c2cc(C(=O)NCCCCCCC(=O)NO)no2)cc1|70|63.0|0.0|0.0|86.3|0.0|98.1|27.9|67.6|61.7|69.4|0.0|79.6|58.7
SD-208|1|2.0|Fc1ccc(Cl)cc1-c1nc(Nc2ccncc2)c2nccnc2n1|91|19.5|0.0|0.0|75.0|0.0|78.8|3.6|63.2|59.2|54.0|0.0|75.1|42.5
TH287|1|2.0|CNc1cc(-c2cccc(Cl)c2Cl)nc(N)n1|83|17.8|0.0|8.0|49.9|0.0|44.6|37.4|48.8|23.7|40.6|0.0|81.7|47.0
LDC1267|1|2.0|CCOc1cn(-c2ccc(F)cc2C)nc1C(=O)Nc1ccc(Oc2ccnc3cc(OC)c(OC)cc23)c(F)c1|94|27.3|46.8|0.0|29.4|0.0|45.5|66.5|50.4|0.0|48.0|0.0|31.2|54.3
SB225002|1|2.0|O=C(Nc1ccc([N+](=O)[O-])cc1O)Nc1ccccc1Br|68|46.1|0.0|0.0|61.4|0.0|64.1|52.4|49.3|52.1|50.7|0.0|89.7|59.1
Vps34-PIK-III|1|2.0|Nc1ncc(-c2ccnc(Nc3ccncc3)n2)c(CC2CC2)n1|96|48.7|0.0|0.0|79.6|0.0|75.0|1.1|84.9|35.2|59.9|0.0|73.6|63.5
LY-2584702 (tosylate salt)|1|6.0|Cn1cc(-c2ccc(F)c(C(F)(F)F)c2)nc1C1CCN(c2ncnc3[nH]ncc23)CC1|107|7.8|20.3|0.0|37.4|0.0|29.4|43.2|49.7|11.9|32.5|0.0|40.8|32.7
LY-2584702 (tosylate salt)|1|10.0|Cn1cc(-c2ccc(F)c(C(F)(F)F)c2)nc1C1CCN(c2ncnc3[nH]ncc23)CC1|92|9.0|3.0|0.0|54.8|0.0|53.1|53.1|56.5|24.7|51.8|0.0|56.1|48.7
GSK503|1|2.0|Cc1cc(C)c(CNC(=O)c2cc(-c3ccc(N4CCN(C)CC4)nc3)cc3c2c(C)cn3C(C)C)c(O)n1|96|15.0|0.0|0.0|47.1|0.0|51.1|40.3|68.8|2.5|27.7|0.0|52.5|20.7
GSK503|2|0.2|Cc1cc(C)c(CNC(=O)c2cc(-c3ccc(N4CCN(C)CC4)nc3)cc3c2c(C)cn3C(C)C)c(O)n1|87|19.3|0.0|40.4|0.0|49.5|0.0|0.0|0.0|0.0|0.0|58.2|0.0|0.0
GSK503|2|2.0|Cc1cc(C)c(CNC(=O)c2cc(-c3ccc(N4CCN(C)CC4)nc3)cc3c2c(C)cn3C(C)C)c(O)n1|60|83.1|0.0|0.0|83.8|0.0|81.9|10.1|74.8|59.0|56.6|0.0|83.1|57.9
AI-10-49|1|2.0|FC(F)(F)Oc1ccc2[nH]c(-c3ccc(OCCOCCOc4ccc(-c5nc6cc(OC(F)(F)F)ccc6[nH]5)nc4)cn3)nc2c1|90|15.2|61.8|2.7|0.0|85.9|0.0|45.8|0.0|0.0|0.0|73.4|0.0|0.0
4-Hydroxytamoxifen (Afimoxifene)|1|2.0|CCC(=C(c1ccc(O)cc1)c1ccc(OCCN(C)C)cc1)c1ccccc1|96|24.0|0.0|0.0|75.2|0.0|73.7|10.1|90.1|26.4|50.4|0.0|63.9|43.6
Endoxifen (hydrochloride)|1|2.0|CC/C(=C(\c1ccc(O)cc1)c1ccc(OCCNC)cc1)c1ccccc1|94|37.8|0.0|0.0|69.2|0.0|67.7|17.6|87.0|20.2|48.0|0.0|65.0|42.1
BI-847325|1|0.2|CCNC(=O)C#Cc1ccc2c(/C(=N/c3ccc(CN(C)C)cc3)c3ccccc3)c(O)[nH]c2c1|74|27.6|0.0|92.9|0.0|41.3|0.0|17.1|0.0|0.0|0.0|38.1|0.0|0.0
BI-847325|1|0.2|CCNC(=O)C#Cc1ccc2c(/C(=N/c3ccc(CN(C)C)cc3)c3ccccc3)c(O)[nH]c2c1|69|31.8|0.0|91.5|0.0|46.7|0.0|16.9|0.0|0.0|0.0|40.4|0.0|0.0
BI-847325|1|0.6|CCNC(=O)C#Cc1ccc2c(/C(=N/c3ccc(CN(C)C)cc3)c3ccccc3)c(O)[nH]c2c1|67|37.0|0.0|79.9|0.0|24.9|3.7|40.7|25.3|0.0|0.0|2.0|23.8|0.0
BI-847325|1|0.6|CCNC(=O)C#Cc1ccc2c(/C(=N/c3ccc(CN(C)C)cc3)c3ccccc3)c(O)[nH]c2c1|70|50.1|0.0|81.2|0.0|25.7|1.2|45.1|24.5|0.0|0.0|3.1|27.1|0.0
BI-847325|1|2.0|CCNC(=O)C#Cc1ccc2c(/C(=N/c3ccc(CN(C)C)cc3)c3ccccc3)c(O)[nH]c2c1|55|71.7|0.0|47.1|42.3|0.0|50.2|44.3|70.0|15.8|34.8|0.0|64.4|2.8
BI-847325|2|0.2|CCNC(=O)C#Cc1ccc2c(/C(=N/c3ccc(CN(C)C)cc3)c3ccccc3)c(O)[nH]c2c1|70|35.9|0.0|95.0|0.0|19.4|0.0|12.4|0.0|0.0|0.0|13.1|0.0|0.0
BI-847325|2|2.0|CCNC(=O)C#Cc1ccc2c(/C(=N/c3ccc(CN(C)C)cc3)c3ccccc3)c(O)[nH]c2c1|63|80.5|0.0|20.9|71.1|0.0|75.0|26.3|82.6|39.9|57.0|0.0|79.2|22.3
Dubermatinib|1|2.0|CN1CCN(Cc2ccc(Nc3ncc(Cl)c(Nc4ccccc4S(=O)(=O)N(C)C)n3)cc2)CC1|54|50.6|39.2|34.5|0.0|78.5|0.0|0.0|0.0|0.0|0.0|61.4|0.0|0.0
SGI-7079|1|2.0|Cc1c[nH]c2nc(Nc3ccc(N4CCN(C)CC4)c(F)c3)nc(-c3cccc(CC#N)c3)c12|60|44.6|58.5|18.8|0.0|59.8|0.0|41.4|0.0|0.0|0.0|50.7|0.0|0.0
Belumosudil|1|2.0|CC(C)NC(=O)COc1cccc(-c2nc(Nc3ccc4[nH]ncc4c3)c3ccccc3n2)c1|92|20.9|30.6|0.0|0.0|54.6|0.0|45.3|1.3|0.0|0.0|56.8|0.0|0.0
Belumosudil|1|2.0|CC(C)NC(=O)COc1cccc(-c2nc(Nc3ccc4[nH]ncc4c3)c3ccccc3n2)c1|90|15.9|9.1|11.9|0.0|37.5|0.0|36.0|16.8|0.0|12.9|24.9|15.1|0.0
PLX7904|1|2.0|CCN(C)S(=O)(=O)Nc1ccc(F)c(C(=O)c2c[nH]c3ncc(-c4cnc(C5CC5)nc4)cc23)c1F|94|27.6|0.0|0.0|72.2|0.0|74.7|43.5|71.6|17.9|63.4|0.0|66.9|62.0
PU-H71|1|2.0|CC(C)NCCCn1c(Sc2cc3c(cc2I)OCO3)nc2c(N)ncnc21|71|45.9|5.8|13.6|21.1|0.0|38.3|97.2|30.3|8.3|36.8|0.0|55.4|34.8
ASP3026|1|2.0|COc1cc(N2CCC(N3CCN(C)CC3)CC2)ccc1Nc1ncnc(Nc2ccccc2S(=O)(=O)C(C)C)n1|93|6.9|27.6|0.0|55.9|0.0|51.1|23.1|69.2|15.8|32.1|0.0|55.8|57.3
ASP3026|1|6.0|COc1cc(N2CCC(N3CCN(C)CC3)CC2)ccc1Nc1ncnc(Nc2ccccc2S(=O)(=O)C(C)C)n1|76|45.8|0.0|0.0|68.7|0.0|58.9|23.9|76.9|28.1|51.4|0.0|74.4|56.2
ASP3026|1|10.0|COc1cc(N2CCC(N3CCN(C)CC3)CC2)ccc1Nc1ncnc(Nc2ccccc2S(=O)(=O)C(C)C)n1|71|67.2|0.0|0.0|81.4|0.0|71.6|22.7|78.2|45.8|64.5|0.0|84.2|53.3
CB-5083|1|0.6|Cc1cc2c(C(N)=O)cccc2n1-c1nc2c(c(NCc3ccccc3)n1)COCC2|90|24.0|0.0|10.2|44.0|5.3|42.4|7.4|54.1|16.9|31.8|0.0|58.0|37.4
CB-5083|1|0.6|Cc1cc2c(C(N)=O)cccc2n1-c1nc2c(c(NCc3ccccc3)n1)COCC2|95|29.5|0.0|7.6|47.4|7.2|43.8|4.1|58.8|15.9|32.5|0.0|59.8|37.6
MS023|1|2.0|CC(C)Oc1ccc(-c2c[nH]cc2CN(C)CCN)cc1|96|9.3|0.0|2.6|50.6|0.0|48.2|0.0|58.3|32.9|16.9|0.0|52.1|11.3
MS023|1|6.0|CC(C)Oc1ccc(-c2c[nH]cc2CN(C)CCN)cc1|100|49.7|0.0|0.0|76.8|0.0|76.4|1.9|81.6|46.0|58.3|0.0|76.1|39.4
MS023|1|10.0|CC(C)Oc1ccc(-c2c[nH]cc2CN(C)CCN)cc1|107|48.0|0.0|0.0|79.8|0.0|76.0|1.0|88.1|46.0|51.5|0.0|74.9|37.7
MS023|2|2.0|CC(C)Oc1ccc(-c2c[nH]cc2CN(C)CCN)cc1|96|9.8|0.0|3.8|63.3|0.0|63.2|0.0|60.7|40.6|49.3|0.0|68.6|24.7
BMS-582949|1|6.0|CCCNC(=O)c1cn2ncnc(Nc3cc(C(=O)NC4CC4)ccc3C)c2c1C|96|5.0|72.4|0.0|0.0|67.4|0.0|7.2|2.0|0.0|0.0|47.8|0.0|10.7
BMS-582949|1|10.0|CCCNC(=O)c1cn2ncnc(Nc3cc(C(=O)NC4CC4)ccc3C)c2c1C|103|6.6|76.9|0.0|0.0|78.5|0.0|8.9|0.0|0.0|0.0|68.8|0.0|0.0
Selonsertib|1|6.0|Cc1cc(F)c(C(=O)Nc2cccc(-c3nncn3C(C)C)n2)cc1-n1cnc(C2CC2)c1|93|24.4|60.6|18.7|0.0|76.9|0.0|21.8|0.0|0.0|0.0|75.8|0.0|0.0
Selonsertib|1|10.0|Cc1cc(F)c(C(=O)Nc2cccc(-c3nncn3C(C)C)n2)cc1-n1cnc(C2CC2)c1|91|24.7|56.6|22.4|0.0|87.8|0.0|35.0|0.0|0.0|0.0|80.1|0.0|0.0
VPS34 inhibitor 1 (Compound 19, PIK-III analogue)|1|2.0|CC(C)(O)CNc1ncc(-c2ccnc(Nc3ccncc3)n2)c(CC2CC2)n1|91|11.4|1.8|0.0|61.4|0.0|60.4|11.8|77.2|10.8|41.4|0.0|61.0|52.9
VPS34 inhibitor 1 (Compound 19, PIK-III analogue)|1|6.0|CC(C)(O)CNc1ncc(-c2ccnc(Nc3ccncc3)n2)c(CC2CC2)n1|85|68.9|0.0|0.0|82.1|0.0|77.8|14.0|83.2|38.6|67.8|0.0|81.7|63.1
VPS34 inhibitor 1 (Compound 19, PIK-III analogue)|1|10.0|CC(C)(O)CNc1ncc(-c2ccnc(Nc3ccncc3)n2)c(CC2CC2)n1|100|77.7|0.0|0.0|88.7|0.0|84.1|12.2|90.3|44.0|63.8|0.0|82.6|62.0
GSK-872|1|6.0|CC(C)S(=O)(=O)c1ccc2nccc(Nc3ccc4scnc4c3)c2c1|96|39.6|0.0|0.0|72.1|0.0|67.8|35.7|71.6|27.2|54.4|0.0|70.8|52.8
GSK-872|1|10.0|CC(C)S(=O)(=O)c1ccc2nccc(Nc3ccc4scnc4c3)c2c1|102|41.6|0.0|0.0|84.8|0.0|77.5|25.2|78.3|44.7|56.7|0.0|79.7|52.0
WT-161|1|2.0|O=C(CCCCCCC(=O)N/N=C/c1ccc(N(c2ccccc2)c2ccccc2)cc1)NO|85|5.2|0.0|29.2|0.0|43.7|5.2|0.0|6.2|1.7|0.0|13.0|12.4|0.0
WT-161|1|6.0|O=C(CCCCCCC(=O)N/N=C/c1ccc(N(c2ccccc2)c2ccccc2)cc1)NO|64|82.0|0.0|0.0|90.3|0.0|89.6|12.4|73.3|66.0|68.9|0.0|90.5|66.2
WT-161|2|2.0|O=C(CCCCCCC(=O)N/N=C/c1ccc(N(c2ccccc2)c2ccccc2)cc1)NO|83|11.6|0.0|0.0|69.0|0.0|81.2|20.2|63.5|51.3|42.8|0.0|72.7|43.0
Anlotinib (AL3818) dihydrochloride|1|2.0|COc1cc2c(Oc3ccc4[nH]c(C)cc4c3F)ccnc2cc1OCC1(N)CC1|85|53.4|0.0|0.0|75.2|0.0|70.2|25.9|77.6|52.1|47.5|0.0|91.8|52.1
Epoxomicin|1|0.2|CC[C@H](C)[C@H](NC(=O)[C@H]([C@@H](C)CC)N(C)C(C)=O)C(=O)NC(=O)[C@@H](N[C@@H](CC(C)C)C(=O)[C@@]1(C)CO1)[C@@H](C)O|56|77.4|10.4|0.0|50.9|0.0|52.1|33.7|49.8|33.9|56.3|0.0|62.8|61.5
Epoxomicin|1|0.2|CC[C@H](C)[C@H](NC(=O)[C@H]([C@@H](C)CC)N(C)C(C)=O)C(=O)NC(=O)[C@@H](N[C@@H](CC(C)C)C(=O)[C@@]1(C)CO1)[C@@H](C)O|60|80.1|8.1|0.0|51.1|0.0|52.1|34.1|49.6|34.3|58.8|0.0|63.1|60.7
TAK-580|1|2.0|C[C@@H](NC(=O)c1ncnc(N)c1Cl)c1ncc(C(=O)Nc2cc(C(F)(F)F)c(Cl)cn2)s1|97|9.7|22.6|0.0|24.3|25.2|23.1|3.7|49.1|0.0|20.1|0.0|24.8|30.0
TAK-580|1|6.0|C[C@@H](NC(=O)c1ncnc(N)c1Cl)c1ncc(C(=O)Nc2cc(C(F)(F)F)c(Cl)cn2)s1|93|8.8|58.8|0.0|15.4|31.7|13.4|9.5|43.1|0.0|10.2|0.0|13.6|44.5
TAK-580|1|10.0|C[C@@H](NC(=O)c1ncnc(N)c1Cl)c1ncc(C(=O)Nc2cc(C(F)(F)F)c(Cl)cn2)s1|107|21.9|47.1|0.0|19.8|40.2|13.3|2.7|54.0|0.0|0.0|9.1|23.2|29.2
IPI-3063|1|2.0|CC(C)n1c([C@H](C)Nc2ncnc(N)c2C#N)cc2cccc(-c3ccc(=O)n(C)c3)c2c1=O|101|7.8|44.7|0.0|33.7|3.1|33.5|4.5|59.8|0.0|8.4|0.0|29.0|42.0
IPI-3063|1|6.0|CC(C)n1c([C@H](C)Nc2ncnc(N)c2C#N)cc2cccc(-c3ccc(=O)n(C)c3)c2c1=O|98|32.0|18.7|0.0|58.6|0.0|54.4|14.6|81.2|19.3|30.8|0.0|63.2|57.8
IPI-3063|1|10.0|CC(C)n1c([C@H](C)Nc2ncnc(N)c2C#N)cc2cccc(-c3ccc(=O)n(C)c3)c2c1=O|101|31.6|14.3|0.0|65.1|0.0|60.4|10.7|84.5|30.1|33.9|0.0|65.2|57.8
AZD3965|1|6.0|Cc1[nH]nc(C(F)(F)F)c1Cc1sc2c(c1C(=O)N1CC(C)(C)CO1)c(=O)n(C)c(=O)n2C(C)C|102|9.2|30.4|0.0|0.0|0.0|6.2|34.4|0.0|0.0|7.2|13.9|0.0|22.1
AZD3965|1|10.0|Cc1[nH]nc(C(F)(F)F)c1Cc1sc2c(c1C(=O)N1CC(C)(C)CO1)c(=O)n(C)c(=O)n2C(C)C|98|12.4|38.7|0.0|0.0|0.0|0.0|17.9|0.0|0.0|0.0|31.7|0.0|2.4
Uprosertib|1|2.0|Cn1ncc(Cl)c1-c1cc(C(=O)N[C@H](CN)Cc2ccc(F)c(F)c2)oc1Cl|96|23.3|76.0|0.0|0.0|34.4|0.0|29.5|19.8|0.0|0.0|37.0|0.0|13.3
Niraparib (tosylate)|1|2.0|NC(=O)c1cccc2cn(-c3ccc([C@@H]4CCCNC4)cc3)nc12|77|20.7|27.4|50.6|0.0|79.8|0.0|7.1|0.0|0.0|0.0|63.3|0.0|0.0
VX-11e|1|6.0|Cc1cnc(Nc2ccc(F)cc2Cl)nc1-c1c[nH]c(C(=O)N[C@H](CO)c2cccc(Cl)c2)c1|96|33.0|0.4|0.6|0.0|11.7|0.0|47.2|13.4|0.0|0.0|32.7|19.2|0.0
VX-11e|1|10.0|Cc1cnc(Nc2ccc(F)cc2Cl)nc1-c1c[nH]c(C(=O)N[C@H](CO)c2cccc(Cl)c2)c1|89|32.6|0.0|0.0|28.4|0.0|20.6|55.0|40.7|5.4|3.0|0.0|52.4|24.3
PRT-060318 2HCl|1|6.0|Cc1cccc(Nc2nc(N[C@@H]3CCCC[C@@H]3N)ncc2C(N)=O)c1|85|55.3|0.0|0.0|66.7|0.0|60.8|31.4|82.8|20.3|48.2|0.0|68.7|49.2
PRT-060318 2HCl|1|10.0|Cc1cccc(Nc2nc(N[C@@H]3CCCC[C@@H]3N)ncc2C(N)=O)c1|74|66.8|0.0|0.0|69.9|0.0|64.6|20.7|94.3|26.5|44.4|0.0|73.5|44.4
CC-223|1|2.0|CO[C@H]1CC[C@H](N2C(=O)CNc3ncc(-c4ccc(C(C)(C)O)nc4)nc32)CC1|95|23.0|84.7|0.0|0.0|75.9|0.0|21.4|0.0|0.0|0.0|76.2|0.0|0.0
Y-39983 HCl|1|0.2|C[C@H](N)c1ccc(C(=O)Nc2ccnc3[nH]ccc23)cc1|100|13.3|65.3|0.0|0.0|46.6|0.0|27.3|0.0|0.0|0.0|53.4|0.0|0.0
Y-39983 HCl|1|0.6|C[C@H](N)c1ccc(C(=O)Nc2ccnc3[nH]ccc23)cc1|98|11.4|46.7|0.0|0.0|35.5|0.0|19.2|2.3|0.0|0.0|37.8|0.0|1.7
Y-39983 HCl|1|2.0|C[C@H](N)c1ccc(C(=O)Nc2ccnc3[nH]ccc23)cc1|91|18.5|0.0|0.0|27.9|9.7|39.2|15.7|42.2|26.8|20.7|0.0|34.7|27.1
Y-39983 HCl|1|2.0|C[C@H](N)c1ccc(C(=O)Nc2ccnc3[nH]ccc23)cc1|88|18.0|0.0|0.0|28.4|0.0|46.1|19.2|43.1|20.1|36.3|0.0|30.0|24.8
GSK2292767|1|2.0|COc1ncc(-c2cc(-c3ncc(CN4C[C@H](C)O[C@H](C)C4)o3)c3c[nH]nc3c2)cc1NS(C)(=O)=O|98|14.3|54.0|0.0|14.6|15.1|14.7|25.5|50.1|0.0|0.0|0.4|19.0|26.5
GSK2292767|1|6.0|COc1ncc(-c2cc(-c3ncc(CN4C[C@H](C)O[C@H](C)C4)o3)c3c[nH]nc3c2)cc1NS(C)(=O)=O|100|33.3|9.6|0.0|65.4|0.0|57.5|25.6|77.9|28.8|35.7|0.0|72.0|58.2
GSK2292767|1|10.0|COc1ncc(-c2cc(-c3ncc(CN4C[C@H](C)O[C@H](C)C4)o3)c3c[nH]nc3c2)cc1NS(C)(=O)=O|87|51.5|0.0|0.0|80.6|0.0|74.2|24.8|88.8|43.5|51.7|0.0|82.0|57.5
Ozanimod|1|6.0|CC(C)Oc1ccc(-c2nc(-c3cccc4c3CC[C@@H]4NCCO)no2)cc1C#N|98|78.1|0.0|0.0|85.0|0.0|82.5|23.5|94.9|41.0|58.6|0.0|78.4|59.0
CCT245737|1|6.0|N#Cc1cnc(Nc2cc(NC[C@H]3CNCCO3)c(C(F)(F)F)cn2)cn1|100|11.2|67.0|0.0|0.0|74.7|0.0|16.0|0.0|0.0|0.0|69.1|0.0|0.0
CCT245737|1|10.0|N#Cc1cnc(Nc2cc(NC[C@H]3CNCCO3)c(C(F)(F)F)cn2)cn1|98|12.6|68.6|0.0|0.0|85.0|0.0|0.0|0.0|0.0|0.0|78.3|0.0|0.0
Naquotinib(ASP8273)|1|0.2|C=CC(=O)N1CC[C@@H](Oc2nc(Nc3ccc(N4CCC(N5CCN(C)CC5)CC4)cc3)c(C(N)=O)nc2CC)C1|100|15.5|65.1|0.0|0.0|48.2|0.0|25.7|13.4|0.0|0.0|49.3|0.0|0.0
Naquotinib(ASP8273)|1|0.2|C=CC(=O)N1CC[C@@H](Oc2nc(Nc3ccc(N4CCC(N5CCN(C)CC5)CC4)cc3)c(C(N)=O)nc2CC)C1|100|25.4|71.8|0.0|0.0|50.8|0.0|6.8|0.0|0.0|0.0|62.0|0.0|0.0
Naquotinib(ASP8273)|1|0.6|C=CC(=O)N1CC[C@@H](Oc2nc(Nc3ccc(N4CCC(N5CCN(C)CC5)CC4)cc3)c(C(N)=O)nc2CC)C1|108|44.4|38.6|0.0|41.2|0.0|42.2|23.4|81.1|6.4|12.1|0.0|44.1|43.9
Naquotinib(ASP8273)|1|0.6|C=CC(=O)N1CC[C@@H](Oc2nc(Nc3ccc(N4CCC(N5CCN(C)CC5)CC4)cc3)c(C(N)=O)nc2CC)C1|95|38.2|29.5|0.0|47.3|0.0|49.9|24.9|83.8|18.0|16.0|0.0|50.0|47.4
Naquotinib(ASP8273)|1|2.0|C=CC(=O)N1CC[C@@H](Oc2nc(Nc3ccc(N4CCC(N5CCN(C)CC5)CC4)cc3)c(C(N)=O)nc2CC)C1|98|66.7|0.0|0.0|73.2|0.0|70.1|14.2|86.5|33.8|42.0|0.0|72.6|57.3
Asciminib|1|6.0|O=C(Nc1ccc(OC(F)(F)Cl)cc1)c1cnc(N2CC[C@@H](O)C2)c(-c2cc[nH]n2)c1|94|16.4|0.0|0.0|81.6|0.0|81.6|7.8|78.4|48.2|56.9|0.0|72.8|57.6
Asciminib|1|10.0|O=C(Nc1ccc(OC(F)(F)Cl)cc1)c1cnc(N2CC[C@@H](O)C2)c(-c2cc[nH]n2)c1|97|35.8|0.0|0.0|84.4|0.0|81.4|10.4|85.2|45.0|60.9|0.0|76.1|53.4
Elimusertib (hydrochloride)|1|2.0|C[C@@H]1COCCN1c1cc(-c2ccnn2C)c2ccnc(-c3cc[nH]n3)c2n1|75|39.7|87.4|0.0|0.0|54.0|0.0|19.4|0.0|0.0|0.0|55.1|0.0|24.9
Fluspidine|1|30.0|FCCC1OC2(CCN(Cc3ccccc3)CC2)c2ccccc21|93|48.2|0.0|0.0|68.9|0.0|66.8|23.1|78.8|21.8|51.7|0.0|65.5|49.2
Fluspidine|1|50.0|FCCC1OC2(CCN(Cc3ccccc3)CC2)c2ccccc21|96|70.8|0.0|0.0|72.7|0.0|68.5|20.0|87.3|26.3|48.0|0.0|69.6|47.5
|1|10.0|c1ccc(CNCC[C@@H]2CCN[C@H](c3ccccc3)C2)cc1|97|59.4|0.0|0.0|76.0|0.0|76.7|0.0|91.7|36.3|44.9|0.0|66.7|39.1
260301,00 SAR|1|10.0|C[C@H]1Cc2ccccc2N1C(=O)Cc1nc(=O)cc(N2CCOCC2)[nH]1|100|13.8|78.2|0.0|0.0|79.5|0.0|28.2|5.8|0.0|0.0|50.2|0.0|1.7
260301,00 SAR|1|30.0|C[C@H]1Cc2ccccc2N1C(=O)Cc1nc(=O)cc(N2CCOCC2)[nH]1|91|25.9|58.7|0.0|0.0|54.8|0.0|3.3|24.0|0.0|0.0|41.6|0.0|13.8
260301,00 SAR|1|50.0|C[C@H]1Cc2ccccc2N1C(=O)Cc1nc(=O)cc(N2CCOCC2)[nH]1|89|35.1|82.8|0.0|0.0|59.8|0.0|16.7|10.5|0.0|0.0|56.7|0.0|7.6
IC-87114|1|30.0|Cc1ccccc1-n1c(Cn2cnc3c(N)ncnc32)nc2cccc(C)c2c1=O|106|19.2|0.0|0.0|50.3|0.0|47.2|23.5|64.7|14.2|23.5|0.0|51.2|22.7
IC-87114|1|50.0|Cc1ccccc1-n1c(Cn2cnc3c(N)ncnc32)nc2cccc(C)c2c1=O|100|16.1|0.0|0.0|37.6|0.0|30.3|29.9|52.9|9.9|23.9|0.0|40.8|8.3
Nemiralisib|1|1.0|CC(C)N1CCN(Cc2cnc(-c3cc(-c4cccc5[nH]ccc45)cc4[nH]ncc34)o2)CC1|103|9.0|8.3|0.0|44.4|0.0|45.2|37.1|73.5|0.0|5.1|0.0|48.4|28.2
Nemiralisib|1|3.0|CC(C)N1CCN(Cc2cnc(-c3cc(-c4cccc5[nH]ccc45)cc4[nH]ncc34)o2)CC1|102|36.4|0.0|0.0|60.9|0.0|61.0|16.3|94.4|19.2|22.5|0.0|56.7|36.1
Nemiralisib|1|3.0|CC(C)N1CCN(Cc2cnc(-c3cc(-c4cccc5[nH]ccc45)cc4[nH]ncc34)o2)CC1|100|34.9|0.0|0.0|63.2|0.0|63.7|13.6|94.4|23.1|28.2|0.0|57.9|38.1
Nemiralisib|2|2.0|CC(C)N1CCN(Cc2cnc(-c3cc(-c4cccc5[nH]ccc45)cc4[nH]ncc34)o2)CC1|98|43.5|0.0|0.0|66.0|0.0|65.4|24.1|93.8|13.3|36.4|0.0|62.3|43.9
Triciribine hydrate, API-2, Akt/PKB Signaling Inhibitor-2, Inhibitor V, NSC 154020, TCN, VD-0002|1|10.0|CN1N=C(N)c2cn([C@@H]3O[C@H](CO)[C@H](O)C3O)c3ccnc1c23|88|38.0|26.2|0.0|10.0|56.8|1.9|0.0|34.7|0.0|9.7|5.3|36.7|33.8
|1|10.0|Cc1ccccc1CC(C)(C)NC[C@H](O)c1ccc(O)c2c1OCC(=O)N2|96|11.6|0.9|0.0|64.6|0.0|56.4|12.7|75.5|14.5|48.6|0.0|72.1|54.0
|1|30.0|Cc1ccccc1CC(C)(C)NC[C@H](O)c1ccc(O)c2c1OCC(=O)N2|102|53.0|0.0|0.0|76.8|0.0|72.2|16.3|79.1|35.1|55.2|0.0|74.8|48.0
|1|50.0|Cc1ccccc1CC(C)(C)NC[C@H](O)c1ccc(O)c2c1OCC(=O)N2|115|57.9|0.0|0.0|81.0|0.0|76.1|13.9|88.1|41.4|48.8|0.0|76.0|42.9
|1|30.0|CC[C@@H](C(=O)OC)n1c(=O)c2ccccc2n(Cc2cn(C)c3cccc(C)c23)c1=O|88|34.2|46.3|3.8|0.0|60.3|0.0|32.0|0.0|0.0|0.0|78.3|0.0|0.0
|1|50.0|CC[C@@H](C(=O)OC)n1c(=O)c2ccccc2n(Cc2cn(C)c3cccc(C)c23)c1=O|86|31.1|51.5|1.9|0.0|64.1|0.0|35.3|0.0|0.0|0.0|75.7|0.0|0.0
|1|30.0|CC[C@H](CC(=O)O)n1c(=O)c2ncccc2n(Cc2cn(C)c3cc(C)cc(C)c23)c1=O|84|21.6|49.2|25.8|0.0|85.0|0.0|12.7|0.0|0.0|0.0|75.4|0.0|0.0
|1|50.0|CC[C@H](CC(=O)O)n1c(=O)c2ncccc2n(Cc2cn(C)c3cc(C)cc(C)c23)c1=O|76|36.4|44.3|18.6|0.0|82.0|0.0|19.8|1.4|0.0|0.0|63.8|0.0|0.0
|1|10.0|COc1cc(-c2cc3ncccc3c(O[C@@H](C)[C@H]3CNC(=O)C3)n2)cc(OC)c1OC|97|13.8|43.9|0.0|42.4|0.0|42.8|32.6|69.8|3.2|25.2|0.0|41.2|51.0
|1|30.0|COc1cc(-c2cc3ncccc3c(O[C@@H](C)[C@H]3CNC(=O)C3)n2)cc(OC)c1OC|85|45.3|8.9|0.0|54.0|0.0|50.0|23.5|78.4|17.0|22.2|0.0|52.7|34.1
|1|50.0|COc1cc(-c2cc3ncccc3c(O[C@@H](C)[C@H]3CNC(=O)C3)n2)cc(OC)c1OC|75|51.6|0.0|2.9|52.7|0.0|53.7|20.5|83.6|24.3|21.6|0.0|53.0|11.4
|1|10.0|CN1C(=O)Cc2ccc(-c3ccc(C[C@@H](C#N)NC(=O)[C@H]4N[C@@H]5CC[C@H]4C5)c(F)c3)cc21|95|39.7|0.0|0.0|63.1|0.0|61.8|0.0|91.8|21.2|25.3|0.0|58.2|31.9
Crobenetine|1|10.0|C[C@@H](CN1CC[C@@]2(C)c3cccc(O)c3C[C@@H]1C2(C)C)OCc1ccccc1|94|46.5|0.0|0.0|69.0|0.0|66.6|18.4|84.3|17.1|50.3|0.0|69.2|41.2
Temsirolimus (CCI-779, NSC 683864)|1|2.0|CO[C@H]1C[C@@H]2CC[C@@H](C)[C@@](O)(O2)C(=O)C(=O)N2CCCC[C@H]2C(=O)O[C@H]([C@H](C)C[C@@H]2CC[C@@H](OC(=O)C(C)(CO)CO)[C@H](OC)C2)CC(=O)[C@H](C)/C=C(\C)[C@@H](O)[C@@H](OC)C(=O)[C@H](C)C[C@H](C)/C=C/C=C/C=C/1C|95|44.9|94.0|0.0|0.0|71.5|0.0|36.5|0.0|0.0|0.0|69.9|0.0|11.7
PHA-665752|1|2.0|Cc1[nH]c(/C=C2\C(=O)Nc3ccc(S(=O)(=O)Cc4c(Cl)cccc4Cl)cc32)c(C)c1C(=O)N1CCC[C@@H]1CN1CCCC1|94|42.1|0.0|0.0|52.6|0.0|50.3|15.3|88.8|0.0|25.2|0.0|49.2|28.0
GSK690693|1|2.0|CCn1c(-c2nonc2N)nc2c(C#CC(C)(C)O)ncc(OC[C@H]3CCCNC3)c21|97|22.1|76.4|0.0|0.0|74.6|0.0|54.4|0.0|0.0|0.0|63.3|0.0|0.1
Everolimus (RAD001)|1|0.2|CO[C@H]1C[C@@H]2CC[C@@H](C)[C@@](O)(O2)C(=O)C(=O)N2CCCC[C@H]2C(=O)O[C@H]([C@@H](C)C[C@@H]2CC[C@@H](OCCO)[C@H](OC)C2)CC(=O)[C@H](C)/C=C(\C)[C@@H](O)[C@@H](OC)C(=O)[C@H](C)C[C@H](C)/C=C/C=C/C=C/1C|98|22.5|91.6|0.0|0.0|74.4|0.0|12.1|0.0|0.0|0.0|71.5|0.0|5.8
Everolimus (RAD001)|1|2.0|CO[C@H]1C[C@@H]2CC[C@@H](C)[C@@](O)(O2)C(=O)C(=O)N2CCCC[C@H]2C(=O)O[C@H]([C@@H](C)C[C@@H]2CC[C@@H](OCCO)[C@H](OC)C2)CC(=O)[C@H](C)/C=C(\C)[C@@H](O)[C@@H](OC)C(=O)[C@H](C)C[C@H](C)/C=C/C=C/C=C/1C|88|45.8|93.0|0.0|0.0|71.2|0.0|36.6|0.0|0.0|0.0|69.1|0.0|13.0
Everolimus (RAD001)|1|2.0|CO[C@H]1C[C@@H]2CC[C@@H](C)[C@@](O)(O2)C(=O)C(=O)N2CCCC[C@H]2C(=O)O[C@H]([C@@H](C)C[C@@H]2CC[C@@H](OCCO)[C@H](OC)C2)CC(=O)[C@H](C)/C=C(\C)[C@@H](O)[C@@H](OC)C(=O)[C@H](C)C[C@H](C)/C=C/C=C/C=C/1C|96|40.2|97.5|0.0|0.0|66.0|0.0|25.9|0.0|0.0|0.0|65.3|0.0|17.7
Tanespimycin (17-AAG)|1|2.0|C=CC/N=C1/C(=O)C=C2NC(=O)/C(C)=C/C=C\[C@H](OC)[C@@H](OC(N)=O)/C(C)=C/[C@H](C)[C@@H](O)[C@@H](OC)C[C@H](C)CC1=C2O|68|48.9|21.9|12.2|3.6|0.0|18.1|99.0|15.3|0.0|33.3|4.2|38.9|27.7
Delanzomib (CEP-18770)|1|0.2|CC(C)[C@H](CNC(=O)[C@@H](NC(=O)c1cccc(-c2ccccc2)n1)[C@@H](C)O)B(O)O|61|57.2|39.2|0.0|19.1|41.1|23.7|30.1|26.9|10.7|29.5|2.6|36.4|54.3
Delanzomib (CEP-18770)|1|0.2|CC(C)[C@H](CNC(=O)[C@@H](NC(=O)c1cccc(-c2ccccc2)n1)[C@@H](C)O)B(O)O|57|65.8|36.3|0.0|22.1|39.6|25.3|32.3|30.2|11.6|32.3|0.3|40.6|54.3
Delanzomib (CEP-18770)|1|0.6|CC(C)[C@H](CNC(=O)[C@@H](NC(=O)c1cccc(-c2ccccc2)n1)[C@@H](C)O)B(O)O|60|71.2|29.3|0.0|26.8|32.7|30.0|37.2|34.5|18.6|40.4|0.0|45.7|51.1
Delanzomib (CEP-18770)|1|0.6|CC(C)[C@H](CNC(=O)[C@@H](NC(=O)c1cccc(-c2ccccc2)n1)[C@@H](C)O)B(O)O|60|73.7|23.3|0.0|32.6|21.1|35.9|40.9|38.2|21.3|45.8|0.0|49.8|52.6
Delanzomib (CEP-18770)|1|2.0|CC(C)[C@H](CNC(=O)[C@@H](NC(=O)c1cccc(-c2ccccc2)n1)[C@@H](C)O)B(O)O|52|78.8|16.2|0.0|18.7|30.3|24.1|41.4|30.9|16.1|37.4|0.0|40.6|25.9
Aprepitant|1|10.0|C[C@@H](O[C@H]1OCCN(Cc2n[nH]c(O)n2)[C@H]1c1ccc(F)cc1)c1cc(C(F)(F)F)cc(C(F)(F)F)c1|97|16.4|0.0|0.0|71.5|0.0|64.9|37.1|61.0|52.3|35.8|0.0|81.2|40.7
2-Methoxyestradiol (2-MeOE2)|1|0.6|COc1cc2c(cc1O)CC[C@@H]1[C@@H]2CC[C@]2(C)[C@@H](O)CC[C@@H]12|100|8.6|0.8|0.0|43.9|12.3|31.7|19.3|46.1|13.0|33.9|0.0|74.8|47.6
2-Methoxyestradiol (2-MeOE2)|1|0.6|COc1cc2c(cc1O)CC[C@@H]1[C@@H]2CC[C@]2(C)[C@@H](O)CC[C@@H]12|86|15.5|0.0|0.0|63.6|0.0|60.2|20.7|63.1|29.5|49.2|0.0|79.3|57.0
2-Methoxyestradiol (2-MeOE2)|1|2.0|COc1cc2c(cc1O)CC[C@@H]1[C@@H]2CC[C@]2(C)[C@@H](O)CC[C@@H]12|72|66.1|0.0|0.0|61.9|0.0|54.7|35.4|55.0|39.1|50.3|0.0|90.8|57.8
Cinacalcet (hydrochloride)|1|6.0|C[C@@H](NCCCc1cccc(C(F)(F)F)c1)c1cccc2ccccc12|109|57.9|0.0|0.0|76.8|0.0|71.0|16.4|80.9|30.5|57.1|0.0|71.7|50.7
Cinacalcet (hydrochloride)|1|10.0|C[C@@H](NCCCc1cccc(C(F)(F)F)c1)c1cccc2ccccc12|102|76.0|0.0|0.0|83.7|0.0|77.8|13.7|92.5|35.4|59.2|0.0|74.2|52.5
AZD 6482|1|2.0|Cc1cc([C@@H](C)Nc2ccccc2C(=O)O)c2nc(N3CCOCC3)cc(=O)n2c1|96|7.8|23.1|0.0|33.1|0.0|41.6|52.7|43.1|0.0|51.2|0.0|31.1|41.0
AZD 6482|1|6.0|Cc1cc([C@@H](C)Nc2ccccc2C(=O)O)c2nc(N3CCOCC3)cc(=O)n2c1|107|6.6|79.9|0.0|0.0|65.0|0.0|4.6|0.0|0.0|0.0|73.4|0.0|0.0
AZD 6482|1|10.0|Cc1cc([C@@H](C)Nc2ccccc2C(=O)O)c2nc(N3CCOCC3)cc(=O)n2c1|100|13.5|81.3|0.0|0.0|78.1|0.0|20.0|0.0|0.0|0.0|69.4|0.0|0.0
Zosuquidar (LY335979) 3HCl|1|2.0|O[C@@H](COc1cccc2ncccc12)CN1CCN([C@@H]2c3ccccc3[C@@H]3[C@H](c4ccccc42)C3(F)F)CC1|98|11.7|0.0|7.4|19.1|0.0|15.6|34.3|36.6|0.0|28.2|0.0|28.0|0.0
Zosuquidar (LY335979) 3HCl|1|6.0|O[C@@H](COc1cccc2ncccc12)CN1CCN([C@@H]2c3ccccc3[C@@H]3[C@H](c4ccccc42)C3(F)F)CC1|106|35.1|5.8|0.0|23.5|0.0|17.9|20.7|53.0|0.0|0.0|0.0|26.7|0.0
Zosuquidar (LY335979) 3HCl|1|10.0|O[C@@H](COc1cccc2ncccc12)CN1CCN([C@@H]2c3ccccc3[C@@H]3[C@H](c4ccccc42)C3(F)F)CC1|98|47.5|0.0|0.0|62.7|0.0|60.4|31.3|78.5|28.3|34.4|0.0|59.6|42.1
Pralatrexate|1|2.0|C#CCC(Cc1cnc2nc(N)nc(N)c2n1)c1ccc(C(=O)N[C@@H](CCC(=O)O)C(=O)O)cc1|81|31.3|65.6|3.4|0.0|95.4|0.0|3.5|0.0|0.0|0.0|76.4|0.0|0.0
AZD-7762|1|0.2|NC(=O)Nc1cc(-c2cccc(F)c2)sc1C(=O)N[C@H]1CCCNC1|93|33.2|0.0|0.0|69.8|0.0|75.6|42.7|69.2|47.9|65.3|0.0|67.7|63.6
AZD-7762|1|0.2|NC(=O)Nc1cc(-c2cccc(F)c2)sc1C(=O)N[C@H]1CCCNC1|93|34.2|0.0|0.0|64.8|0.0|73.3|45.3|63.4|45.5|67.5|0.0|61.3|63.8
AZD-7762|1|0.2|NC(=O)Nc1cc(-c2cccc(F)c2)sc1C(=O)N[C@H]1CCCNC1|111|11.2|0.0|0.0|70.4|0.0|69.2|35.9|55.4|43.9|51.6|0.0|59.8|58.3
AZD-7762|1|0.6|NC(=O)Nc1cc(-c2cccc(F)c2)sc1C(=O)N[C@H]1CCCNC1|76|74.8|0.0|0.0|76.3|0.0|77.5|37.3|80.9|51.2|68.2|0.0|80.5|63.6
AZD-7762|1|0.6|NC(=O)Nc1cc(-c2cccc(F)c2)sc1C(=O)N[C@H]1CCCNC1|73|77.0|0.0|0.0|75.0|0.0|76.4|34.7|82.0|47.4|66.5|0.0|79.2|59.3
AZD-7762|1|2.0|NC(=O)Nc1cc(-c2cccc(F)c2)sc1C(=O)N[C@H]1CCCNC1|61|83.4|0.0|0.0|74.1|0.0|74.6|45.8|71.9|49.4|69.3|0.0|87.1|58.7
AZD-7762|1|2.0|NC(=O)Nc1cc(-c2cccc(F)c2)sc1C(=O)N[C@H]1CCCNC1|75|69.8|0.0|0.0|84.3|0.0|83.3|30.8|82.1|57.7|63.3|0.0|86.0|61.1
AZD-7762|3|1.0|NC(=O)Nc1cc(-c2cccc(F)c2)sc1C(=O)N[C@H]1CCCNC1|83|73.4|0.0|0.0|80.3|0.0|81.2|32.1|78.5|55.9|71.7|0.0|83.6|65.5
AZD-7762|3|3.0|NC(=O)Nc1cc(-c2cccc(F)c2)sc1C(=O)N[C@H]1CCCNC1|56|81.0|0.0|0.0|80.6|0.0|85.4|23.9|70.4|67.4|70.6|0.0|87.8|50.3
Nebivolol HCl|1|2.0|O[C@@H](CNC[C@H](O)[C@H]1CCc2cc(F)ccc2O1)[C@@H]1CCc2cc(F)ccc2O1|98|11.2|5.6|0.0|17.4|1.8|9.2|41.3|34.7|0.0|15.7|0.0|31.4|7.0
Nebivolol HCl|1|6.0|O[C@@H](CNC[C@H](O)[C@H]1CCc2cc(F)ccc2O1)[C@@H]1CCc2cc(F)ccc2O1|97|43.2|0.8|0.0|61.0|0.0|58.9|31.0|74.6|16.1|42.2|0.0|55.7|45.0
Nebivolol HCl|1|10.0|O[C@@H](CNC[C@H](O)[C@H]1CCc2cc(F)ccc2O1)[C@@H]1CCc2cc(F)ccc2O1|98|57.5|0.0|0.0|74.2|0.0|71.1|31.7|87.8|31.6|48.5|0.0|67.3|55.1
ENMD-2076 L-(+)-Tartaric acid|1|2.0|Cc1cc(Nc2cc(N3CCN(C)CC3)nc(/C=C/c3ccccc3)n2)n[nH]1|63|40.1|0.0|86.5|0.0|0.0|9.3|46.9|0.0|0.5|21.1|0.0|17.2|0.0
Atorvastatin Calcium|1|2.0|CC(C)c1c(C(=O)Nc2ccccc2)c(-c2ccccc2)c(-c2ccc(F)cc2)n1CC[C@@H](O)C[C@@H](O)CC(=O)O|99|11.7|3.2|0.0|72.9|0.0|69.7|38.4|63.9|26.6|68.4|0.0|67.9|77.2
Atorvastatin Calcium|1|6.0|CC(C)c1c(C(=O)Nc2ccccc2)c(-c2ccccc2)c(-c2ccc(F)cc2)n1CC[C@@H](O)C[C@@H](O)CC(=O)O|98|46.3|0.0|0.0|89.4|0.0|82.7|15.2|64.6|56.2|80.4|0.0|82.5|66.5
Atorvastatin Calcium|1|10.0|CC(C)c1c(C(=O)Nc2ccccc2)c(-c2ccccc2)c(-c2ccc(F)cc2)n1CC[C@@H](O)C[C@@H](O)CC(=O)O|96|77.4|0.0|0.0|89.3|0.0|87.6|17.4|71.7|59.1|73.7|0.0|85.6|63.2
Sonidegib (Erismodegib, NVP-LDE225)|1|2.0|Cc1c(C(=O)Nc2ccc(N3C[C@H](C)O[C@H](C)C3)nc2)cccc1-c1ccc(OC(F)(F)F)cc1|96|11.4|16.6|0.0|41.5|0.0|44.3|57.0|54.3|0.0|48.0|0.0|50.1|49.7
Sonidegib (Erismodegib, NVP-LDE225)|1|6.0|Cc1c(C(=O)Nc2ccc(N3C[C@H](C)O[C@H](C)C3)nc2)cccc1-c1ccc(OC(F)(F)F)cc1|102|23.8|0.0|0.0|68.7|0.0|63.5|31.5|67.6|28.3|48.6|0.0|62.9|47.7
Sonidegib (Erismodegib, NVP-LDE225)|1|10.0|Cc1c(C(=O)Nc2ccc(N3C[C@H](C)O[C@H](C)C3)nc2)cccc1-c1ccc(OC(F)(F)F)cc1|101|26.1|0.0|0.0|79.6|0.0|75.5|25.0|76.6|45.6|53.6|0.0|70.6|50.6
Rabusertib|1|2.0|Cc1cnc(NC(=O)Nc2cc(Br)c(C)cc2OC[C@@H]2CNCCO2)cn1|87|22.3|2.2|20.6|10.3|20.1|18.4|40.7|24.0|11.9|31.6|0.2|28.6|23.4
NPS-2143|1|2.0|CC(C)(Cc1ccc2ccccc2c1)NC[C@@H](O)COc1cccc(Cl)c1C#N|95|24.7|0.0|0.0|50.9|0.0|45.7|20.6|69.3|6.2|39.0|0.0|59.5|33.5
Dibenzazepine (YO-01027)|1|6.0|C[C@H](NC(=O)Cc1cc(F)cc(F)c1)C(=O)N[C@@H]1C(=O)N(C)c2ccccc2-c2ccccc21|104|9.3|0.0|0.0|29.4|0.0|21.4|27.4|38.3|17.4|11.5|0.0|36.4|2.3
Dibenzazepine (YO-01027)|1|10.0|C[C@H](NC(=O)Cc1cc(F)cc(F)c1)C(=O)N[C@@H]1C(=O)N(C)c2ccccc2-c2ccccc21|100|29.5|0.0|0.0|50.1|0.0|48.7|26.3|63.6|26.4|31.1|0.0|57.8|17.9
Torcetrapib|1|6.0|CCOC(=O)N1c2ccc(C(F)(F)F)cc2[C@@H](N(Cc2cc(C(F)(F)F)cc(C(F)(F)F)c2)C(=O)OC)C[C@H]1CC|100|10.5|9.6|0.0|0.0|32.5|0.0|21.5|22.5|0.0|0.0|28.3|10.9|0.0
Torcetrapib|1|10.0|CCOC(=O)N1c2ccc(C(F)(F)F)cc2[C@@H](N(Cc2cc(C(F)(F)F)cc(C(F)(F)F)c2)C(=O)OC)C[C@H]1CC|97|11.1|0.0|3.7|27.1|4.9|18.7|28.5|39.9|14.6|32.6|0.0|48.5|4.6
(S)-Gossypol (acetic acid)|1|6.0|Cc1cc2c(C(C)C)c(O)c(O)c(C=O)c2c(O)c1-c1c(C)cc2c(C(C)C)c(O)c(O)c(C=O)c2c1O|98|7.3|49.4|0.0|24.3|16.0|19.3|7.8|40.4|3.9|20.3|0.0|26.9|54.5
(S)-Gossypol (acetic acid)|1|10.0|Cc1cc2c(C(C)C)c(O)c(O)c(C=O)c2c(O)c1-c1c(C)cc2c(C(C)C)c(O)c(O)c(C=O)c2c1O|91|35.1|7.7|0.0|67.4|0.0|58.7|0.0|79.3|29.1|43.0|0.0|67.8|62.1
131675,00 SAR|1|10.0|CCn1c(N)c(C(=O)NC)c(=O)c2ccc(C#C[C@@](C)(O)COC)nc21|103|5.0|51.5|0.0|0.0|24.2|0.0|18.8|19.7|0.0|0.0|22.6|5.7|6.5
Daunorubicin HCl|1|2.0|COc1cccc2c1C(=O)c1c(O)c3c(c(O)c1C2=O)C[C@@](O)(C(C)=O)C[C@@H]3O[C@H]1C[C@H](N)[C@H](O)[C@H](C)O1|57|47.0|55.2|0.0|0.0|83.7|0.0|15.7|0.0|0.0|0.0|51.2|6.2|2.9
Sertraline HCl|1|2.0|CN[C@H]1CC[C@@H](c2ccc(Cl)c(Cl)c2)c2ccccc21|93|17.6|0.0|0.0|68.5|0.0|67.6|0.0|89.2|27.2|37.6|0.0|57.7|42.1
Ticagrelor|1|10.0|CCCSc1nc(N[C@@H]2C[C@H]2c2ccc(F)c(F)c2)c2nnn([C@@H]3C[C@H](OCCO)[C@@H](O)[C@H]3O)c2n1|102|9.8|0.0|0.0|60.8|0.0|58.3|24.4|66.6|31.1|20.8|0.0|59.7|20.4
SN-38|1|2.0|CCc1c2c(nc3ccc(O)cc13)-c1cc3c(c(=O)n1C2)COC(=O)[C@]3(O)CC|63|43.7|45.0|22.9|0.0|92.5|0.0|14.3|0.0|0.0|0.0|72.0|0.0|0.0
GDC-0152|1|2.0|CN[C@@H](C)C(=O)N[C@H](C(=O)N1CCC[C@H]1C(=O)Nc1snnc1-c1ccccc1)C1CCCCC1|97|6.7|52.6|6.8|0.0|53.0|0.0|38.3|0.0|0.0|17.1|35.4|0.0|4.0
AZ20|1|2.0|C[C@@H]1COCCN1c1cc(C2(S(C)(=O)=O)CC2)nc(-c2cccc3[nH]ccc23)n1|97|34.7|87.6|0.0|0.0|31.5|0.0|45.5|0.0|0.0|5.1|40.3|0.0|38.9
GSK126|1|2.0|CC[C@H](C)n1cc(C)c2c(C(=O)NCc3c(C)cc(C)nc3O)cc(-c3ccc(N4CCNCC4)nc3)cc21|94|6.4|0.0|0.0|48.0|0.0|47.9|14.2|76.9|14.9|10.7|0.0|53.5|13.6
GSK126|1|6.0|CC[C@H](C)n1cc(C)c2c(C(=O)NCc3c(C)cc(C)nc3O)cc(-c3ccc(N4CCNCC4)nc3)cc21|95|76.5|0.0|0.0|77.9|0.0|76.7|19.8|88.3|33.8|52.5|0.0|70.4|49.9
(+)-JQ-1|1|2.0|Cc1sc2c(c1C)C(c1ccc(Cl)cc1)=N[C@@H](CC(=O)OC(C)(C)C)c1nnc(C)n1-2|95|46.1|0.0|0.0|91.6|0.0|84.5|9.8|74.3|63.2|61.3|0.0|88.2|66.9
(+)-JQ-1|2|0.2|Cc1sc2c(c1C)C(c1ccc(Cl)cc1)=N[C@@H](CC(=O)OC(C)(C)C)c1nnc(C)n1-2|100|38.2|0.0|0.0|96.8|0.0|90.9|6.7|74.9|62.2|63.8|0.0|86.3|63.6
(+)-JQ-1|2|2.0|Cc1sc2c(c1C)C(c1ccc(Cl)cc1)=N[C@@H](CC(=O)OC(C)(C)C)c1nnc(C)n1-2|93|62.0|0.0|0.0|97.1|0.0|92.9|0.0|83.2|62.7|62.4|0.0|84.1|60.7
Batimastat|1|10.0|CNC(=O)[C@H](Cc1ccccc1)NC(=O)[C@H](CC(C)C)[C@H](CSc1cccs1)C(=O)NO|111|5.9|68.8|0.0|0.1|40.0|0.0|16.8|33.9|0.0|0.0|21.5|7.3|32.3
UNC2250|1|6.0|CCCCNc1ncc(-c2ccc(CN3CCOCC3)cn2)c(NC2CCC(O)CC2)n1|60|46.3|11.7|61.0|0.0|54.5|0.0|39.0|22.6|0.0|0.0|34.6|3.3|0.0
UNC2250|1|10.0|CCCCNc1ncc(-c2ccc(CN3CCOCC3)cn2)c(NC2CCC(O)CC2)n1|63|45.9|20.0|44.6|0.0|36.2|0.0|38.1|41.8|0.0|0.0|15.2|10.3|0.0
ARQ 621|1|0.2|C#CC[C@H](c1nc2cc(Cl)ccc2c(=O)n1Nc1ccccc1)N(CCCN)C(=O)c1cccc(Cl)c1F|84|5.7|0.0|33.4|40.9|20.0|43.8|4.3|46.8|19.9|28.9|0.0|62.5|19.7
ARQ 621|1|0.2|C#CC[C@H](c1nc2cc(Cl)ccc2c(=O)n1Nc1ccccc1)N(CCCN)C(=O)c1cccc(Cl)c1F|84|9.3|0.0|39.7|25.9|26.2|25.6|11.2|31.7|19.4|27.1|0.0|54.9|13.1
ARQ 621|1|0.6|C#CC[C@H](c1nc2cc(Cl)ccc2c(=O)n1Nc1ccccc1)N(CCCN)C(=O)c1cccc(Cl)c1F|55|71.0|0.0|33.4|64.3|0.0|68.2|8.4|56.6|55.6|51.3|0.0|78.5|27.1
ARQ 621|1|0.6|C#CC[C@H](c1nc2cc(Cl)ccc2c(=O)n1Nc1ccccc1)N(CCCN)C(=O)c1cccc(Cl)c1F|62|68.7|0.0|35.3|59.2|0.0|63.0|7.9|55.0|48.6|52.1|0.0|75.5|25.2
Birabresib|1|2.0|Cc1sc2c(c1C)C(c1ccc(Cl)cc1)=N[C@@H](CC(=O)Nc1ccc(O)cc1)c1nnc(C)n1-2|95|33.9|0.0|0.0|91.3|0.0|86.1|0.7|68.7|63.6|62.5|0.0|85.7|68.5
GNE-9605|1|6.0|CNc1nc(Nc2cnn([C@H]3CCN(C4COC4)C[C@@H]3F)c2Cl)ncc1C(F)(F)F|106|7.8|58.3|0.0|0.0|0.0|0.0|30.9|0.0|0.0|0.0|30.1|0.0|1.5
(S)-Crizotinib|1|2.0|C[C@H](Oc1cc(-c2cnn(C3CCNCC3)c2)cnc1N)c1c(Cl)ccc(F)c1Cl|93|46.6|0.0|0.0|71.8|0.0|70.5|13.3|91.2|23.9|45.6|0.0|63.3|42.0
Decernotinib|1|2.0|CC[C@@](C)(Nc1ccnc(-c2c[nH]c3ncccc23)n1)C(=O)NCC(F)(F)F|100|29.9|71.9|6.3|0.0|82.0|0.0|8.8|0.0|0.0|0.0|78.8|0.0|0.0
GSK 2830371|1|2.0|Cc1ncc(Cl)cc1NCc1ccc(C(=O)N[C@@H](CC2CCCC2)C(=O)NC2CC2)s1|98|12.8|20.9|1.5|0.0|65.3|0.0|31.0|13.4|0.0|0.0|37.3|19.4|0.0
GSK 2830371|1|6.0|Cc1ncc(Cl)cc1NCc1ccc(C(=O)N[C@@H](CC2CCCC2)C(=O)NC2CC2)s1|102|12.4|11.5|0.0|20.9|43.0|7.7|24.4|44.9|0.0|5.0|6.5|46.3|19.2
GSK 2830371|1|10.0|Cc1ncc(Cl)cc1NCc1ccc(C(=O)N[C@@H](CC2CCCC2)C(=O)NC2CC2)s1|102|15.4|31.3|0.0|0.0|48.9|0.0|32.0|28.4|0.0|0.0|29.5|20.9|0.6
PX-478 2HCl|1|10.0|N[C@@H](Cc1ccc([N+]([O-])(CCCl)CCCl)cc1)C(=O)O|94|8.5|31.2|45.2|0.0|72.1|0.0|0.0|0.0|0.0|0.0|72.7|0.0|0.0
GSK1324726A|1|2.0|CC(=O)N1c2ccc(-c3ccc(C(=O)O)cc3)cc2[C@H](Nc2ccc(Cl)cc2)C[C@@H]1C|99|22.8|0.0|0.0|88.7|0.0|79.4|1.4|77.1|54.9|56.7|0.0|83.9|71.0
Picropodophyllin|1|0.2|COc1cc([C@@H]2c3cc4c(cc3[C@H](O)[C@H]3COC(=O)[C@@H]23)OCO4)cc(OC)c1OC|82|18.1|0.0|24.4|47.3|0.0|45.2|15.9|46.6|32.6|38.7|0.0|77.4|23.9
Picropodophyllin|1|0.2|COc1cc([C@@H]2c3cc4c(cc3[C@H](O)[C@H]3COC(=O)[C@@H]23)OCO4)cc(OC)c1OC|87|14.9|0.0|39.8|42.5|0.0|44.6|25.2|46.9|31.0|27.1|0.0|76.3|9.5
Picropodophyllin|1|0.6|COc1cc([C@@H]2c3cc4c(cc3[C@H](O)[C@H]3COC(=O)[C@@H]23)OCO4)cc(OC)c1OC|61|58.9|0.0|20.4|62.8|0.0|68.7|47.8|59.6|51.4|56.3|0.0|88.0|43.8
Picropodophyllin|1|0.6|COc1cc([C@@H]2c3cc4c(cc3[C@H](O)[C@H]3COC(=O)[C@@H]23)OCO4)cc(OC)c1OC|65|60.8|0.0|16.2|63.2|0.0|69.5|47.5|60.8|51.3|57.1|0.0|88.8|47.1
Ceralasertib|1|2.0|C[C@@H]1COCCN1c1cc(C2([S@](C)(=N)=O)CC2)nc(-c2ccnc3[nH]ccc23)n1|105|7.1|14.8|0.0|61.4|0.0|62.3|21.2|41.2|47.6|48.9|0.0|48.6|71.0
Ceralasertib|1|6.0|C[C@@H]1COCCN1c1cc(C2([S@](C)(=N)=O)CC2)nc(-c2ccnc3[nH]ccc23)n1|100|12.1|44.9|0.0|10.9|0.0|14.0|19.0|14.9|18.8|0.0|10.2|0.0|29.2
Ceralasertib|1|10.0|C[C@@H]1COCCN1c1cc(C2([S@](C)(=N)=O)CC2)nc(-c2ccnc3[nH]ccc23)n1|102|8.6|63.9|0.0|19.1|11.6|23.5|23.2|40.8|14.9|8.9|10.1|13.9|44.7
AZD8186|1|2.0|C[C@@H](Nc1cc(F)cc(F)c1)c1cc(C(=O)N(C)C)cc2c(=O)cc(N3CCOCC3)oc12|98|20.0|84.4|0.0|0.0|72.9|0.0|8.4|0.0|0.0|0.0|62.4|0.0|7.1
SB 239063|1|2.0|COc1nccc(-c2c(-c3ccc(F)cc3)ncn2C2CCC(O)CC2)n1|95|8.3|66.9|0.0|0.0|71.1|0.0|0.9|0.5|0.0|0.0|39.0|0.0|14.0
SB 239063|1|6.0|COc1nccc(-c2c(-c3ccc(F)cc3)ncn2C2CCC(O)CC2)n1|100|7.9|79.2|0.0|0.0|59.8|0.0|19.4|0.0|0.0|0.0|58.8|0.0|0.0
SB 239063|1|10.0|COc1nccc(-c2c(-c3ccc(F)cc3)ncn2C2CCC(O)CC2)n1|110|16.2|75.5|0.0|0.0|72.3|0.0|24.3|0.0|0.0|0.0|58.5|0.0|0.0
Nirogacestat|1|2.0|CCC[C@H](N[C@H]1CCc2cc(F)cc(F)c2C1)C(=O)Nc1cn(C(C)(C)CNCC(C)(C)C)cn1|101|8.1|0.0|0.0|28.4|0.0|23.3|48.2|30.5|0.0|41.7|0.0|38.8|20.1
Nirogacestat|1|6.0|CCC[C@H](N[C@H]1CCc2cc(F)cc(F)c2C1)C(=O)Nc1cn(C(C)(C)CNCC(C)(C)C)cn1|103|26.8|0.0|0.0|34.5|0.0|38.0|36.8|43.4|12.4|28.1|0.0|37.0|8.1
Nirogacestat|1|10.0|CCC[C@H](N[C@H]1CCc2cc(F)cc(F)c2C1)C(=O)Nc1cn(C(C)(C)CNCC(C)(C)C)cn1|91|39.7|0.0|0.0|54.8|0.0|55.3|38.7|63.2|21.5|40.1|0.0|53.6|25.1
PRT062607 (Hydrochloride)|1|2.0|NC(=O)c1cnc(N[C@@H]2CCCC[C@@H]2N)nc1Nc1cccc(-n2nccn2)c1|96|6.7|0.0|0.0|29.4|0.0|20.2|32.7|47.5|0.0|33.0|0.0|41.2|20.7
PRT062607 (Hydrochloride)|1|6.0|NC(=O)c1cnc(N[C@@H]2CCCC[C@@H]2N)nc1Nc1cccc(-n2nccn2)c1|74|79.1|0.0|0.0|75.9|0.0|73.1|26.8|87.4|30.7|64.5|0.0|78.5|56.9
PRT062607 (Hydrochloride)|1|10.0|NC(=O)c1cnc(N[C@@H]2CCCC[C@@H]2N)nc1Nc1cccc(-n2nccn2)c1|62|83.4|0.0|0.0|79.5|0.0|77.0|20.1|90.3|38.0|61.7|0.0|79.3|53.7
Cobimetinib (GDC-0973, RG7420)|1|2.0|O=C(c1ccc(F)c(F)c1Nc1ccc(I)cc1F)N1CC(O)([C@@H]2CCCCN2)C1|100|18.0|79.3|0.0|0.0|80.6|0.0|41.9|0.0|0.0|0.0|67.9|0.0|8.5
Pimavanserin|1|2.0|CC(C)COc1ccc(CNC(=O)N(Cc2ccc(F)cc2)C2CCN(C)CC2)cc1|104|49.2|0.0|0.0|68.5|0.0|71.5|28.6|77.7|15.5|53.3|0.0|64.9|40.9
Luminespib|1|2.0|CCNC(=O)c1noc(-c2cc(C(C)C)c(O)cc2O)c1-c1ccc(CN2CCOCC2)cc1|65|44.9|28.9|11.1|0.0|0.0|9.0|98.2|2.1|0.0|22.9|18.6|21.0|21.2
AM1241|1|6.0|CN1CCCCC1Cn1cc(C(=O)c2cc([N+](=O)[O-])ccc2I)c2ccccc21|98|31.6|0.0|0.0|46.3|0.0|49.8|34.5|70.8|2.6|22.4|0.0|47.2|24.7
AM1241|1|10.0|CN1CCCCC1Cn1cc(C(=O)c2cc([N+](=O)[O-])ccc2I)c2ccccc21|103|49.7|0.0|0.0|64.7|0.0|61.8|17.1|91.7|20.4|24.5|0.0|56.7|32.0
Mardepodect|1|2.0|Cn1cc(-c2ccncc2)c(-c2ccc(OCc3ccc4ccccc4n3)cc2)n1|96|26.6|0.0|0.0|56.5|0.0|55.4|8.4|87.2|10.4|19.4|0.0|54.9|19.8
Birinapant|1|2.0|CC[C@H](NC(=O)[C@H](C)NC)C(=O)N1C[C@@H](O)C[C@H]1Cc1c(-c2[nH]c3cc(F)ccc3c2C[C@@H]2C[C@H](O)CN2C(=O)[C@H](CC)NC(=O)[C@H](C)NC)[nH]c2cc(F)ccc12|98|12.6|68.2|0.0|0.0|71.3|0.0|35.5|0.0|0.0|0.0|57.0|0.0|0.0
AZD-2461|1|6.0|COC1CCN(C(=O)c2cc(Cc3nnc(O)c4ccccc34)ccc2F)CC1|89|5.4|15.3|58.3|0.0|64.4|0.0|2.6|0.0|0.0|0.0|61.8|0.0|0.0
AZD-2461|1|10.0|COC1CCN(C(=O)c2cc(Cc3nnc(O)c4ccccc34)ccc2F)CC1|92|13.1|27.0|41.7|0.0|72.0|0.0|0.0|0.0|0.0|0.0|73.8|0.0|0.0
NVP-HSP990|1|2.0|COc1cccc(-c2cc(F)ccc2[C@H]2Cc3nc(N)nc(C)c3C(=O)N2)n1|71|30.4|15.9|24.8|0.0|0.0|6.8|95.2|0.0|0.0|6.5|13.8|14.0|5.8
NSC697923|1|2.0|Cc1ccc(S(=O)(=O)c2ccc([N+](=O)[O-])o2)cc1|81|31.8|0.0|32.0|21.5|36.7|12.6|1.0|31.3|11.1|18.7|0.0|57.0|11.8
OG-L002|1|10.0|N[C@H]1C[C@@H]1c1ccc(-c2cccc(O)c2)cc1|104|10.9|3.1|0.0|43.2|0.0|39.3|0.0|64.5|23.7|0.0|0.0|44.6|34.7
KPT-276|1|2.0|O=C(/C=C\n1cnc(-c2cc(C(F)(F)F)cc(C(F)(F)F)c2)n1)N1CC(F)(F)C1|69|39.6|59.8|18.3|0.0|91.9|0.0|4.0|0.0|0.0|0.0|83.1|0.0|0.0
STF-118804|1|6.0|Cc1ccc(S(=O)(=O)Cc2nc(-c3ccc(C(=O)NCc4cccnc4)cc3)oc2C)cc1|93|15.5|78.7|0.0|0.0|63.0|0.0|28.1|6.1|0.0|0.0|63.1|0.0|2.5
STF-118804|1|10.0|Cc1ccc(S(=O)(=O)Cc2nc(-c3ccc(C(=O)NCc4cccnc4)cc3)oc2C)cc1|85|22.6|74.1|0.0|0.0|54.6|0.0|39.1|13.7|0.0|0.0|52.5|11.8|11.8
LB42708|1|2.0|O=C(c1cn(Cc2cncn2Cc2ccc(Br)cc2)cc1-c1cccc2ccccc12)N1CCOCC1|98|40.8|0.0|0.0|78.1|0.0|76.7|42.2|77.7|34.9|56.7|0.0|81.8|56.9
TH588|1|6.0|Nc1nc(NC2CC2)cc(-c2cccc(Cl)c2Cl)n1|76|58.4|0.0|0.0|81.9|0.0|76.6|39.4|66.2|53.1|59.6|0.0|92.3|58.4
TH588|1|10.0|Nc1nc(NC2CC2)cc(-c2cccc(Cl)c2Cl)n1|64|67.2|0.0|0.0|81.5|0.0|78.7|27.7|63.9|60.4|55.4|0.0|89.1|51.7
SecinH3|1|2.0|COc1nc(-c2ccc3c(c2)OCO3)n(-c2ccc(NC(=O)CSc3ccccc3)cc2)n1|97|15.2|0.0|0.0|26.5|0.0|24.6|51.7|38.1|0.0|36.3|0.0|38.2|20.7
Cyclo (-RGDfK)|1|6.0|NCCCC[C@@H]1NC(=O)[C@@H](Cc2ccccc2)NC(=O)[C@H](CC(=O)O)NC(=O)CNC(=O)[C@H](CCCN=C(N)N)NC1=O|95|60.4|0.0|0.0|83.8|0.0|76.9|18.7|63.7|53.4|63.5|0.0|86.2|46.7
Cyclo (-RGDfK)|1|10.0|NCCCC[C@@H]1NC(=O)[C@@H](Cc2ccccc2)NC(=O)[C@H](CC(=O)O)NC(=O)CNC(=O)[C@H](CCCN=C(N)N)NC1=O|97|65.3|0.0|0.0|84.7|0.0|79.5|14.8|61.8|56.5|62.4|0.0|86.2|45.5
Cyclo(RGDyK) (trifluoroacetate)|1|2.0|NCCCC[C@@H]1NC(=O)[C@@H](Cc2ccc(O)cc2)NC(=O)[C@H](CC(=O)O)NC(=O)CNC(=O)[C@H](CCCN=C(N)N)NC1=O|98|5.9|0.0|0.0|74.9|0.0|68.0|34.3|67.9|30.2|66.2|0.0|78.3|55.8
Cyclo(RGDyK) (trifluoroacetate)|1|6.0|NCCCC[C@@H]1NC(=O)[C@@H](Cc2ccc(O)cc2)NC(=O)[C@H](CC(=O)O)NC(=O)CNC(=O)[C@H](CCCN=C(N)N)NC1=O|97|70.8|0.0|0.0|79.4|0.0|73.8|19.3|57.1|49.6|72.5|0.0|84.8|42.1
Cyclo(RGDyK) (trifluoroacetate)|1|10.0|NCCCC[C@@H]1NC(=O)[C@@H](Cc2ccc(O)cc2)NC(=O)[C@H](CC(=O)O)NC(=O)CNC(=O)[C@H](CCCN=C(N)N)NC1=O|84|76.3|0.0|0.0|86.3|0.0|82.6|19.3|64.7|56.8|70.4|0.0|88.0|48.0
Cyclo(RGDyK) (trifluoroacetate)|2|10.0|NCCCC[C@@H]1NC(=O)[C@@H](Cc2ccc(O)cc2)NC(=O)[C@H](CC(=O)O)NC(=O)CNC(=O)[C@H](CCCN=C(N)N)NC1=O|100|42.5|0.0|0.0|77.2|0.0|75.2|23.8|63.0|44.4|59.1|0.0|79.8|53.8
Cyclo(RGDyK) (trifluoroacetate)|2|30.0|NCCCC[C@@H]1NC(=O)[C@@H](Cc2ccc(O)cc2)NC(=O)[C@H](CC(=O)O)NC(=O)CNC(=O)[C@H](CCCN=C(N)N)NC1=O|98|77.2|0.0|0.0|89.3|0.0|87.1|25.8|70.4|56.5|68.8|0.0|87.4|61.6
Cyclo(RGDyK) (trifluoroacetate)|2|50.0|NCCCC[C@@H]1NC(=O)[C@@H](Cc2ccc(O)cc2)NC(=O)[C@H](CC(=O)O)NC(=O)CNC(=O)[C@H](CCCN=C(N)N)NC1=O|88|67.5|0.0|0.0|83.5|0.0|77.1|29.8|59.5|49.9|77.9|0.0|84.5|63.6
L755507|1|2.0|CCCCCCNC(=O)Nc1ccc(S(=O)(=O)Nc2ccc(CCNC[C@H](O)COc3ccc(O)cc3)cc2)cc1|99|21.2|0.0|6.3|11.1|0.0|8.7|45.6|25.6|0.0|9.5|0.0|25.9|0.6
GW9508|1|6.0|O=C(O)CCc1ccc(NCc2cccc(Oc3ccccc3)c2)cc1|111|11.7|33.9|0.0|0.0|32.7|0.0|0.0|0.0|0.0|0.0|54.5|0.0|0.0
Tariquidar|1|2.0|COc1cc2c(cc1OC)CN(CCc1ccc(NC(=O)c3cc(OC)c(OC)cc3NC(=O)c3cnc4ccccc4c3)cc1)CC2|96|46.5|0.0|0.0|54.2|0.0|58.2|34.7|84.2|5.1|31.8|0.0|56.2|24.7
Linrodostat|1|2.0|C[C@@H](C(=O)Nc1ccc(Cl)cc1)[C@H]1CC[C@@H](c2ccnc3ccc(F)cc32)CC1|95|26.4|0.0|15.0|21.1|10.5|15.0|28.5|42.2|0.0|27.9|0.0|35.0|0.0
JANEX-1|1|2.0|COc1cc2ncnc(Nc3ccc(O)cc3)c2cc1OC|95|8.8|71.4|0.0|0.0|41.4|0.0|49.1|0.0|0.0|0.0|49.3|0.0|19.0
Barasertib|1|0.2|CCN(CCCOc1ccc2c(Nc3cc(CC(=O)Nc4cccc(F)c4)[nH]n3)ncnc2c1)CCOP(=O)(O)O|77|27.3|0.0|93.4|0.0|0.0|0.0|9.3|0.0|9.6|1.2|0.0|13.3|0.0
Barasertib|1|2.0|CCN(CCCOc1ccc2c(Nc3cc(CC(=O)Nc4cccc(F)c4)[nH]n3)ncnc2c1)CCOP(=O)(O)O|70|32.3|0.0|95.7|0.0|15.8|0.0|0.0|0.0|0.0|0.0|8.8|0.0|0.0
CGP60474|1|0.2|OCCCNc1cc(-c2ccnc(Nc3cccc(Cl)c3)n2)ccn1|71|49.2|10.6|0.0|31.7|10.5|23.5|15.7|44.2|10.7|0.5|0.0|41.2|31.3
CGP60474|1|2.0|OCCCNc1cc(-c2ccnc(Nc3cccc(Cl)c3)n2)ccn1|69|61.8|0.0|0.0|38.5|3.9|30.6|2.1|53.3|18.2|6.4|0.0|45.7|27.7
Mitoxantrone|1|0.2|O=C1c2c(O)ccc(O)c2C(=O)c2c(NCCNCCO)ccc(NCCNCCO)c21|69|35.2|34.5|39.6|0.0|90.6|0.0|2.5|0.0|0.0|0.0|71.1|0.0|0.0
Mitoxantrone|1|2.0|O=C1c2c(O)ccc(O)c2C(=O)c2c(NCCNCCO)ccc(NCCNCCO)c21|55|62.9|35.3|0.0|7.4|27.7|0.0|5.0|22.1|15.6|0.0|28.8|13.7|18.8
Tranylcypromine (hemisulfate)|1|2.0|N[C@@H]1C[C@H]1c1ccccc1|104|6.2|0.0|0.0|80.4|0.0|73.4|9.2|62.9|39.5|41.9|0.0|62.4|59.3
BIX-01294|1|0.2|COc1cc2nc(N3CCCN(C)CC3)nc(NC3CCN(Cc4ccccc4)CC3)c2cc1OC|96|6.7|0.0|0.0|75.7|0.0|74.8|5.8|88.9|42.4|31.0|0.0|62.6|39.7
BIX-01294|1|2.0|COc1cc2nc(N3CCCN(C)CC3)nc(NC3CCN(Cc4ccccc4)CC3)c2cc1OC|90|82.0|0.0|0.0|70.1|0.0|67.2|0.0|85.4|31.3|37.3|0.0|66.1|31.9
Doxorubicin (hydrochloride)|1|0.2|COc1cccc2c1C(=O)c1c(O)c3c(c(O)c1C2=O)C[C@@](O)(C(=O)CO)C[C@@H]3O[C@H]1C[C@H](N)[C@H](O)[C@H](C)O1|70|32.3|44.1|27.6|0.0|96.3|0.0|0.0|0.0|0.0|0.0|74.6|0.0|0.0
Doxorubicin (hydrochloride)|1|2.0|COc1cccc2c1C(=O)c1c(O)c3c(c(O)c1C2=O)C[C@@](O)(C(=O)CO)C[C@@H]3O[C@H]1C[C@H](N)[C@H](O)[C@H](C)O1|56|51.8|59.0|0.0|0.0|81.1|0.0|20.8|2.9|0.0|0.0|54.6|1.9|6.5
Panobinostat|1|0.2|Cc1[nH]c2ccccc2c1CCNCc1ccc(/C=C/C(=O)NO)cc1|75|57.0|0.0|0.0|83.4|0.0|96.8|23.5|60.0|67.6|70.5|0.0|71.4|68.3
Panobinostat|1|2.0|Cc1[nH]c2ccccc2c1CCNCc1ccc(/C=C/C(=O)NO)cc1|68|65.3|0.0|0.0|85.9|0.0|98.1|23.1|73.6|65.3|70.9|0.0|76.2|66.3
NSC 228155|1|2.0|O=[N+]([O-])c1ccc(Sc2cccc[n+]2[O-])c2nonc12|81|24.4|21.7|0.0|0.0|48.8|0.0|25.9|20.1|6.7|15.4|11.4|11.5|0.0
Quisinostat|1|0.2|Cn1cc(CNCC2CCN(c3ncc(C(=O)NO)cn3)CC2)c2ccccc21|70|63.6|0.0|0.0|87.1|0.0|97.6|31.2|67.8|63.5|73.2|0.0|77.6|70.4
Quisinostat|1|2.0|Cn1cc(CNCC2CCN(c3ncc(C(=O)NO)cn3)CC2)c2ccccc21|68|61.3|0.0|0.0|84.2|0.0|97.5|26.9|71.6|65.5|71.0|0.0|74.3|69.7
Trichostatin A|1|0.2|CC(/C=C/C(=O)NO)=C\[C@@H](C)C(=O)c1ccc(N(C)C)cc1|79|49.2|0.0|0.0|90.5|0.0|96.7|19.5|66.0|67.6|66.9|0.0|79.9|72.3
Trichostatin A|1|2.0|CC(/C=C/C(=O)NO)=C\[C@@H](C)C(=O)c1ccc(N(C)C)cc1|66|58.7|0.0|0.0|84.8|0.0|98.4|23.0|68.8|67.9|68.1|0.0|74.9|64.0
Citarinostat|1|2.0|O=C(CCCCCCNC(=O)c1cnc(N(c2ccccc2)c2ccccc2Cl)nc1)NO|96|22.5|0.0|0.0|83.8|0.0|88.2|17.9|68.4|56.2|50.3|0.0|83.8|59.3
Ricolinostat|1|2.0|O=C(CCCCCCNC(=O)c1cnc(N(c2ccccc2)c2ccccc2)nc1)NO|94|28.0|0.0|0.0|85.0|0.0|89.7|0.0|59.9|67.2|52.1|0.0|77.9|56.2
Tacedinaline|1|2.0|CC(=O)Nc1ccc(C(=O)Nc2ccccc2N)cc1|89|7.9|0.0|25.0|1.9|0.0|26.5|21.1|0.0|22.5|12.7|0.0|0.0|0.0
Scriptaid|1|0.2|O=C(CCCCCN1C(=O)c2cccc3cccc(c23)C1=O)NO|92|22.8|0.0|0.0|85.5|0.0|87.6|10.8|58.0|61.9|58.5|0.0|80.4|55.9
Scriptaid|1|2.0|O=C(CCCCCN1C(=O)c2cccc3cccc(c23)C1=O)NO|78|52.3|0.0|0.0|87.9|0.0|97.7|17.9|70.3|66.2|62.3|0.0|79.4|57.2
Scriptaid|2|0.2|O=C(CCCCCN1C(=O)c2cccc3cccc(c23)C1=O)NO|91|15.2|0.0|10.1|41.2|0.0|57.7|0.0|28.8|51.5|0.0|0.0|33.8|22.1
Scriptaid|2|0.6|O=C(CCCCCN1C(=O)c2cccc3cccc(c23)C1=O)NO|89|25.6|0.0|0.0|75.6|0.0|82.0|9.8|63.6|61.0|35.5|0.0|77.0|64.1
Scriptaid|2|2.0|O=C(CCCCCN1C(=O)c2cccc3cccc(c23)C1=O)NO|62|47.0|0.0|0.4|74.7|0.0|86.7|21.7|67.6|59.5|58.9|0.0|74.6|54.4
Scriptaid|2|2.0|O=C(CCCCCN1C(=O)c2cccc3cccc(c23)C1=O)NO|66|50.4|0.0|0.0|77.5|0.0|87.7|20.7|66.6|58.5|56.7|0.0|74.1|53.0
Scriptaid|2|6.0|O=C(CCCCCN1C(=O)c2cccc3cccc(c23)C1=O)NO|63|66.1|0.0|0.0|75.4|0.0|89.5|29.6|67.9|60.1|62.7|0.0|74.5|56.9
Scriptaid|2|10.0|O=C(CCCCCN1C(=O)c2cccc3cccc(c23)C1=O)NO|66|50.8|0.0|0.0|67.0|0.0|81.8|32.8|58.4|53.7|66.1|0.0|67.9|56.3
Entinostat|1|2.0|Nc1ccccc1NC(=O)c1ccc(CNC(=O)OCc2cccnc2)cc1|96|16.8|0.0|26.8|0.0|0.0|25.8|8.8|0.0|27.5|0.0|0.0|0.0|0.0
SR-4370|1|2.0|CCCCNNC(=O)c1ccc(-c2cccc(F)c2F)cc1|89|21.4|0.0|21.6|0.0|0.0|0.0|16.7|0.0|11.5|0.0|29.4|0.0|0.0
SB1317|1|0.2|CN1C/C=C/CCOc2cccc(c2)-c2ccnc(n2)Nc2cccc(c2)C1|70|44.0|6.7|0.0|38.5|5.4|34.8|6.8|53.8|19.7|1.6|0.0|38.2|33.6
SB1317|1|2.0|CN1C/C=C/CCOc2cccc(c2)-c2ccnc(n2)Nc2cccc(c2)C1|59|59.8|0.0|0.0|62.6|0.0|58.6|0.0|70.3|42.1|33.2|0.0|63.4|44.6
RG2833|1|2.0|Cc1ccc(C(=O)NCCCCCC(=O)Nc2ccccc2N)cc1|89|29.5|0.0|29.4|0.0|0.0|0.0|0.0|0.0|12.4|0.0|28.3|0.0|0.0
Phorbol 12-myristate 13-acetate|1|0.2|CCCCCCCCCCCCCC(=O)O[C@@H]1[C@@H](C)[C@@]2(O)[C@@H](C=C(CO)C[C@]3(O)C(=O)C(C)=C[C@@H]23)[C@@H]2C(C)(C)[C@]12OC(C)=O|86|43.2|17.1|0.0|68.8|0.0|63.1|26.0|71.0|31.5|61.0|0.0|69.6|79.3
Phorbol 12-myristate 13-acetate|1|2.0|CCCCCCCCCCCCCC(=O)O[C@@H]1[C@@H](C)[C@@]2(O)[C@@H](C=C(CO)C[C@]3(O)C(=O)C(C)=C[C@@H]23)[C@@H]2C(C)(C)[C@]12OC(C)=O|93|36.4|40.1|0.0|53.9|0.0|55.5|32.9|72.2|15.1|49.1|0.0|52.8|69.5
Dacinostat|1|0.2|O=C(/C=C/c1ccc(CN(CCO)CCc2c[nH]c3ccccc23)cc1)NO|76|52.8|0.0|0.0|90.8|0.0|95.5|18.5|63.9|66.4|72.3|0.0|82.1|71.2
Dacinostat|1|2.0|O=C(/C=C/c1ccc(CN(CCO)CCc2c[nH]c3ccccc23)cc1)NO|66|62.2|0.0|0.0|85.5|0.0|98.7|24.2|71.5|65.8|72.7|0.0|75.6|64.2
Birabresib|1|0.2|Cc1sc2c(c1C)C(c1ccc(Cl)cc1)=N[C@@H](CC(=O)Nc1ccc(O)cc1)c1nnc(C)n1-2|96|32.0|0.0|0.0|95.4|0.0|88.9|0.0|71.7|67.0|58.1|0.0|84.1|64.0
Birabresib|1|2.0|Cc1sc2c(c1C)C(c1ccc(Cl)cc1)=N[C@@H](CC(=O)Nc1ccc(O)cc1)c1nnc(C)n1-2|90|70.3|0.0|0.0|92.7|0.0|86.2|0.0|85.5|56.6|62.1|0.0|85.7|63.7
PLX51107|1|0.2|Cc1noc(C)c1-c1cnc2c(-c3ccc(C(=O)O)cc3)cn([C@@H](C)c3ccccn3)c2c1|94|32.1|0.0|0.0|95.4|0.0|86.5|8.7|72.8|60.2|64.1|0.0|87.3|67.4
PLX51107|1|2.0|Cc1noc(C)c1-c1cnc2c(-c3ccc(C(=O)O)cc3)cn([C@@H](C)c3ccccn3)c2c1|96|53.5|0.0|0.0|97.8|0.0|92.1|0.1|79.9|60.4|73.6|0.0|84.3|72.1
Niraparib (tosylate)|1|0.2|NC(=O)c1cccc2cn(-c3ccc([C@@H]4CCCNC4)cc3)nc12|95|14.3|4.7|22.3|0.0|18.0|0.0|0.0|0.0|3.2|0.0|45.3|0.0|0.0
Niraparib (tosylate)|1|2.0|NC(=O)c1cccc2cn(-c3ccc([C@@H]4CCCNC4)cc3)nc12|84|14.5|20.4|51.2|0.0|79.4|0.0|27.7|0.0|0.0|0.0|65.3|0.0|0.0
Talazoparib tosylate|1|0.2|Cn1ncnc1[C@H]1c2n[nH]c(=O)c3cc(F)cc(c23)N[C@@H]1c1ccc(F)cc1|86|18.3|31.2|48.1|0.0|86.6|0.0|10.4|0.0|0.0|0.0|74.9|0.0|0.0
Talazoparib tosylate|1|2.0|Cn1ncnc1[C@H]1c2n[nH]c(=O)c3cc(F)cc(c23)N[C@@H]1c1ccc(F)cc1|80|25.6|44.4|34.4|0.0|92.8|0.0|14.9|0.0|0.0|0.0|81.2|0.0|0.0
Peficitinib|1|0.2|NC(=O)c1cnc2[nH]ccc2c1N[C@H]1[C@H]2C[C@H]3C[C@@H]1C[C@](O)(C3)C2|97|9.3|6.9|0.0|60.7|0.0|52.7|8.4|64.6|11.0|50.8|0.0|54.4|52.5
Peficitinib|1|2.0|NC(=O)c1cnc2[nH]ccc2c1N[C@H]1[C@H]2C[C@H]3C[C@@H]1C[C@](O)(C3)C2|106|23.0|72.3|0.0|0.0|60.6|0.0|31.1|0.0|0.0|0.0|53.1|0.0|0.0
GSK1324726A|1|0.2|CC(=O)N1c2ccc(-c3ccc(C(=O)O)cc3)cc2[C@H](Nc2ccc(Cl)cc2)C[C@@H]1C|102|39.0|0.0|0.0|95.8|0.0|89.2|0.0|68.0|61.0|64.1|0.0|78.6|74.8
GSK1324726A|1|2.0|CC(=O)N1c2ccc(-c3ccc(C(=O)O)cc3)cc2[C@H](Nc2ccc(Cl)cc2)C[C@@H]1C|100|53.5|0.0|0.0|97.1|0.0|92.9|0.0|78.1|61.9|64.3|0.0|79.7|68.8
VTX-27|1|2.0|CC(C)[C@@](C)(O)[C@@H]1CN(c2nc(-c3[nH]nc4ncccc34)c(F)cc2Cl)CCN1|102|27.8|75.7|0.0|0.0|61.3|0.0|28.7|35.3|0.0|0.0|35.6|0.0|22.9
MS417|1|0.2|COC(=O)C[C@@H]1N=C(c2ccc(Cl)cc2)c2c(sc(C)c2C)-n2c(C)nnc21|96|53.4|0.0|0.0|98.1|0.0|92.2|0.0|76.2|64.7|64.7|0.0|82.6|68.0
MS417|1|2.0|COC(=O)C[C@@H]1N=C(c2ccc(Cl)cc2)c2c(sc(C)c2C)-n2c(C)nnc21|103|53.5|0.0|0.0|96.9|0.0|92.5|0.0|80.9|61.5|64.7|0.0|79.7|65.5
HDAC6-IN-1|1|0.2|COc1ccc(N(C)c2nc(C)nc3ccccc23)cc1OCCCC(=O)NO|52|70.5|0.0|8.6|75.9|0.0|83.1|38.2|58.2|54.5|70.9|0.0|81.3|52.4
HDAC6-IN-1|1|2.0|COc1ccc(N(C)c2nc(C)nc3ccccc23)cc1OCCCC(=O)NO|52|82.2|0.0|0.0|85.2|0.0|87.6|27.1|75.9|52.3|70.1|0.0|80.4|67.0
Pracinostat|1|0.2|CCCCc1nc2cc(/C=C/C(=O)NO)ccc2n1CCN(CC)CC|87|32.8|0.0|0.0|82.5|0.0|90.1|16.9|56.9|55.5|54.7|0.0|75.7|65.9
Pracinostat|1|2.0|CCCCc1nc2cc(/C=C/C(=O)NO)ccc2n1CCN(CC)CC|73|55.8|0.0|0.0|85.8|0.0|98.2|22.2|69.2|65.7|65.9|0.0|73.1|65.0
IACS-9571 (hydrochloride)|1|2.0|CCCOc1cc(OCCCCN(C)C)cc(Oc2cc3c(cc2NS(=O)(=O)c2ccc(OC)c(OC)c2)n(C)c(=O)n3C)c1|107|9.0|8.3|0.0|49.9|0.0|45.0|33.7|72.3|0.0|24.2|0.0|45.9|25.6
Tenovin-6|1|2.0|CN(C)CCCCC(=O)Nc1ccc(NC(=S)NC(=O)c2ccc(C(C)(C)C)cc2)cc1|97|67.0|0.0|0.0|85.9|0.0|83.1|0.0|91.3|50.1|56.1|0.0|73.9|48.7
CAY10602|1|0.2|Nc1c(S(=O)(=O)c2ccccc2)c2nc3ccccc3nc2n1-c1ccc(F)cc1|105|6.6|9.4|4.7|0.0|9.4|0.0|0.0|0.0|2.9|0.0|44.2|0.0|0.0
I-BET151|1|0.2|COc1cc2c(cc1-c1c(C)noc1C)ncc1nc(O)n([C@H](C)c3ccccn3)c12|96|10.7|0.0|0.0|83.4|0.0|81.0|26.8|65.6|41.6|61.3|0.0|78.3|56.5
I-BET151|1|2.0|COc1cc2c(cc1-c1c(C)noc1C)ncc1nc(O)n([C@H](C)c3ccccn3)c12|98|56.1|0.0|0.0|97.9|0.0|92.8|0.0|82.9|60.1|67.9|0.0|85.7|66.7
UNC0646|1|2.0|COc1cc2c(NC3CCN(C4CCCCC4)CC3)nc(N3CCCN(C(C)C)CC3)nc2cc1OCCCN1CCCCC1|90|8.6|0.0|0.0|53.1|0.0|45.6|0.0|61.0|19.1|45.2|0.0|50.0|32.3
Pimelic Diphenylamide 106|1|2.0|Cc1ccc(NC(=O)CCCCCC(=O)Nc2ccccc2N)cc1|94|7.8|0.0|14.9|0.0|0.0|0.0|11.8|0.0|9.4|0.0|8.8|0.0|0.0
HDAC-IN-3|1|0.2|O=C(CCc1ccc(CN[C@H](C(=O)OC2CCCC2)C2CCCCC2)cn1)NO|87|18.5|0.0|0.0|71.5|0.0|81.0|13.6|47.2|52.4|39.3|0.0|70.0|52.4
HDAC-IN-3|1|2.0|O=C(CCc1ccc(CN[C@H](C(=O)OC2CCCC2)C2CCCCC2)cn1)NO|72|56.5|0.0|0.0|83.9|0.0|98.9|23.6|70.5|66.1|67.6|0.0|75.3|59.1
CCT241736|1|2.0|Cc1nn(C)cc1-c1nc2c(N3CCN(Cc4ccc(Cl)cc4)CC3)c(Cl)cnc2[nH]1|67|21.4|0.0|90.7|0.0|21.5|0.0|28.4|0.0|0.0|0.0|21.5|0.0|0.0
Bromosporine|1|0.2|CCOC(=O)Nc1cc(-c2ccc(C)c(NS(C)(=O)=O)c2)nn2c(C)nnc12|91|5.5|0.0|0.0|87.4|0.0|83.1|11.5|60.4|61.4|63.3|0.0|80.4|56.9
Bromosporine|1|2.0|CCOC(=O)Nc1cc(-c2ccc(C)c(NS(C)(=O)=O)c2)nn2c(C)nnc12|103|50.6|0.0|0.0|97.8|0.0|93.7|0.0|76.7|66.3|66.0|0.0|86.0|68.8
JAK3-IN-1|1|2.0|C=CC(=O)Nc1cccc(CNc2nc(Nc3ccc(N4CCN(C)CC4)cc3OC)ncc2Cl)c1|107|30.7|24.9|0.0|49.8|0.0|52.4|41.8|78.8|7.8|26.3|0.0|41.1|38.6
CXD101|1|2.0|Cc1nn(C)cc1CN1CCC(c2ccc(C(=O)Nc3ccccc3N)cc2)CC1|92|19.3|0.0|14.8|7.7|0.0|40.6|14.0|0.0|32.4|2.9|0.0|0.0|1.9
MI-503|1|0.2|Cc1c(CN2CCC(Nc3ncnc4sc(CC(F)(F)F)cc34)CC2)ccc2c1cc(C#N)n2Cc1cn[nH]c1|100|36.1|0.0|0.0|73.4|0.0|71.3|2.3|93.7|34.1|45.3|0.0|59.3|38.9
MI-503|1|2.0|Cc1c(CN2CCC(Nc3ncnc4sc(CC(F)(F)F)cc34)CC2)ccc2c1cc(C#N)n2Cc1cn[nH]c1|103|81.7|0.0|0.0|81.8|0.0|78.9|3.2|94.7|36.1|52.0|0.0|70.1|46.1
Cerdulatinib|1|0.2|CCS(=O)(=O)N1CCN(c2ccc(Nc3ncc(C(N)=O)c(NC4CC4)n3)cc2)CC1|99|7.6|67.0|0.0|0.0|45.7|0.0|16.3|0.0|0.0|0.0|66.1|0.0|0.0
Cerdulatinib|1|2.0|CCS(=O)(=O)N1CCN(c2ccc(Nc3ncc(C(N)=O)c(NC4CC4)n3)cc2)CC1|98|26.3|64.5|0.0|0.0|17.2|0.0|40.5|0.0|0.0|0.0|40.4|0.0|0.0
Ilginatinib|1|0.2|C[C@H](Nc1cc(-c2cnn(C)c2)cc(Nc2cnccn2)n1)c1ccc(F)cc1|103|15.2|0.0|0.0|81.4|0.0|76.9|37.9|61.0|42.6|69.0|0.0|70.9|62.2
Ilginatinib|1|2.0|C[C@H](Nc1cc(-c2cnn(C)c2)cc(Nc2cnccn2)n1)c1ccc(F)cc1|95|78.1|0.0|0.0|85.1|0.0|79.1|26.5|74.4|44.0|74.7|0.0|86.1|49.8
Ilginatinib|4|1.0|C[C@H](Nc1cc(-c2cnn(C)c2)cc(Nc2cnccn2)n1)c1ccc(F)cc1|93|48.4|0.0|0.0|88.5|0.0|82.3|21.6|78.3|52.8|66.3|0.0|81.2|65.8
Ilginatinib|4|3.0|C[C@H](Nc1cc(-c2cnn(C)c2)cc(Nc2cnccn2)n1)c1ccc(F)cc1|83|75.3|0.0|0.0|84.0|0.0|76.2|27.8|74.9|49.8|71.2|0.0|85.1|63.1
Ilginatinib|4|10.0|C[C@H](Nc1cc(-c2cnn(C)c2)cc(Nc2cnccn2)n1)c1ccc(F)cc1|60|81.7|0.0|2.6|72.2|0.0|73.0|34.0|69.8|44.6|64.5|0.0|79.3|51.0
Ilginatinib|4|10.0|C[C@H](Nc1cc(-c2cnn(C)c2)cc(Nc2cnccn2)n1)c1ccc(F)cc1|53|84.3|0.0|0.7|79.4|0.0|80.7|22.0|74.3|54.3|64.9|0.0|81.4|49.7
Ilginatinib|4|30.0|C[C@H](Nc1cc(-c2cnn(C)c2)cc(Nc2cnccn2)n1)c1ccc(F)cc1|54|77.7|0.0|0.0|79.5|0.0|77.0|31.5|69.2|47.8|69.4|0.0|81.0|60.7
Tucidinostat|1|2.0|Nc1cc(F)ccc1NC(=O)c1ccc(CNC(=O)/C=C/c2cccnc2)cc1|93|18.1|0.0|21.8|0.0|0.0|20.9|0.0|0.0|29.8|0.0|0.0|0.0|0.0
-Oryzanol|1|0.2|COc1cc(/C=C/C(=O)O[C@H]2CC[C@]34CC35CC[C@]3(C)[C@@H]([C@H](C)CCC=C(C)C)CC[C@@]3(C)C5CCC4C2(C)C)ccc1O|96|21.9|54.9|0.0|23.7|0.0|22.2|28.6|34.0|0.0|24.6|0.0|17.5|45.4
-Oryzanol|1|2.0|COc1cc(/C=C/C(=O)O[C@H]2CC[C@]34CC35CC[C@]3(C)[C@@H]([C@H](C)CCC=C(C)C)CC[C@@]3(C)C5CCC4C2(C)C)ccc1O|102|55.6|47.8|0.0|52.7|0.0|56.2|36.7|60.6|24.4|43.8|0.0|50.1|69.2
QC6352|1|0.2|CN(c1ccccc1)c1ccc2c(c1)CCC[C@H]2CNc1cnccc1C(=O)O|93|15.4|41.3|0.0|0.0|41.9|0.0|11.9|0.0|0.0|0.0|69.4|0.0|0.0
QC6352|1|2.0|CN(c1ccccc1)c1ccc2c(c1)CCC[C@H]2CNc1cnccc1C(=O)O|90|15.0|57.9|0.0|0.0|57.7|0.0|9.0|0.0|0.0|0.0|77.4|0.0|0.0
Givinostat (hydrochloride monohydrate)|1|0.2|CCN(CC)Cc1ccc2cc(COC(=O)Nc3ccc(C(=O)NO)cc3)ccc2c1|95|38.7|0.0|0.0|84.7|0.0|92.5|3.7|60.9|63.3|48.7|0.0|71.6|67.2
Givinostat (hydrochloride monohydrate)|1|2.0|CCN(CC)Cc1ccc2cc(COC(=O)Nc3ccc(C(=O)NO)cc3)ccc2c1|72|68.0|0.0|0.0|85.0|0.0|98.3|28.9|72.9|61.9|72.2|0.0|75.7|63.4
-20347,00 SAR|1|2.0|NC(=O)c1nc(-c2c(F)cccc2Cl)oc1Nc1ccc(C(=O)N2CCOCC2)cc1|67|33.3|0.0|86.6|0.0|0.0|0.4|3.2|0.0|9.4|4.2|0.0|23.8|0.0
Y06137|1|2.0|Cc1noc2ccc(-c3nc4ccc(N5CCOC[C@@H]5C)cc4n3CC3CCCCC3)cc12|108|55.4|0.0|0.0|87.2|0.0|82.0|6.4|80.1|48.7|57.3|0.0|80.2|51.4
Y06036|1|2.0|COc1cc2onc(C)c2cc1NS(=O)(=O)c1cc(Br)ccc1OC|94|41.1|0.0|0.0|96.8|0.0|91.8|0.0|78.4|65.3|61.8|0.0|84.5|65.2
CF53|1|0.2|COc1cc2c(cc1-c1c(C)noc1C)[nH]c1nc(C)nc(Nc3cc(C4CC4)nn3C)c12|95|52.5|0.0|0.0|97.3|0.0|90.1|0.0|77.9|62.9|61.0|0.0|83.2|69.3
CF53|1|2.0|COc1cc2c(cc1-c1c(C)noc1C)[nH]c1nc(C)nc(Nc3cc(C4CC4)nn3C)c12|67|71.5|0.0|0.0|93.0|0.0|93.2|13.1|79.4|66.3|67.8|0.0|90.8|55.3
CF53|2|1.0|COc1cc2c(cc1-c1c(C)noc1C)[nH]c1nc(C)nc(Nc3cc(C4CC4)nn3C)c12|76|76.7|0.0|0.0|91.8|0.0|87.3|0.0|82.1|65.5|68.6|0.0|91.1|63.3
CF53|2|10.0|COc1cc2c(cc1-c1c(C)noc1C)[nH]c1nc(C)nc(Nc3cc(C4CC4)nn3C)c12|50|80.7|0.0|10.6|72.3|0.0|81.5|37.0|67.0|53.2|60.7|0.0|81.3|42.4
CF53|2|50.0|COc1cc2c(cc1-c1c(C)noc1C)[nH]c1nc(C)nc(Nc3cc(C4CC4)nn3C)c12|53|78.6|0.0|0.0|78.9|0.0|87.5|36.6|78.8|54.0|55.5|0.0|80.8|54.4
BAY1238097|1|0.2|CNC(=O)N1N=C(c2ccc(N3CCN(C)CC3)cc2)c2cc(OC)c(OC)cc2C[C@@H]1C|103|13.3|0.0|0.0|91.8|0.0|85.7|0.0|68.3|63.3|59.9|0.0|79.7|63.4
BAY1238097|1|2.0|CNC(=O)N1N=C(c2ccc(N3CCN(C)CC3)cc2)c2cc(OC)c(OC)cc2C[C@@H]1C|99|48.4|0.0|0.0|97.0|0.0|90.5|0.0|80.6|61.2|63.9|0.0|81.3|65.4
Midostaurin|1|0.2|CO[C@@H]1[C@H](N(C)C(=O)c2ccccc2)C[C@H]2O[C@]1(C)n1c3ccccc3c3c4c(c5c6ccccc6n2c5c31)C(=O)NC4|103|33.7|61.3|0.0|23.9|0.8|23.2|39.2|40.7|1.2|23.5|0.0|32.9|50.0
Midostaurin|1|2.0|CO[C@@H]1[C@H](N(C)C(=O)c2ccccc2)C[C@H]2O[C@]1(C)n1c3ccccc3c3c4c(c5c6ccccc6n2c5c31)C(=O)NC4|60|39.6|20.5|4.7|27.1|0.0|44.0|55.3|28.5|19.6|49.9|0.0|38.5|27.6
DDP-38003 (trihydrochloride)|1|2.0|CN1CCN(c2ccc(C(=O)Nc3ccc([C@@H]4C[C@H]4N)cc3)cc2)CC1|96|6.0|0.0|0.0|62.7|0.0|62.9|41.2|77.9|7.0|49.8|0.0|70.9|46.3
HDACs/mTOR Inhibitor 1|1|0.2|C[C@@H]1CN(C(=O)Nc2ccc(-c3nc(N4CCOCC4)c4cnn(CCCCCCC(=O)NO)c4n3)cc2)CCO1|72|50.3|0.0|0.0|56.1|0.0|81.3|34.3|57.6|49.9|36.0|0.0|49.6|56.2
GSK-J4|1|2.0|CCOC(=O)CCNc1cc(N2CCc3ccccc3CC2)nc(-c2ccccn2)n1|96|34.5|20.9|0.0|0.0|47.4|0.0|22.1|24.2|0.0|2.6|17.6|9.5|0.0
Valrubicin|1|0.2|CCCCC(=O)OCC(=O)[C@]1(O)Cc2c(O)c3c(c(O)c2[C@@H](O[C@H]2C[C@H](NC(=O)C(F)(F)F)[C@H](O)[C@H](C)O2)C1)C(=O)c1c(OC)cccc1C3=O|83|22.8|19.3|60.7|0.0|82.2|0.0|6.8|0.0|0.0|0.0|68.8|0.0|0.0
Valrubicin|1|2.0|CCCCC(=O)OCC(=O)[C@]1(O)Cc2c(O)c3c(c(O)c2[C@@H](O[C@H]2C[C@H](NC(=O)C(F)(F)F)[C@H](O)[C@H](C)O2)C1)C(=O)c1c(OC)cccc1C3=O|70|36.1|53.1|15.5|0.0|96.8|0.0|0.0|0.0|0.0|0.0|76.1|0.0|0.0
BCI-121|1|0.2|NC(=O)C1CCN(CC(=O)Nc2ccc(Br)cc2)CC1|100|11.1|0.0|0.0|87.5|0.0|79.9|3.4|73.4|52.7|49.7|0.0|79.3|56.1
BCI-121|1|2.0|NC(=O)C1CCN(CC(=O)Nc2ccc(Br)cc2)CC1|102|44.2|0.0|0.0|97.0|0.0|91.9|0.0|81.6|61.6|59.9|0.0|83.5|62.4
GSK484|1|2.0|COc1cc(C(=O)N2CC[C@@H](O)[C@@H](N)C2)cc2nc(-c3cc4ccccc4n3CC3CC3)n(C)c12|62|74.6|0.0|0.0|81.2|0.0|88.0|43.2|71.4|57.2|69.0|0.0|91.1|48.9
Sulforaphane|1|0.2|CS(=O)CCCCN=C=S|98|7.8|0.0|12.6|0.0|0.0|0.0|0.0|0.0|14.1|0.0|19.2|0.0|0.0
AS8351|1|2.0|O=C(N/N=C/c1c(O)ccc2ccccc12)c1ccncc1|84|35.6|53.1|13.6|0.0|96.9|0.0|0.0|0.0|0.0|0.0|78.9|0.0|0.0
CPI-203|1|0.2|Cc1sc2c(c1C)C(c1ccc(Cl)cc1)=N[C@@H](CC(N)=O)c1nnc(C)n1-2|100|37.0|0.0|0.0|96.0|0.0|91.0|0.0|71.5|67.2|54.2|0.0|81.9|63.3
CPI-203|1|2.0|Cc1sc2c(c1C)C(c1ccc(Cl)cc1)=N[C@@H](CC(N)=O)c1nnc(C)n1-2|92|60.6|0.0|0.0|96.7|0.0|91.1|0.0|84.7|57.7|64.2|0.0|83.9|61.8
WM-8014|1|2.0|Cc1cc(-c2ccccc2)cc(C(=O)NNS(=O)(=O)c2ccccc2)c1F|96|5.5|70.4|0.0|0.0|77.6|0.0|0.0|0.0|0.0|0.0|69.0|0.0|1.7
NCGC00247743|1|2.0|CN(C)CCCCCCNC(=O)c1cccc(-c2cc(O)c3ncccc3c2)c1|93|32.6|54.4|0.0|0.0|93.5|0.0|0.0|0.0|0.0|0.0|70.7|0.0|0.0
ABBV-744|1|0.2|CCNC(=O)c1cc2c(-c3cc(C(C)(C)O)ccc3Oc3c(C)cc(F)cc3C)cn(C)c(O)c-2n1|101|28.3|0.0|0.0|96.5|0.0|88.1|0.0|78.6|54.0|62.6|0.0|82.8|63.4
ABBV-744|1|2.0|CCNC(=O)c1cc2c(-c3cc(C(C)(C)O)ccc3Oc3c(C)cc(F)cc3C)cn(C)c(O)c-2n1|94|22.3|0.0|0.0|81.9|0.0|73.6|4.0|76.6|47.1|45.7|0.0|75.3|46.3
Molibresib (besylate)|1|0.2|CCNC(=O)C[C@@H]1N=C(c2ccc(Cl)cc2)c2cc(OC)ccc2-n2c(C)nnc21|95|9.0|0.0|0.0|88.9|0.0|81.6|9.5|68.5|50.1|66.7|0.0|81.8|61.1
Molibresib (besylate)|1|2.0|CCNC(=O)C[C@@H]1N=C(c2ccc(Cl)cc2)c2cc(OC)ccc2-n2c(C)nnc21|105|40.6|0.0|0.0|95.2|0.0|87.7|0.0|81.1|51.4|67.9|0.0|82.4|70.6
ACY-957|1|2.0|Nc1ccc(-c2cccs2)cc1NC(=O)c1ccc2nc(N3CCNCC3)ccc2c1|99|14.3|49.9|7.8|0.0|48.9|0.0|37.6|7.5|0.0|0.0|51.9|0.0|0.0
RGB-286638 (free base)|1|0.2|COCCN1CCN(Cc2ccc(-c3[nH]nc4c3C(=O)c3c(NC(=O)NN5CCOCC5)cccc3-4)cc2)CC1|64|54.6|35.5|21.5|0.0|68.3|0.0|0.0|0.0|0.0|0.0|54.6|0.0|0.0
RGB-286638 (free base)|1|2.0|COCCN1CCN(Cc2ccc(-c3[nH]nc4c3C(=O)c3c(NC(=O)NN5CCOCC5)cccc3-4)cc2)CC1|66|54.9|47.1|8.9|0.0|79.7|0.0|10.0|2.7|0.0|0.0|52.1|0.0|0.0
GSK-1070916|1|0.2|CCn1cc(-c2ccnc3[nH]c(-c4cccc(CN(C)C)c4)cc23)c(-c2ccc(NC(=O)N(C)C)cc2)n1|80|33.2|0.0|95.5|0.0|2.5|0.0|2.6|0.0|2.2|0.0|1.9|0.0|0.0
GSK-1070916|1|2.0|CCn1cc(-c2ccnc3[nH]c(-c4cccc(CN(C)C)c4)cc23)c(-c2ccc(NC(=O)N(C)C)cc2)n1|66|40.2|0.0|85.0|14.1|0.0|30.5|26.2|32.3|5.4|13.5|0.0|38.1|0.0
M344|1|0.2|CN(C)c1ccc(C(=O)NCCCCCCC(=O)NO)cc1|88|33.0|0.0|0.0|86.8|0.0|90.5|2.9|66.5|65.0|51.2|0.0|81.4|54.2
M344|1|2.0|CN(C)c1ccc(C(=O)NCCCCCCC(=O)NO)cc1|74|54.1|0.0|0.0|86.1|0.0|98.8|22.9|68.1|65.8|70.6|0.0|78.1|62.3
M344|2|0.2|CN(C)c1ccc(C(=O)NCCCCCCC(=O)NO)cc1|93|5.9|0.0|0.0|35.5|0.0|56.9|0.0|13.4|44.8|3.9|0.0|34.3|39.2
M344|2|0.6|CN(C)c1ccc(C(=O)NCCCCCCC(=O)NO)cc1|86|33.2|0.0|0.0|76.4|0.0|85.4|8.3|59.9|63.5|41.3|0.0|75.8|65.2
M344|2|2.0|CN(C)c1ccc(C(=O)NCCCCCCC(=O)NO)cc1|70|47.7|0.0|4.2|73.4|0.0|86.3|21.9|64.7|57.7|61.1|0.0|73.3|54.2
M344|2|2.0|CN(C)c1ccc(C(=O)NCCCCCCC(=O)NO)cc1|66|46.3|0.0|0.0|75.0|0.0|87.8|21.4|60.4|59.1|60.5|0.0|71.1|55.7
M344|2|6.0|CN(C)c1ccc(C(=O)NCCCCCCC(=O)NO)cc1|65|56.6|0.0|3.8|76.5|0.0|90.7|27.5|60.3|61.6|66.9|0.0|75.0|58.8
M344|2|10.0|CN(C)c1ccc(C(=O)NCCCCCCC(=O)NO)cc1|64|48.4|0.0|0.0|72.9|0.0|85.4|28.6|54.6|61.2|75.5|0.0|74.3|59.4
UNC 0631|1|2.0|COc1cc2c(NC3CCN(CC4CCCCC4)CC3)nc(N3CCCN(C(C)C)CC3)nc2cc1OCCCN1CCCCC1|100|38.9|0.0|0.0|68.1|0.0|65.1|0.0|92.3|28.4|33.8|0.0|63.1|31.3
Inauhzin|1|2.0|CCC(Sc1nnc2c(n1)[nH]c1ccccc12)C(=O)N1c2ccccc2Sc2ccccc21|99|21.2|56.5|0.0|0.0|51.9|0.0|35.3|0.0|0.0|0.0|79.0|0.0|0.0
666-15|1|2.0|NCCCOc1cc2ccccc2cc1C(=O)NCCOc1cc2ccccc2cc1C(=O)Nc1ccc(Cl)cc1O|94|79.6|0.0|0.0|70.0|0.0|69.6|21.5|89.1|26.7|43.8|0.0|64.8|39.4
MI-463|1|0.2|Cc1c(CN2CCC(Nc3ncnc4sc(CC(F)(F)F)cc34)CC2)ccc2[nH]c(C#N)cc12|96|14.7|0.0|0.0|63.9|0.0|62.7|28.1|82.1|18.5|40.1|0.0|68.2|39.4
MI-463|1|2.0|Cc1c(CN2CCC(Nc3ncnc4sc(CC(F)(F)F)cc34)CC2)ccc2[nH]c(C#N)cc12|106|76.2|0.0|0.0|79.0|0.0|76.3|8.8|95.9|32.4|48.2|0.0|67.8|40.1
ARV-771|1|0.2|Cc1ncsc1-c1ccc([C@H](C)NC(=O)[C@@H]2C[C@@H](O)CN2C(=O)[C@@H](NC(=O)COCCCOCCNC(=O)C[C@@H]2N=C(c3ccc(Cl)cc3)c3c(sc(C)c3C)-n3c(C)nnc32)C(C)(C)C)cc1|87|61.1|0.0|0.0|91.0|0.0|82.0|8.5|84.0|54.1|57.7|0.0|86.2|66.6
ARV-771|1|2.0|Cc1ncsc1-c1ccc([C@H](C)NC(=O)[C@@H]2C[C@@H](O)CN2C(=O)[C@@H](NC(=O)COCCCOCCNC(=O)C[C@@H]2N=C(c3ccc(Cl)cc3)c3c(sc(C)c3C)-n3c(C)nnc32)C(C)(C)C)cc1|64|46.1|0.7|0.0|44.9|14.8|38.5|0.0|70.8|14.0|2.2|0.0|45.8|22.3
(Rac)-BAY1238097|1|0.2|CNC(=O)N1N=C(c2ccc(N3CCN(C)CC3)cc2)c2cc(OC)c(OC)cc2CC1C|97|31.1|0.0|0.0|92.2|0.0|86.2|0.0|80.2|63.6|50.2|0.0|82.6|62.4
(Rac)-BAY1238097|1|2.0|CNC(=O)N1N=C(c2ccc(N3CCN(C)CC3)cc2)c2cc(OC)c(OC)cc2CC1C|90|75.1|0.0|0.0|92.8|0.0|87.5|3.3|84.9|56.2|67.4|0.0|83.9|53.6
TPOP146|1|2.0|CCC(=O)N1CCOc2c(cc(-c3cc(OC)cc(OC)c3)cc2C(=O)N[C@H]2CCCN(C)C2)C1|107|8.6|0.0|0.0|39.4|0.0|26.8|5.6|37.7|21.7|26.7|0.0|32.2|12.4
MK8722|1|2.0|O[C@@H]1CO[C@@H]2[C@H](Oc3nc4cc(Cl)c(-c5ccc(-c6ccccc6)cc5)nc4[nH]3)CO[C@H]12|97|9.2|41.3|0.0|0.6|51.4|0.0|24.2|23.9|0.0|0.0|28.6|23.7|40.3
BRD 4354 (ditrifluoroacetate)|1|2.0|CCN1CCN(C(c2cccnc2)c2cc(Cl)c3cccnc3c2O)CC1|100|18.1|87.0|0.0|0.0|63.4|0.0|38.3|0.0|0.0|0.0|67.3|0.0|1.4
MG 149|1|0.2|CCCCCCCc1ccc(CCc2cccc(O)c2C(=O)O)cc1|95|18.3|42.8|0.0|36.8|27.9|32.4|2.1|57.7|0.6|30.9|0.0|38.3|64.9
MG 149|1|2.0|CCCCCCCc1ccc(CCc2cccc(O)c2C(=O)O)cc1|87|53.9|0.0|0.0|81.0|0.0|77.1|6.9|78.7|46.6|72.4|0.0|77.1|71.1
PF-06700841 (P-Tosylate)|1|2.0|Cn1cc(Nc2nccc(N3CC4CCC(C3)N4C(=O)[C@@H]3CC3(F)F)n2)cn1|92|29.2|11.6|0.0|31.7|19.6|16.8|30.4|53.9|0.0|15.4|0.0|52.0|23.6
Reversine|1|0.2|c1nc2c(NC3CCCCC3)nc(Nc3ccc(N4CCOCC4)cc3)nc2[nH]1|100|7.6|51.8|0.0|0.0|25.0|0.0|0.0|0.0|0.0|0.0|52.6|0.0|0.0
Reversine|1|2.0|c1nc2c(NC3CCCCC3)nc(Nc3ccc(N4CCOCC4)cc3)nc2[nH]1|79|29.9|38.6|48.3|0.0|46.1|0.0|46.5|0.0|0.0|0.0|60.6|0.0|0.0
Reversine|2|1.0|c1nc2c(NC3CCCCC3)nc(Nc3ccc(N4CCOCC4)cc3)nc2[nH]1|102|23.3|75.7|0.0|0.0|39.5|0.0|33.8|0.0|0.0|0.0|43.6|0.0|11.4
Reversine|2|3.0|c1nc2c(NC3CCCCC3)nc(Nc3ccc(N4CCOCC4)cc3)nc2[nH]1|67|30.9|14.3|75.4|0.0|47.5|0.0|23.7|0.0|0.0|0.0|50.8|0.0|0.0
Reversine|2|10.0|c1nc2c(NC3CCCCC3)nc(Nc3ccc(N4CCOCC4)cc3)nc2[nH]1|68|26.1|1.9|51.9|0.0|15.0|3.1|37.8|19.3|0.0|12.3|1.1|7.4|0.0
BET bromodomain inhibitor|1|0.2|Cc1noc2c1-c1ccc(-c3cnn(C)c3)cc1C(c1ccc(Cl)cc1)=N[C@H]2CC(N)=O|94|49.1|0.0|0.0|98.1|0.0|91.1|0.0|73.4|61.1|65.4|0.0|86.3|72.4
BET bromodomain inhibitor|1|2.0|Cc1noc2c1-c1ccc(-c3cnn(C)c3)cc1C(c1ccc(Cl)cc1)=N[C@H]2CC(N)=O|108|57.0|0.0|0.0|96.8|0.0|91.0|0.0|84.8|57.4|61.2|0.0|82.5|61.8
BRD4 degrader AT1|1|2.0|CC(=O)N[C@H](C(=O)N1C[C@H](O)C[C@H]1C(=O)NCc1ccc(-c2scnc2C)cc1)C(C)(C)SCCCCCCNC(=O)C[C@@H]1N=C(c2ccc(Cl)cc2)c2c(sc(C)c2C)-n2c(C)nnc21|90|12.8|12.7|0.0|64.7|0.0|55.5|11.2|80.7|19.7|28.3|0.0|60.6|54.0
GNE-781|1|2.0|CNC(=O)N1CCc2c(c(N3CCCc4cc(-c5cnn(C)c5)c(C(F)F)cc43)nn2C2CCOCC2)C1|108|12.6|8.5|0.0|61.8|0.0|54.3|19.8|45.1|30.5|58.2|0.0|52.8|57.3
GNE-049|1|0.2|CC(=O)N1CCc2c(c(N3CCCc4cc(-c5cnn(C)c5)c(C(F)F)cc43)nn2C2CCOCC2)C1|96|6.9|5.7|0.0|47.3|0.0|44.4|23.3|29.1|21.2|42.5|0.0|30.1|45.3
GNE-049|1|2.0|CC(=O)N1CCc2c(c(N3CCCc4cc(-c5cnn(C)c5)c(C(F)F)cc43)nn2C2CCOCC2)C1|96|5.9|12.2|0.0|41.9|0.0|34.1|0.4|15.4|27.2|29.3|0.0|25.6|42.9
Sirt2-IN-1|1|2.0|Cc1cc(C)nc(SCC(=O)Nc2ncc(Cc3cccc(OCc4cn(Cc5ccccc5)nn4)c3)s2)n1|97|5.5|34.1|0.0|20.5|0.0|13.2|49.2|35.2|0.0|16.2|2.1|32.6|37.6
INCB054329|1|0.2|Cc1noc(C)c1-c1ccc2nc(O)n3c2c1OC[C@@H]3c1ccccn1|95|37.0|0.0|0.0|96.3|0.0|89.9|1.2|72.2|60.0|60.1|0.0|85.9|65.0
INCB054329|1|2.0|Cc1noc(C)c1-c1ccc2nc(O)n3c2c1OC[C@@H]3c1ccccn1|105|53.9|0.0|0.0|98.0|0.0|91.7|0.0|82.5|59.4|68.5|0.0|85.6|68.4
(+)-JQ1 PA|1|0.2|C#CCNC(=O)C[C@@H]1N=C(c2ccc(Cl)cc2)c2c(sc(C)c2C)-n2c(C)nnc21|98|46.3|0.0|0.0|96.6|0.0|91.0|0.0|68.5|66.9|67.0|0.0|84.4|68.8
(+)-JQ1 PA|1|2.0|C#CCNC(=O)C[C@@H]1N=C(c2ccc(Cl)cc2)c2c(sc(C)c2C)-n2c(C)nnc21|93|54.9|0.0|0.0|97.8|0.0|93.8|0.0|79.3|63.9|64.6|0.0|81.9|66.0
dBET6|1|0.2|Cc1sc2c(c1C)C(c1ccc(Cl)cc1)=N[C@@H](CC(=O)NCCCCCCCCNC(=O)COc1cccc3c1C(=O)N(C1CCC(=O)NC1=O)C3=O)c1nnc(C)n1-2|90|10.4|0.0|0.0|73.8|0.0|59.1|0.2|74.7|34.0|28.9|0.0|70.0|59.5
dBET6|1|2.0|Cc1sc2c(c1C)C(c1ccc(Cl)cc1)=N[C@@H](CC(=O)NCCCCCCCCNC(=O)COc1cccc3c1C(=O)N(C1CCC(=O)NC1=O)C3=O)c1nnc(C)n1-2|86|27.3|0.0|0.0|81.0|0.0|69.5|0.0|86.3|44.0|37.7|0.0|76.8|60.2
WM-1119|1|2.0|O=C(NNS(=O)(=O)c1ccccc1F)c1cc(F)cc(-c2ccccn2)c1|97|8.5|73.4|0.0|0.0|83.5|0.0|19.7|0.0|0.0|0.0|63.8|0.0|13.0
WM-1119|2|10.0|O=C(NNS(=O)(=O)c1ccccc1F)c1cc(F)cc(-c2ccccn2)c1|95|6.4|49.8|0.0|0.0|62.1|0.0|3.5|7.3|0.0|22.2|26.7|0.0|18.7
WM-1119|2|30.0|O=C(NNS(=O)(=O)c1ccccc1F)c1cc(F)cc(-c2ccccn2)c1|98|11.1|71.7|0.0|0.0|67.3|0.0|28.4|5.3|0.0|0.0|44.6|0.0|28.6
WM-1119|2|50.0|O=C(NNS(=O)(=O)c1ccccc1F)c1cc(F)cc(-c2ccccn2)c1|97|6.2|64.2|0.0|0.0|49.4|0.0|26.4|11.9|0.0|0.2|25.9|0.0|34.0
WM-1119|3|3.0|O=C(NNS(=O)(=O)c1ccccc1F)c1cc(F)cc(-c2ccccn2)c1|101|9.0|72.2|0.0|0.0|80.8|0.0|9.5|0.0|0.0|0.0|74.6|0.0|0.0
WM-1119|3|5.0|O=C(NNS(=O)(=O)c1ccccc1F)c1cc(F)cc(-c2ccccn2)c1|101|8.6|68.5|0.0|0.0|65.3|0.0|17.9|0.0|0.0|0.0|78.9|0.0|0.0
(S)-JQ-35|1|2.0|Cc1sc2c(c1C)C(c1ccc(Cl)cc1)=N[C@@H](CC(=O)NCCCN1CCN(C)CC1)c1nnc(C)n1-2|96|32.3|0.0|0.0|94.7|0.0|89.5|0.0|78.5|62.5|59.4|0.0|85.4|65.5
NCGC00244536|1|2.0|O=C(NCCCc1ccccc1)c1cccc(-c2cc(O)c3ncccc3c2)c1|85|13.0|67.8|0.0|0.0|88.5|0.0|7.5|0.0|0.0|0.0|81.0|0.0|0.0
BETd-246|1|0.2|CCn1nc(C2CC2)cc1Nc1nc(C(=O)NCCCOCCOCCOCCCNc2cccc3c2C(=O)N(C2CCC(=O)NC2=O)C3=O)nc2[nH]c3cc(-c4c(C)noc4C)c(OC)cc3c12|94|5.7|0.0|0.0|79.7|0.0|66.5|1.7|63.1|37.2|51.1|0.0|70.6|73.4
BETd-246|1|2.0|CCn1nc(C2CC2)cc1Nc1nc(C(=O)NCCCOCCOCCOCCCNc2cccc3c2C(=O)N(C2CCC(=O)NC2=O)C3=O)nc2[nH]c3cc(-c4c(C)noc4C)c(OC)cc3c12|76|47.3|0.0|0.0|79.7|0.0|72.9|0.0|85.5|49.0|43.4|0.0|74.7|48.7
SGC-CBP30|1|2.0|COc1ccc(CCc2nc3cc(-c4c(C)noc4C)ccc3n2C[C@H](C)N2CCOCC2)cc1Cl|56|83.1|0.0|0.0|87.8|0.0|92.1|33.2|73.9|64.4|70.2|0.0|91.0|59.5
Pinometostat|1|2.0|CC(C)N(C[C@H]1O[C@@H](n2cnc3c(N)ncnc32)[C@H](O)[C@@H]1O)[C@H]1C[C@@H](CCc2nc3cc(C(C)(C)C)ccc3[nH]2)C1|106|9.8|0.0|0.0|74.3|0.0|67.1|0.0|86.0|26.9|47.0|0.0|68.0|38.9
BB-Cl-Amidine (hydrochloride)|1|2.0|N=C(CCl)NCCC[C@H](NC(=O)c1ccc(-c2ccccc2)cc1)c1nc2ccccc2[nH]1|93|15.9|2.1|0.0|32.5|0.0|34.5|58.2|41.2|0.0|29.8|0.0|43.5|18.8
PROTAC BET Degrader-1|1|2.0|CCn1nc(C2CC2)cc1Nc1nc(C(=O)NCCCCNC(=O)COc2cccc3c2C(=O)N(C2CCC(=O)NC2=O)C3=O)nc2[nH]c3cc(-c4c(C)noc4C)c(OC)cc3c12|93|14.7|12.0|0.0|61.3|0.0|50.0|0.0|76.7|26.6|8.4|0.0|56.2|49.8
Gusacitinib|1|2.0|N#CCC1CCN(c2nc(Nc3ccc(N4CCC(O)CC4)cc3)c3c(O)nncc3n2)CC1|90|41.5|79.3|0.0|0.0|38.1|0.0|45.4|0.0|0.0|0.0|48.6|0.0|11.3
HJB97|1|0.2|CCn1nc(C2CC2)cc1Nc1nc(C(=O)NC)nc2[nH]c3cc(-c4c(C)noc4C)c(OC)cc3c12|100|40.9|0.0|0.0|97.6|0.0|90.6|7.2|76.0|57.3|68.2|0.0|85.0|71.3
HJB97|1|2.0|CCn1nc(C2CC2)cc1Nc1nc(C(=O)NC)nc2[nH]c3cc(-c4c(C)noc4C)c(OC)cc3c12|106|55.3|0.0|0.0|95.3|0.0|88.3|1.1|86.8|54.4|63.1|0.0|81.2|62.4
TyK2-IN-2|1|0.2|CNc1cc(Nc2cc(C)cc(C)c2)nn2c(C(N)=O)cnc12|89|6.0|0.0|0.0|80.3|0.0|73.7|13.5|56.5|57.5|67.3|0.0|85.8|47.8
TyK2-IN-2|1|2.0|CNc1cc(Nc2cc(C)cc(C)c2)nn2c(C(N)=O)cnc12|67|73.4|0.0|0.0|85.9|0.0|86.8|26.3|69.9|62.3|69.3|0.0|94.7|48.8
TyK2-IN-2|2|2.0|CNc1cc(Nc2cc(C)cc(C)c2)nn2c(C(N)=O)cnc12|73|28.5|0.0|0.0|70.0|0.0|67.4|31.0|62.7|52.1|61.6|0.0|90.5|58.1
TyK2-IN-2|2|6.0|CNc1cc(Nc2cc(C)cc(C)c2)nn2c(C(N)=O)cnc12|61|45.4|0.0|0.0|73.0|0.0|76.3|41.4|54.8|60.6|72.3|0.0|90.9|55.2
TyK2-IN-2|2|10.0|CNc1cc(Nc2cc(C)cc(C)c2)nn2c(C(N)=O)cnc12|53|55.6|0.0|8.8|72.6|0.0|79.9|46.4|67.1|63.3|55.3|0.0|88.2|48.4
GSK126|1|2.0|CC[C@H](C)n1cc(C)c2c(C(=O)NCc3c(C)cc(C)nc3O)cc(-c3ccc(N4CCNCC4)nc3)cc21|102|38.3|0.0|0.0|59.0|0.0|56.3|19.4|80.9|14.4|27.3|0.0|60.0|17.0
Delgocitinib|1|2.0|C[C@H]1CN(C(=O)CC#N)[C@]12CCN(c1ncnc3[nH]ccc13)C2|100|5.9|58.6|0.0|0.0|38.3|0.0|33.7|0.0|0.0|2.5|43.7|0.0|0.0
LY3295668|1|2.0|Cc1cc(Nc2ccc(F)c(C[C@@]3(C(=O)O)CCN(Cc4cccc(Cl)c4F)[C@H](C)C3)n2)n[nH]1|84|17.8|0.0|47.8|24.8|31.9|21.7|1.4|30.9|0.0|13.9|0.0|56.3|1.3
LXS196|1|2.0|CC1(N)CCN(c2cccnc2NC(=O)c2nc(-c3ncccc3C(F)(F)F)cnc2N)CC1|106|14.0|53.0|0.0|11.0|25.9|6.7|32.3|48.6|0.0|0.0|15.7|13.0|21.9
(-)-Indolactam V|1|0.2|CC(C)[C@H]1C(=O)N[C@H](CO)Cc2c[nH]c3cccc(c23)N1C|95|12.1|59.0|0.0|21.2|35.4|14.4|8.6|53.1|0.0|14.2|3.5|24.2|57.3
(-)-Indolactam V|1|2.0|CC(C)[C@H]1C(=O)N[C@H](CO)Cc2c[nH]c3cccc(c23)N1C|94|54.2|0.0|0.0|81.9|0.0|77.7|4.2|81.4|47.8|72.7|0.0|77.3|72.7
C-7280948|1|2.0|Nc1ccc(S(=O)(=O)NCCc2ccccc2)cc1|98|7.6|0.0|8.0|58.5|0.0|57.5|0.0|66.2|30.4|26.6|0.0|64.4|22.0
TPPB|1|0.2|CC(C)[C@H]1C(=O)N[C@H](CO)Cc2cc(NC(=O)/C=C/C=C/c3ccc(C(F)(F)F)cc3)ccc2N1C|96|17.3|39.5|0.0|40.2|20.0|29.6|5.1|66.6|0.0|33.6|0.0|42.5|57.3
TPPB|1|2.0|CC(C)[C@H]1C(=O)N[C@H](CO)Cc2cc(NC(=O)/C=C/C=C/c3ccc(C(F)(F)F)cc3)ccc2N1C|84|80.8|0.0|0.0|85.7|0.0|83.7|19.2|82.4|52.3|73.8|0.0|87.1|60.7
LMK-235|1|0.2|Cc1cc(C)cc(C(=O)NOCCCCCC(=O)NO)c1|95|34.2|0.0|0.0|81.7|0.0|87.8|0.0|58.4|66.7|39.8|0.0|71.4|53.2
LMK-235|1|2.0|Cc1cc(C)cc(C(=O)NOCCCCCC(=O)NO)c1|80|55.4|0.0|0.0|88.1|0.0|98.4|22.5|70.2|63.1|67.4|0.0|79.2|60.4
LMK-235|2|1.0|Cc1cc(C)cc(C(=O)NOCCCCCC(=O)NO)c1|77|54.1|0.0|0.0|83.4|0.0|95.4|18.8|67.3|70.5|65.8|0.0|78.4|67.1
LMK-235|2|3.0|Cc1cc(C)cc(C(=O)NOCCCCCC(=O)NO)c1|61|59.8|0.0|0.0|76.8|0.0|93.7|23.0|61.9|68.1|69.9|0.0|70.2|63.2
LMK-235|2|10.0|Cc1cc(C)cc(C(=O)NOCCCCCC(=O)NO)c1|67|53.9|0.0|0.0|75.4|0.0|88.3|27.0|61.7|61.0|68.3|0.0|72.4|62.0
LMK-235|2|10.0|Cc1cc(C)cc(C(=O)NOCCCCCC(=O)NO)c1|59|51.6|0.0|0.0|75.2|0.0|88.7|18.1|62.5|59.4|65.7|0.0|67.1|58.3
LMK-235|2|30.0|Cc1cc(C)cc(C(=O)NOCCCCCC(=O)NO)c1|60|41.8|0.0|0.0|74.3|0.0|88.7|28.1|57.3|61.5|65.6|0.0|72.6|60.9
LMK-235|2|50.0|Cc1cc(C)cc(C(=O)NOCCCCCC(=O)NO)c1|60|63.7|0.0|0.0|79.3|0.0|91.9|27.6|66.1|65.1|61.3|0.0|75.7|58.6
|1|2.0|CC[C@H](C)[C@H](NC(=O)[C@H](CCC(=O)O)NC(=O)[C@H](CO)NC(=O)CNC(=O)CNC(=O)[C@@H](N)C(C)C)C(=O)O|96|17.4|73.8|0.0|0.0|83.8|0.0|48.0|0.0|0.0|0.0|73.1|0.0|0.0
IOX1|1|2.0|O=C(O)c1ccc(O)c2ncccc12|98|6.6|73.5|0.0|0.0|29.4|0.0|54.4|7.8|0.0|3.5|24.8|11.7|39.9
MZP-54|1|0.2|CC(=O)N1c2ccc(-c3ccc(C(=O)NCCOCCOCCOCC(=O)N[C@H](C(=O)N4C[C@H](O)C[C@H]4C(=O)NCc4ccc(-c5scnc5C)cc4)C(C)(C)C)cc3)cc2[C@H](Nc2ccc(Cl)cc2)C[C@@H]1C|87|20.7|0.0|0.0|89.9|0.0|77.6|5.0|74.5|52.6|56.6|0.0|83.3|72.0
MZP-54|1|2.0|CC(=O)N1c2ccc(-c3ccc(C(=O)NCCOCCOCCOCC(=O)N[C@H](C(=O)N4C[C@H](O)C[C@H]4C(=O)NCc4ccc(-c5scnc5C)cc4)C(C)(C)C)cc3)cc2[C@H](Nc2ccc(Cl)cc2)C[C@@H]1C|64|41.5|0.0|0.0|67.9|0.0|60.2|0.0|82.8|34.3|29.4|0.0|63.1|41.9
GNE-272|1|2.0|CC(=O)N1CCc2c(c(Nc3ccc(-c4cnn(C)c4)cc3F)nn2[C@H]2CCOC2)C1|100|19.2|0.0|0.0|87.6|0.0|86.2|31.4|73.5|55.2|71.7|0.0|82.1|72.3
HDAC8-IN-1|1|2.0|COc1ccc(/C=C/C(=O)NO)c(-c2ccc(-c3ccccc3)cc2)c1|92|11.4|32.7|0.0|30.9|9.9|34.1|43.4|60.1|0.0|27.1|0.0|34.3|35.1
ORY-1001(trans)|1|2.0|N[C@H]1CC[C@H](N[C@@H]2C[C@H]2c2ccccc2)CC1|96|6.6|0.0|0.0|52.7|0.0|50.6|0.0|80.0|18.3|0.0|0.0|45.3|18.5
Mivebresib|1|0.2|CCS(=O)(=O)Nc1ccc(Oc2ccc(F)cc2F)c(-c2cn(C)c(O)c3nccc2-3)c1|89|60.6|0.0|0.0|97.2|0.0|91.1|9.0|80.6|59.8|72.6|0.0|83.2|71.6
Mivebresib|1|2.0|CCS(=O)(=O)Nc1ccc(Oc2ccc(F)cc2F)c(-c2cn(C)c(O)c3nccc2-3)c1|95|64.6|0.0|0.0|92.7|0.0|89.8|10.7|88.4|53.5|68.0|0.0|79.3|68.5
Nexturastat A|1|2.0|CCCCN(Cc1ccc(C(=O)NO)cc1)C(=O)Nc1ccccc1|98|6.2|0.0|15.7|58.0|0.0|65.3|0.0|34.4|38.9|25.3|0.0|61.7|25.1
CHZ868|1|0.2|CC(=O)Nc1cc(Oc2ccc3c(nc(Nc4ccc(F)cc4F)n3C)c2C)ccn1|88|22.1|32.0|0.0|50.4|0.0|45.4|22.1|58.2|15.0|44.2|0.0|57.7|68.3
CHZ868|1|2.0|CC(=O)Nc1cc(Oc2ccc3c(nc(Nc4ccc(F)cc4F)n3C)c2C)ccn1|90|22.8|58.8|0.0|2.2|35.0|0.0|42.1|29.0|0.0|12.6|11.1|15.8|36.9
ARV-825|1|0.2|Cc1sc2c(c1C)C(c1ccc(Cl)cc1)=N[C@@H](CC(=O)Nc1ccc(OCCOCCOCCOCCNc3cccc4c3C(=O)N(C3CCC(=O)NC3=O)C4=O)cc1)c1nnc(C)n1-2|104|44.4|0.0|0.0|90.4|0.0|84.1|22.9|72.0|50.4|68.6|0.0|81.5|63.6
ARV-825|1|2.0|Cc1sc2c(c1C)C(c1ccc(Cl)cc1)=N[C@@H](CC(=O)Nc1ccc(OCCOCCOCCOCCNc3cccc4c3C(=O)N(C3CCC(=O)NC3=O)C4=O)cc1)c1nnc(C)n1-2|100|75.0|0.0|0.0|83.6|0.0|82.4|15.3|79.7|46.3|58.0|0.0|76.4|43.4
INCB-057643|1|0.2|CN1C(=O)C(C)(C)Oc2c(-c3cn(C)c(O)c4nccc3-4)cc(S(C)(=O)=O)cc21|95|54.4|0.0|0.0|94.3|0.0|86.5|8.3|72.0|54.9|71.2|0.0|85.8|65.5
INCB-057643|1|2.0|CN1C(=O)C(C)(C)Oc2c(-c3cn(C)c(O)c4nccc3-4)cc(S(C)(=O)=O)cc21|103|60.4|0.0|0.0|97.3|0.0|93.0|0.0|79.9|63.4|72.1|0.0|83.5|65.1
A-485|1|0.2|CNC(=O)Nc1ccc2c(c1)CC[C@@]21OC(=O)N(CC(=O)N(Cc2ccc(F)cc2)[C@@H](C)C(F)(F)F)C1=O|102|13.3|0.0|0.0|74.1|0.0|66.2|8.4|48.2|47.8|52.5|0.0|54.1|61.8
A-485|1|2.0|CNC(=O)Nc1ccc2c(c1)CC[C@@]21OC(=O)N(CC(=O)N(Cc2ccc(F)cc2)[C@@H](C)C(F)(F)F)C1=O|109|18.8|26.7|0.0|58.6|0.0|52.2|21.2|49.1|30.8|37.8|0.0|48.6|60.1
Midostaurin|1|10.0|CO[C@@H]1[C@H](N(C)C(=O)c2ccccc2)C[C@H]2O[C@]1(C)n1c3ccccc3c3c4c(c5c6ccccc6n2c5c31)C(=O)NC4|51|39.7|20.9|14.3|17.1|9.9|31.8|43.8|29.8|19.2|11.6|0.0|35.8|16.7
"LDN193189 hydrochloride, DM-;3189"|1|0.3|c1ccc2c(-c3cnn4cc(-c5ccc(N6CCNCC6)cc5)cnc34)ccnc2c1|92|5.4|0.0|0.0|61.9|0.0|51.6|37.4|44.0|24.7|60.2|0.0|58.3|61.6
"LDN193189 hydrochloride, DM-;3189"|1|0.5|c1ccc2c(-c3cnn4cc(-c5ccc(N6CCNCC6)cc5)cnc34)ccnc2c1|104|7.3|0.0|0.0|61.0|0.0|64.0|11.7|43.1|42.5|62.9|0.0|49.4|61.6
"LDN193189 hydrochloride, DM-;3189"|1|1.0|c1ccc2c(-c3cnn4cc(-c5ccc(N6CCNCC6)cc5)cnc34)ccnc2c1|79|51.6|0.0|0.0|73.5|0.0|72.4|29.1|62.2|37.5|91.4|0.0|71.1|60.5
Miransertib HCl, ARQ 092|1|1.0|Nc1ncccc1-c1nc2ccc(-c3ccccc3)nc2n1-c1ccc(C2(N)CCC2)cc1|103|21.2|52.9|0.0|20.3|19.8|19.8|25.0|62.8|0.0|8.1|4.8|16.7|22.5
Miransertib HCl, ARQ 092|1|3.0|Nc1ncccc1-c1nc2ccc(-c3ccccc3)nc2n1-c1ccc(C2(N)CCC2)cc1|95|46.3|7.7|0.0|66.4|0.0|64.9|28.4|88.5|23.1|42.4|0.0|61.4|52.5
Sunitinib|1|1.0|CCN(CC)CCNC(=O)c1c(C)[nH]c(/C=C2\C(=O)Nc3ccc(F)cc32)c1C|99|31.6|54.6|0.0|0.0|33.9|0.0|23.9|12.8|0.0|0.0|29.8|0.0|0.2
Sunitinib|1|3.0|CCN(CC)CCNC(=O)c1c(C)[nH]c(/C=C2\C(=O)Nc3ccc(F)cc32)c1C|88|56.5|30.0|0.0|41.3|0.0|42.8|43.0|69.3|2.0|32.4|0.0|43.4|44.9
Sunitinib|1|10.0|CCN(CC)CCNC(=O)c1c(C)[nH]c(/C=C2\C(=O)Nc3ccc(F)cc32)c1C|59|73.4|0.0|0.0|59.5|0.0|56.8|22.5|82.2|22.7|32.0|0.0|68.9|40.2
Ripretinib|1|10.0|CCn1c(=O)c(-c2cc(NC(=O)Nc3ccccc3)c(F)cc2Br)cc2cnc(NC)cc21|94|41.1|68.2|0.0|0.0|5.1|1.2|58.6|26.6|0.0|0.0|17.9|9.6|31.3
Borussertib|1|10.0|C=CC(=O)Nc1ccc2nc(O)n(C3CCN(Cc4ccc(-c5nc6ccnc(O)c6cc5-c5ccccc5)cc4)CC3)c2c1|92|41.5|29.6|0.0|37.7|20.8|37.4|36.4|79.6|0.0|9.0|0.0|48.0|36.3
Borussertib|1|10.0|C=CC(=O)Nc1ccc2nc(O)n(C3CCN(Cc4ccc(-c5nc6ccnc(O)c6cc5-c5ccccc5)cc4)CC3)c2c1|94|16.6|68.1|0.0|0.0|69.5|0.0|24.7|37.5|0.0|0.0|36.1|1.2|15.4
Avapritinib|1|1.0|Cn1cc(-c2cc3c(N4CCN(c5ncc([C@@](C)(N)c6ccc(F)cc6)cn5)CC4)ncnn3c2)cn1|99|45.4|0.0|0.0|61.8|0.0|57.7|20.9|68.5|19.6|48.2|0.0|60.9|38.8
Avapritinib|1|3.0|Cn1cc(-c2cc3c(N4CCN(c5ncc([C@@](C)(N)c6ccc(F)cc6)cn5)CC4)ncnn3c2)cn1|101|65.5|0.0|0.0|69.2|0.0|69.4|34.3|71.7|27.2|58.1|0.0|69.1|53.0
Avapritinib|1|10.0|Cn1cc(-c2cc3c(N4CCN(c5ncc([C@@](C)(N)c6ccc(F)cc6)cn5)CC4)ncnn3c2)cn1|98|75.1|0.0|0.0|82.7|0.0|79.3|19.9|93.8|37.7|51.9|0.0|77.0|56.8
Avapritinib|3|1.0|Cn1cc(-c2cc3c(N4CCN(c5ncc([C@@](C)(N)c6ccc(F)cc6)cn5)CC4)ncnn3c2)cn1|105|28.8|0.0|0.0|46.5|0.0|48.8|39.9|51.3|8.3|46.8|0.0|50.3|37.5
BMS-536924|1|1.0|Cc1cc(N2CCOCC2)cc2[nH]c(-c3c(NC[C@@H](O)c4cccc(Cl)c4)ccnc3O)nc12|108|22.1|5.5|0.0|37.1|0.0|34.9|17.9|43.6|17.0|10.8|0.0|16.9|16.1
BMS-536924|1|3.0|Cc1cc(N2CCOCC2)cc2[nH]c(-c3c(NC[C@@H](O)c4cccc(Cl)c4)ccnc3O)nc12|92|42.5|0.0|0.0|65.5|0.0|63.2|32.0|61.8|31.2|50.8|0.0|61.3|54.8
BMS-536924|1|10.0|Cc1cc(N2CCOCC2)cc2[nH]c(-c3c(NC[C@@H](O)c4cccc(Cl)c4)ccnc3O)nc12|91|60.6|0.0|0.0|74.8|0.0|68.7|35.3|78.5|40.0|44.6|0.0|78.9|54.4
Cytochalasin B, Phomin|1|1.0|C=C1[C@@H](C)C2[C@H](Cc3ccccc3)NC(=O)[C@]23OC(=O)/C=C/[C@@H](O)CCC[C@@H](C)C/C=C/C3[C@@H]1O|76|79.8|0.0|9.9|78.5|0.0|78.2|14.6|57.7|54.3|66.6|0.0|81.8|40.7
Vacquinol-1 dihydrochloride|1|1.0|OC(c1cc(-c2ccc(Cl)cc2)nc2ccccc12)C1CCCCN1|94|25.7|0.0|0.2|50.6|0.0|62.8|43.6|43.1|38.2|52.2|0.0|50.6|23.7
Vacquinol-1 dihydrochloride|1|1.0|OC(c1cc(-c2ccc(Cl)cc2)nc2ccccc12)C1CCCCN1|94|5.4|0.0|3.7|57.9|0.0|59.9|11.0|66.5|28.7|46.3|0.0|53.4|13.4
Vacquinol-1 dihydrochloride|1|3.0|OC(c1cc(-c2ccc(Cl)cc2)nc2ccccc12)C1CCCCN1|105|71.7|0.0|0.0|69.2|0.0|74.4|39.0|64.5|37.3|69.4|0.0|69.5|56.4
Vacquinol-1 dihydrochloride|1|3.0|OC(c1cc(-c2ccc(Cl)cc2)nc2ccccc12)C1CCCCN1|83|59.8|0.0|0.0|75.9|0.0|75.0|19.3|82.3|36.8|64.4|0.0|77.6|58.3
|1|1.0|CN1C(=O)C2(C(=O)N(Cc3ccncc3)c3ccc(OC(F)(F)F)cc32)c2ccccc21|101|11.1|1.5|5.2|0.0|20.0|0.0|22.9|0.0|0.0|0.0|46.5|0.0|0.0
|1|10.0|CN1C(=O)C2(C(=O)N(Cc3ccncc3)c3ccc(OC(F)(F)F)cc32)c2ccccc21|90|51.6|60.9|16.9|0.0|82.9|0.0|20.5|0.0|0.0|0.0|95.9|0.0|0.0
|1|10.0|CN1C(=O)C2(C(=O)N(Cc3ccncc3)c3ccc(OC(F)(F)F)cc32)c2ccccc21|96|31.3|53.2|7.6|0.0|74.4|0.0|25.0|0.0|0.0|0.0|89.0|0.0|0.0
ACBI1|1|1.0|Cc1ncsc1-c1ccc(CNC(=O)[C@@H]2C[C@@H](O)CN2C(=O)[C@@H](NC(=O)C2(F)CC2)C(C)(C)C)c(OCCOc2ccc(CN3CCN(c4cc(-c5ccccc5O)nnc4N)CC3)cc2)c1|105|50.9|0.0|0.0|69.8|0.0|71.2|13.7|81.4|32.1|51.3|0.0|71.1|37.6
ACBI1|1|3.0|Cc1ncsc1-c1ccc(CNC(=O)[C@@H]2C[C@@H](O)CN2C(=O)[C@@H](NC(=O)C2(F)CC2)C(C)(C)C)c(OCCOc2ccc(CN3CCN(c4cc(-c5ccccc5O)nnc4N)CC3)cc2)c1|90|64.6|0.0|0.0|78.9|0.0|79.1|19.2|93.7|38.1|47.4|0.0|76.4|50.1
ACBI1|1|10.0|Cc1ncsc1-c1ccc(CNC(=O)[C@@H]2C[C@@H](O)CN2C(=O)[C@@H](NC(=O)C2(F)CC2)C(C)(C)C)c(OCCOc2ccc(CN3CCN(c4cc(-c5ccccc5O)nnc4N)CC3)cc2)c1|101|50.4|0.0|0.0|68.5|0.0|68.3|25.1|95.2|26.2|34.8|0.0|68.4|40.0
ACBI1|1|10.0|Cc1ncsc1-c1ccc(CNC(=O)[C@@H]2C[C@@H](O)CN2C(=O)[C@@H](NC(=O)C2(F)CC2)C(C)(C)C)c(OCCOc2ccc(CN3CCN(c4cc(-c5ccccc5O)nnc4N)CC3)cc2)c1|91|59.1|0.0|0.0|78.6|0.0|78.9|17.0|95.7|38.1|46.2|0.0|73.2|51.5
BI-0319|1|1.0|COc1cc(C(=O)NCCOCCOCCOCC(=O)N[C@H](C(=O)N2C[C@H](O)C[C@H]2C(=O)NCc2ccc(-c3scnc3C)cc2)C(C)(C)C)ccc1Nc1ncc(C(F)(F)F)c(Oc2cccc3c2C(=O)CC3)n1|95|6.9|0.0|0.0|73.7|0.0|69.4|31.3|69.4|22.5|61.0|0.0|76.9|69.6
BI-0319|1|3.0|COc1cc(C(=O)NCCOCCOCCOCC(=O)N[C@H](C(=O)N2C[C@H](O)C[C@H]2C(=O)NCc2ccc(-c3scnc3C)cc2)C(C)(C)C)ccc1Nc1ncc(C(F)(F)F)c(Oc2cccc3c2C(=O)CC3)n1|94|37.0|0.0|0.0|85.5|0.0|84.9|36.5|78.3|47.7|67.0|0.0|84.7|65.3
BI-0319|1|10.0|COc1cc(C(=O)NCCOCCOCCOCC(=O)N[C@H](C(=O)N2C[C@H](O)C[C@H]2C(=O)NCc2ccc(-c3scnc3C)cc2)C(C)(C)C)ccc1Nc1ncc(C(F)(F)F)c(Oc2cccc3c2C(=O)CC3)n1|66|55.3|13.8|0.0|52.6|0.0|67.5|65.8|65.1|26.1|51.7|0.0|62.9|66.1
BI-0319|1|10.0|COc1cc(C(=O)NCCOCCOCCOCC(=O)N[C@H](C(=O)N2C[C@H](O)C[C@H]2C(=O)NCc2ccc(-c3scnc3C)cc2)C(C)(C)C)ccc1Nc1ncc(C(F)(F)F)c(Oc2cccc3c2C(=O)CC3)n1|68|57.7|0.0|0.0|48.9|0.0|64.6|63.5|51.6|36.3|58.6|0.0|57.9|60.6
BI-3663|1|10.0|COc1cc(C(=O)NCCOCCOCCOCCC(=O)Nc2cccc3c2C(=O)N(C2CCC(=O)NC2=O)C3=O)ccc1Nc1ncc(C(F)(F)F)c(Oc2cccc3c2C(=O)CC3)n1|101|18.8|0.0|0.0|72.4|0.0|67.8|37.1|87.9|26.7|48.7|0.0|75.2|63.6
BI-4206|1|1.0|COc1cc(C(=O)NCCOCCOCCOCC(=O)N[C@H](C(=O)N2C[C@@H](O)C[C@H]2C(=O)NCc2ccc(-c3scnc3C)cc2)C(C)(C)C)ccc1Nc1ncc(C(F)(F)F)c(Oc2cccc3c2C(=O)CC3)n1|92|15.2|0.0|0.0|41.9|0.0|50.9|49.6|57.8|6.9|28.6|0.0|47.4|41.9
BI-4206|1|3.0|COc1cc(C(=O)NCCOCCOCCOCC(=O)N[C@H](C(=O)N2C[C@@H](O)C[C@H]2C(=O)NCc2ccc(-c3scnc3C)cc2)C(C)(C)C)ccc1Nc1ncc(C(F)(F)F)c(Oc2cccc3c2C(=O)CC3)n1|89|58.9|0.0|0.0|69.9|0.0|77.4|47.0|78.5|34.4|54.6|0.0|68.5|62.6
BI-4206|1|3.0|COc1cc(C(=O)NCCOCCOCCOCC(=O)N[C@H](C(=O)N2C[C@@H](O)C[C@H]2C(=O)NCc2ccc(-c3scnc3C)cc2)C(C)(C)C)ccc1Nc1ncc(C(F)(F)F)c(Oc2cccc3c2C(=O)CC3)n1|94|45.3|0.0|0.0|69.0|0.0|73.3|51.7|77.8|35.6|58.7|0.0|69.6|63.4
cis-ACBI1|1|1.0|Cc1ncsc1-c1ccc(CNC(=O)[C@@H]2C[C@H](O)CN2C(=O)[C@@H](NC(=O)C2(F)CC2)C(C)(C)C)c(OCCOc2ccc(CN3CCN(c4cc(-c5ccccc5O)nnc4N)CC3)cc2)c1|110|47.8|0.0|0.0|69.2|0.0|71.6|20.2|84.6|31.1|36.3|0.0|66.1|35.4
cis-ACBI1|1|3.0|Cc1ncsc1-c1ccc(CNC(=O)[C@@H]2C[C@H](O)CN2C(=O)[C@@H](NC(=O)C2(F)CC2)C(C)(C)C)c(OCCOc2ccc(CN3CCN(c4cc(-c5ccccc5O)nnc4N)CC3)cc2)c1|106|61.5|0.0|0.0|74.1|0.0|74.9|24.1|94.2|29.2|42.7|0.0|68.0|49.1
cis-ACBI1|1|10.0|Cc1ncsc1-c1ccc(CNC(=O)[C@@H]2C[C@H](O)CN2C(=O)[C@@H](NC(=O)C2(F)CC2)C(C)(C)C)c(OCCOc2ccc(CN3CCN(c4cc(-c5ccccc5O)nnc4N)CC3)cc2)c1|85|50.1|0.0|0.0|62.0|0.0|64.5|32.6|93.7|17.8|31.0|0.0|61.2|39.7
cis-ACBI1|1|10.0|Cc1ncsc1-c1ccc(CNC(=O)[C@@H]2C[C@H](O)CN2C(=O)[C@@H](NC(=O)C2(F)CC2)C(C)(C)C)c(OCCOc2ccc(CN3CCN(c4cc(-c5ccccc5O)nnc4N)CC3)cc2)c1|93|56.8|0.0|0.0|74.5|0.0|74.4|18.5|96.3|31.1|39.8|0.0|66.4|49.5
|1|3.0|COc1ccc2[nH]c3c(c2c1)CCOC31CC[C@@]2(Oc3c(Cl)c(OC)cc(OC)c3C2=O)[C@H](C)C1|94|39.0|64.9|4.1|0.0|85.1|0.0|11.1|0.0|0.0|0.0|97.1|0.0|0.0
|1|10.0|COc1ccc2[nH]c3c(c2c1)CCOC31CC[C@@]2(Oc3c(Cl)c(OC)cc(OC)c3C2=O)[C@H](C)C1|81|47.2|62.0|0.0|0.0|70.9|0.0|23.7|0.0|0.0|0.0|82.8|0.0|0.0
|1|10.0|COc1ccc2[nH]c3c(c2c1)CCOC31CC[C@@]2(Oc3c(Cl)c(OC)cc(OC)c3C2=O)[C@H](C)C1|80|31.3|68.0|0.0|0.0|71.5|0.0|38.9|0.0|0.0|0.0|71.7|0.0|9.7
Deltasonamide 2|1|1.0|CNc1nccc(CN([C@H]2CC[C@H](N)CC2)S(=O)(=O)c2ccc(S(=O)(=O)N(Cc3ccc(Cl)cc3)C3CCCC3)cc2)n1|96|36.6|0.0|0.0|69.9|0.0|71.8|21.7|86.6|24.0|50.1|0.0|70.1|48.6
|1|10.0|CCN(C)C(=O)c1ccc2c(/C(=N/C3CCN(C)CC3)c3ccccc3)c(O)[nH]c2c1|96|8.3|9.5|0.0|12.3|44.1|6.1|23.0|39.3|0.0|23.3|6.9|39.0|15.3
|1|30.0|CCN(C)C(=O)c1ccc2c(/C(=N/C3CCN(C)CC3)c3ccccc3)c(O)[nH]c2c1|99|43.4|18.0|0.0|31.4|33.5|24.4|27.7|72.3|0.0|4.4|0.0|47.5|28.8
|1|50.0|CCN(C)C(=O)c1ccc2c(/C(=N/C3CCN(C)CC3)c3ccccc3)c(O)[nH]c2c1|93|55.8|13.9|0.0|39.8|21.9|35.9|29.6|80.3|0.0|11.4|0.0|53.7|33.9
|1|30.0|CO[C@H]1CC[C@H](N(c2cc(F)c(Oc3ncc(Cn4nccn4)cc3C(F)(F)F)cc2C(=O)O)C(=O)[C@H]2CC[C@H](C)CC2)CC1|87|8.3|33.1|0.0|0.0|18.2|11.5|64.5|21.6|0.0|0.0|30.6|0.0|7.3
|1|50.0|CO[C@H]1CC[C@H](N(c2cc(F)c(Oc3ncc(Cn4nccn4)cc3C(F)(F)F)cc2C(=O)O)C(=O)[C@H]2CC[C@H](C)CC2)CC1|90|19.3|29.9|0.0|21.5|0.0|40.9|60.2|38.5|21.7|15.1|1.6|30.5|42.1
Faldaprevir|1|30.0|C=CC1C[C@]1(NC(=O)[C@@H]1C[C@@H](Oc2cc(-c3csc(NC(=O)C(C)C)n3)nc3c(Br)c(OC)ccc23)CN1C(=O)[C@@H](NC(=O)OC1CCCC1)C(C)(C)C)C(=O)O|85|25.4|23.3|0.0|49.7|0.0|49.0|32.9|69.1|21.5|18.7|0.0|55.2|63.4
Faldaprevir|1|50.0|C=CC1C[C@]1(NC(=O)[C@@H]1C[C@@H](Oc2cc(-c3csc(NC(=O)C(C)C)n3)nc3c(Br)c(OC)ccc23)CN1C(=O)[C@@H](NC(=O)OC1CCCC1)C(C)(C)C)C(=O)O|71|42.7|0.0|0.0|74.9|0.0|78.3|22.4|72.9|51.6|51.4|0.0|65.4|76.8
|1|3.0|COc1cc(-c2cn(C)c(=O)c3cnccc23)cc(OC)c1CN1CCN(CCCCCOc2cc(-c3scnc3C)ccc2CNC(=O)[C@@H]2C[C@@H](O)CN2C(=O)[C@@H](NC(=O)C2(F)CC2)C(C)(C)C)CC1|95|52.0|0.0|0.0|78.7|0.0|77.6|13.2|95.6|35.2|44.6|0.0|71.2|47.9
|1|10.0|COc1cc(-c2cn(C)c(=O)c3cnccc23)cc(OC)c1CN1CCN(CCCCCOc2cc(-c3scnc3C)ccc2CNC(=O)[C@@H]2C[C@@H](O)CN2C(=O)[C@@H](NC(=O)C2(F)CC2)C(C)(C)C)CC1|95|69.6|0.0|0.0|76.5|0.0|75.2|22.2|90.4|33.4|49.4|0.0|72.9|59.0
|1|10.0|COc1cc(-c2cn(C)c(=O)c3cnccc23)cc(OC)c1CN1CCN(CCCCCOc2cc(-c3scnc3C)ccc2CNC(=O)[C@@H]2C[C@@H](O)CN2C(=O)[C@@H](NC(=O)C2(F)CC2)C(C)(C)C)CC1|98|64.2|0.0|0.0|80.3|0.0|81.0|20.7|93.6|38.5|48.0|0.0|72.6|59.2
|1|1.0|COc1cc(-c2cn(C)c(=O)c3cnccc23)cc(OC)c1CN1CCN(CCCCCOc2cc(-c3scnc3C)ccc2CNC(=O)[C@@H]2C[C@H](O)CN2C(=O)[C@@H](NC(=O)C2(F)CC2)C(C)(C)C)CC1|98|33.5|0.0|0.0|80.1|0.0|78.9|18.7|89.6|35.5|54.9|0.0|77.6|52.8
|1|3.0|COc1cc(-c2cn(C)c(=O)c3cnccc23)cc(OC)c1CN1CCN(CCCCCOc2cc(-c3scnc3C)ccc2CNC(=O)[C@@H]2C[C@H](O)CN2C(=O)[C@@H](NC(=O)C2(F)CC2)C(C)(C)C)CC1|94|67.2|0.0|0.0|79.2|0.0|78.9|16.1|95.5|36.2|50.0|0.0|72.5|56.5
|1|10.0|COc1cc(-c2cn(C)c(=O)c3cnccc23)cc(OC)c1CN1CCN(CCCCCOc2cc(-c3scnc3C)ccc2CNC(=O)[C@@H]2C[C@H](O)CN2C(=O)[C@@H](NC(=O)C2(F)CC2)C(C)(C)C)CC1|90|83.2|0.0|0.0|76.8|0.0|75.6|26.7|87.3|33.9|60.3|0.0|75.3|60.8
|1|10.0|COc1cc(-c2cn(C)c(=O)c3cnccc23)cc(OC)c1CN1CCN(CCCCCOc2cc(-c3scnc3C)ccc2CNC(=O)[C@@H]2C[C@H](O)CN2C(=O)[C@@H](NC(=O)C2(F)CC2)C(C)(C)C)CC1|107|80.5|0.0|0.0|80.4|0.0|80.0|23.7|91.9|34.9|56.8|0.0|74.1|60.8
|1|30.0|CCCN1C(=O)c2ccc(Cl)cc2Nc2ncccc21|94|14.3|0.0|0.0|70.3|0.0|71.5|46.9|69.4|35.5|50.6|0.0|73.5|64.2
|1|50.0|CCCN1C(=O)c2ccc(Cl)cc2Nc2ncccc21|94|31.6|0.0|0.0|80.4|0.0|79.4|50.8|75.6|44.7|62.5|0.0|82.1|71.1
Deleobuvir|1|50.0|Cn1c(C2(NC(=O)c3ccc4c(C5CCCC5)c(-c5ncc(Br)cn5)n(C)c4c3)CCC2)nc2ccc(/C=C/C(=O)O)cc21|77|15.5|55.2|0.0|0.0|49.9|0.0|57.8|0.0|0.0|0.0|50.1|2.1|5.5
|1|50.0|Cn1c(C2(NC(=O)c3ccc(NCC4CCCCC4)nc3)CCC2)nc2ccc(/C=C/C(=O)O)cc21|102|6.7|0.0|0.8|7.2|0.0|6.8|41.1|27.7|3.2|4.6|5.6|19.5|0.0
Salinomycin|1|1.0|CC[C@@H](C(=O)[C@@H](C)[C@@H](O)[C@H](C)[C@@H]1O[C@@H]([C@@H](CC)C(=O)O)CC[C@@H]1C)[C@H]1O[C@]2(C=C[C@@H](O)[C@]3(CC[C@@](C)([C@H]4CC[C@](O)(CC)[C@H](C)O4)O3)O2)[C@H](C)C[C@@H]1C|100|35.9|4.6|0.0|43.3|0.0|50.0|38.8|28.2|29.4|61.9|0.0|39.0|53.4
Salinomycin|1|3.0|CC[C@@H](C(=O)[C@@H](C)[C@@H](O)[C@H](C)[C@@H]1O[C@@H]([C@@H](CC)C(=O)O)CC[C@@H]1C)[C@H]1O[C@]2(C=C[C@@H](O)[C@]3(CC[C@@](C)([C@H]4CC[C@](O)(CC)[C@H](C)O4)O3)O2)[C@H](C)C[C@@H]1C|92|56.1|8.7|0.0|59.2|0.0|60.8|37.0|57.6|34.1|56.0|0.0|61.0|66.1
Salinomycin|1|10.0|CC[C@@H](C(=O)[C@@H](C)[C@@H](O)[C@H](C)[C@@H]1O[C@@H]([C@@H](CC)C(=O)O)CC[C@@H]1C)[C@H]1O[C@]2(C=C[C@@H](O)[C@]3(CC[C@@](C)([C@H]4CC[C@](O)(CC)[C@H](C)O4)O3)O2)[C@H](C)C[C@@H]1C|98|61.1|0.0|0.0|74.5|0.0|72.9|33.2|70.6|42.8|63.4|0.0|73.9|68.8
Salinomycin|1|10.0|CC[C@@H](C(=O)[C@@H](C)[C@@H](O)[C@H](C)[C@@H]1O[C@@H]([C@@H](CC)C(=O)O)CC[C@@H]1C)[C@H]1O[C@]2(C=C[C@@H](O)[C@]3(CC[C@@](C)([C@H]4CC[C@](O)(CC)[C@H](C)O4)O3)O2)[C@H](C)C[C@@H]1C|90|63.7|0.0|0.0|66.4|0.0|68.1|35.7|72.0|40.8|56.1|0.0|70.0|64.9
Salinomycin|1|30.0|CC[C@@H](C(=O)[C@@H](C)[C@@H](O)[C@H](C)[C@@H]1O[C@@H]([C@@H](CC)C(=O)O)CC[C@@H]1C)[C@H]1O[C@]2(C=C[C@@H](O)[C@]3(CC[C@@](C)([C@H]4CC[C@](O)(CC)[C@H](C)O4)O3)O2)[C@H](C)C[C@@H]1C|60|82.7|0.0|0.0|87.7|0.0|87.6|16.7|87.6|59.6|64.7|0.0|81.0|60.7
AZD-7648|1|10.0|Cc1cc2ncnn2cc1Nc1ncc2c(n1)n(C1CCOCC1)c(=O)n2C|95|7.1|83.3|0.0|0.0|76.0|0.0|37.1|0.0|0.0|0.0|70.5|0.0|0.0
AZD-7648|1|30.0|Cc1cc2ncnn2cc1Nc1ncc2c(n1)n(C1CCOCC1)c(=O)n2C|89|36.6|92.0|0.0|0.0|67.3|0.0|33.8|0.0|0.0|0.0|71.9|0.0|4.7
AZD-7648|1|50.0|Cc1cc2ncnn2cc1Nc1ncc2c(n1)n(C1CCOCC1)c(=O)n2C|89|41.1|93.1|0.0|0.0|57.2|0.0|27.2|0.0|0.0|0.0|63.2|0.0|18.4
Dasabuvir|1|10.0|COc1c(-c2ccc3cc(NS(C)(=O)=O)ccc3c2)cc(-n2ccc(=O)[nH]c2=O)cc1C(C)(C)C|92|37.7|0.0|0.0|69.0|0.0|65.5|23.8|87.2|27.0|32.1|0.0|70.5|34.8
Dasabuvir|1|30.0|COc1c(-c2ccc3cc(NS(C)(=O)=O)ccc3c2)cc(-n2ccc(=O)[nH]c2=O)cc1C(C)(C)C|70|59.9|0.0|0.0|85.5|0.0|83.5|35.0|83.9|52.4|57.9|0.0|83.4|59.6
Dasabuvir|1|50.0|COc1c(-c2ccc3cc(NS(C)(=O)=O)ccc3c2)cc(-n2ccc(=O)[nH]c2=O)cc1C(C)(C)C|55|80.0|0.0|0.0|86.7|0.0|90.0|37.1|71.2|63.9|69.6|0.0|85.3|69.4
OMDM-2|1|10.0|CCCCCCCC/C=C\CCCCCCCC(=O)N[C@@H](CO)Cc1ccc(O)cc1|90|8.3|0.0|0.0|74.5|0.0|72.1|26.2|76.6|34.6|45.0|0.0|71.1|49.4
OMDM-2|1|30.0|CCCCCCCC/C=C\CCCCCCCC(=O)N[C@@H](CO)Cc1ccc(O)cc1|80|66.7|0.0|0.0|88.1|0.0|89.0|37.2|77.1|54.1|68.9|0.0|82.6|72.6
Anisomycin|1|1.0|COc1ccc(C[C@H]2NC[C@H](O)[C@H]2OC(C)=O)cc1|54|40.1|38.7|3.9|0.0|47.2|0.0|6.2|0.0|1.9|22.1|33.6|0.0|12.6
Lonafarnib|1|6.0|NC(=O)N1CCC(CC(=O)N2CCC([C@H]3c4ncc(Br)cc4CCc4cc(Cl)cc(Br)c43)CC2)CC1|90|22.6|11.4|0.0|24.7|0.0|31.6|69.1|42.4|0.0|25.4|0.0|45.8|26.8
Lonafarnib|1|10.0|NC(=O)N1CCC(CC(=O)N2CCC([C@H]3c4ncc(Br)cc4CCc4cc(Cl)cc(Br)c43)CC2)CC1|95|30.9|23.9|0.0|16.8|0.0|19.8|70.3|27.6|1.3|25.6|0.0|41.0|31.1
SB-505124|1|6.0|Cc1cccc(-c2[nH]c(C(C)(C)C)nc2-c2ccc3c(c2)OCO3)n1|104|15.4|0.0|0.0|68.5|0.0|69.7|33.2|49.5|48.0|60.5|0.0|75.5|42.4
SB-505124|1|10.0|Cc1cccc(-c2[nH]c(C(C)(C)C)nc2-c2ccc3c(c2)OCO3)n1|99|28.2|0.0|0.0|63.8|0.0|59.8|26.8|58.1|38.3|54.4|0.0|69.6|35.4
FPS-ZM1|1|30.0|O=C(c1ccc(Cl)cc1)N(Cc1ccccc1)C1CCCCC1|96|24.2|16.2|0.0|55.0|0.0|57.3|66.1|62.1|18.4|52.1|0.0|62.0|65.3
FPS-ZM1|1|50.0|O=C(c1ccc(Cl)cc1)N(Cc1ccccc1)C1CCCCC1|87|51.5|6.9|0.0|57.4|0.0|59.7|66.7|62.4|26.5|59.4|0.0|69.7|65.1
MCOPPB (hydrochloride)|1|2.0|CC1(N2CCC(n3c([C@@H]4CCCNC4)nc4ccccc43)CC2)CCCCCCC1|99|39.7|0.0|0.0|69.4|0.0|68.9|7.4|92.1|28.2|35.1|0.0|66.5|47.3
MCOPPB (hydrochloride)|1|6.0|CC1(N2CCC(n3c([C@@H]4CCCNC4)nc4ccccc43)CC2)CCCCCCC1|98|82.0|0.0|0.0|76.4|0.0|75.8|0.0|88.1|33.8|42.2|0.0|70.9|43.3
Halopemide|1|10.0|O=C(NCCN1CCC(n2c(O)nc3cc(Cl)ccc32)CC1)c1ccc(F)cc1|106|33.2|0.0|0.0|76.3|0.0|76.3|18.3|79.8|38.1|42.4|0.0|74.7|51.8
Halopemide|1|30.0|O=C(NCCN1CCC(n2c(O)nc3cc(Cl)ccc32)CC1)c1ccc(F)cc1|100|76.7|0.0|0.0|86.0|0.0|85.1|8.6|91.4|44.1|50.5|0.0|77.5|54.2
Geldanamycin|1|10.0|COC1=C2C[C@@H](C)C[C@H](OC)[C@H](O)[C@@H](C)/C=C(\C)[C@H](OC(N)=O)[C@@H](OC)/C=C/C=C(\C)C(=O)/N=C(\C=C1O)C2=O|65|21.2|0.0|14.7|22.1|0.0|35.0|69.2|24.4|17.8|32.0|0.0|44.3|33.9
Geldanamycin|1|30.0|COC1=C2C[C@@H](C)C[C@H](OC)[C@H](O)[C@@H](C)/C=C(\C)[C@H](OC(N)=O)[C@@H](OC)/C=C/C=C(\C)C(=O)/N=C(\C=C1O)C2=O|53|55.3|0.0|9.8|64.7|0.0|74.9|58.0|50.2|57.4|61.6|0.0|75.1|56.5
Arcyriaflavin-a|1|10.0|O=C1NC(=O)c2c1c1c3ccccc3[nH]c1c1[nH]c3ccccc3c21|99|31.8|81.3|0.0|0.0|52.8|0.0|45.3|5.8|0.0|0.0|52.3|0.0|22.4
Arcyriaflavin-a|1|30.0|O=C1NC(=O)c2c1c1c3ccccc3[nH]c1c1[nH]c3ccccc3c21|86|57.9|63.4|0.0|7.4|38.5|3.6|42.0|43.4|0.0|20.9|16.9|26.5|41.6
Arcyriaflavin-a|1|50.0|O=C1NC(=O)c2c1c1c3ccccc3[nH]c1c1[nH]c3ccccc3c21|90|67.2|52.1|0.0|21.0|18.3|23.4|48.8|50.2|0.0|36.4|0.0|37.8|49.1
Prasugrel|1|10.0|CC(=O)Oc1cc2c(s1)CCN(C(C(=O)C1CC1)c1ccccc1F)C2|82|24.4|45.8|37.4|0.0|79.5|0.0|1.5|0.0|0.0|0.0|84.6|0.0|0.0
Prasugrel|1|30.0|CC(=O)Oc1cc2c(s1)CCN(C(C(=O)C1CC1)c1ccccc1F)C2|81|40.1|52.2|25.3|0.0|90.7|0.0|0.0|0.0|0.0|0.0|87.4|0.0|0.0
Prasugrel|1|50.0|CC(=O)Oc1cc2c(s1)CCN(C(C(=O)C1CC1)c1ccccc1F)C2|75|37.0|41.9|34.5|0.0|87.3|0.0|0.0|0.0|0.0|0.0|84.5|0.0|0.0
Ilomastat|1|50.0|CNC(=O)[C@H](Cc1c[nH]c2ccccc12)NC(=O)[C@@H](CC(=O)NO)CC(C)C|99|5.2|58.9|0.0|0.0|18.4|1.7|21.8|13.4|0.0|26.0|1.3|0.7|40.2
7,00 BAM|1|30.0|CCOc1ccccc1/N=N/c1c(C)nn(-c2nc(-c3ccccc3)cs2)c1O|99|18.3|17.3|0.0|9.3|0.0|20.1|56.2|34.2|0.0|9.5|8.8|14.3|9.0
7,00 BAM|1|50.0|CCOc1ccccc1/N=N/c1c(C)nn(-c2nc(-c3ccccc3)cs2)c1O|98|17.1|2.1|0.0|20.6|0.0|37.8|57.3|40.8|0.0|12.6|0.0|19.7|12.5
ML228|1|1.0|c1ccc(-c2ccc(CNc3nc(-c4ccccn4)nnc3-c3ccccc3)cc2)cc1|71|42.1|45.2|11.1|0.0|94.1|0.0|0.0|0.0|0.0|0.0|68.7|0.0|0.0
ML228|1|3.0|c1ccc(-c2ccc(CNc3nc(-c4ccccn4)nnc3-c3ccccc3)cc2)cc1|71|65.5|26.3|5.2|0.0|79.2|0.0|10.5|11.9|0.0|0.0|50.0|0.0|0.0
ML228|1|10.0|c1ccc(-c2ccc(CNc3nc(-c4ccccn4)nnc3-c3ccccc3)cc2)cc1|74|45.1|30.4|0.0|0.0|54.3|0.0|17.5|21.7|0.0|3.7|28.7|12.7|1.2
ML228|1|10.0|c1ccc(-c2ccc(CNc3nc(-c4ccccn4)nnc3-c3ccccc3)cc2)cc1|65|54.4|27.6|0.0|0.0|70.9|0.0|12.0|19.2|0.0|0.0|35.2|9.1|0.0
ML228|1|30.0|c1ccc(-c2ccc(CNc3nc(-c4ccccn4)nnc3-c3ccccc3)cc2)cc1|60|60.1|0.4|0.0|50.9|0.0|55.2|6.4|37.4|50.8|45.4|0.0|53.8|75.7
Purvalanol A|1|3.0|CC(C)[C@H](CO)Nc1nc(Nc2cccc(Cl)c2)c2ncn(C(C)C)c2n1|84|34.2|3.7|11.5|27.6|29.7|20.6|39.8|47.8|0.0|35.7|0.0|56.2|34.7
Purvalanol A|1|10.0|CC(C)[C@H](CO)Nc1nc(Nc2cccc(Cl)c2)c2ncn(C(C)C)c2n1|56|23.8|0.4|55.0|0.0|57.1|0.0|41.2|6.0|0.0|0.0|33.9|7.2|0.0
Purvalanol A|1|10.0|CC(C)[C@H](CO)Nc1nc(Nc2cccc(Cl)c2)c2ncn(C(C)C)c2n1|57|61.0|0.0|36.3|36.7|0.0|42.2|43.4|42.4|23.2|56.0|0.0|64.1|27.0
Purvalanol A|1|30.0|CC(C)[C@H](CO)Nc1nc(Nc2cccc(Cl)c2)c2ncn(C(C)C)c2n1|54|69.3|0.0|0.0|61.0|0.0|63.1|38.6|52.8|45.7|53.4|0.0|66.0|55.9
Src Inhibitor 1|1|3.0|COc1cc2ncnc(Nc3ccc(Oc4ccccc4)cc3)c2cc1OC|104|42.0|0.0|0.0|89.0|0.0|89.2|19.8|87.8|49.3|59.6|0.0|81.4|60.6
Src Inhibitor 1|1|10.0|COc1cc2ncnc(Nc3ccc(Oc4ccccc4)cc3)c2cc1OC|100|64.1|0.0|0.0|81.4|0.0|80.7|25.3|82.5|42.4|61.6|0.0|80.9|59.9
Src Inhibitor 1|1|10.0|COc1cc2ncnc(Nc3ccc(Oc4ccccc4)cc3)c2cc1OC|102|79.1|0.0|0.0|88.9|0.0|89.5|25.3|84.5|53.6|61.7|0.0|86.0|58.5
ML-193|1|50.0|Cc1cc(C)c2nc(-c3ccccn3)cc(C(=O)Nc3ccc(S(=O)(=O)Nc4onc(C)c4C)cc3)c2c1|97|5.2|24.3|0.0|0.0|15.2|0.0|30.0|1.2|0.0|0.0|23.2|0.0|0.0
IWP L6|1|30.0|O=C(CSc1nc2c(c(=O)n1-c1ccccc1)SCC2)Nc1ccc(-c2ccccc2)cn1|93|12.6|12.5|0.0|17.7|0.0|20.9|65.0|38.2|0.0|7.6|0.2|40.7|18.1
IWP L6|1|50.0|O=C(CSc1nc2c(c(=O)n1-c1ccccc1)SCC2)Nc1ccc(-c2ccccc2)cn1|97|15.2|22.4|0.0|12.2|0.0|17.7|66.9|33.3|0.0|11.6|0.0|30.5|20.6
NS 11021|1|10.0|FC(F)(F)c1cc(NC(=S)Nc2ccc(Br)cc2-c2nn[nH]n2)cc(C(F)(F)F)c1|80|30.1|35.4|0.0|37.1|0.0|40.4|23.5|23.6|26.7|38.6|0.0|37.5|80.9
NS 11021|1|30.0|FC(F)(F)c1cc(NC(=S)Nc2ccc(Br)cc2-c2nn[nH]n2)cc(C(F)(F)F)c1|71|81.3|0.0|0.0|90.4|0.0|90.5|12.2|75.4|63.5|70.2|0.0|81.7|75.7
LY2109761|1|6.0|c1ccc(-c2nn3c(c2-c2ccnc4cc(OCCN5CCOCC5)ccc24)CCC3)nc1|91|6.9|0.0|0.0|61.1|0.0|60.2|20.5|31.0|54.0|50.0|0.0|63.0|42.1
LY2109761|1|10.0|c1ccc(-c2nn3c(c2-c2ccnc4cc(OCCN5CCOCC5)ccc24)CCC3)nc1|101|7.1|0.0|0.0|53.0|0.0|50.7|26.8|26.0|49.4|55.9|0.0|56.3|45.9
NQDI-1|1|50.0|CCOC(=O)c1c(O)nc2cccc3c2c1-c1ccccc1C3=O|84|33.5|0.0|0.0|60.4|0.0|61.8|9.8|89.6|20.3|26.3|0.0|59.2|38.1
Ryuvidine|1|3.0|Cc1ccc(NC2=CC(=O)c3sc(C)nc3C2=O)cc1|62|52.8|32.6|8.9|0.0|39.2|0.0|32.1|7.8|5.4|19.8|26.9|0.0|0.0
Ryuvidine|1|10.0|Cc1ccc(NC2=CC(=O)c3sc(C)nc3C2=O)cc1|54|50.3|0.0|0.0|26.4|0.0|34.7|19.3|31.6|40.9|47.5|0.0|28.5|26.7
BVT948|1|3.0|CC1(C)C(=O)N=C2C1=C(O)C(=O)c1ccccc12|92|5.0|56.4|12.3|0.0|86.5|0.0|0.0|0.0|0.0|0.0|72.7|0.0|0.0
BVT948|1|10.0|CC1(C)C(=O)N=C2C1=C(O)C(=O)c1ccccc12|65|44.6|36.2|7.4|0.0|36.8|0.0|33.2|0.0|0.9|16.2|27.9|0.0|7.5
Deferasirox|1|10.0|O=C(O)c1ccc(-n2nc(-c3ccccc3O)nc2-c2ccccc2O)cc1|92|9.7|17.2|35.6|0.0|82.6|0.0|0.0|0.0|0.0|0.0|63.4|0.0|0.0
Deferasirox|1|30.0|O=C(O)c1ccc(-n2nc(-c3ccccc3O)nc2-c2ccccc2O)cc1|80|26.1|52.4|17.0|0.0|95.8|0.0|0.0|0.0|0.0|0.0|76.3|0.0|0.0
Deferasirox|1|50.0|O=C(O)c1ccc(-n2nc(-c3ccccc3O)nc2-c2ccccc2O)cc1|71|35.1|45.7|26.3|0.0|95.0|0.0|0.0|0.0|0.0|0.0|76.3|0.0|0.0
NSC-632839|1|1.0|Cc1ccc(/C=C2/CNC/C(=C/c3ccc(C)cc3)C2=O)cc1|86|16.9|22.1|29.6|0.0|68.6|0.0|0.0|0.0|0.0|0.0|43.2|0.0|0.0
NNC 55-0396|1|3.0|CC(C)[C@H]1c2ccc(F)cc2CC[C@@]1(CCN(C)CCCc1nc2ccccc2[nH]1)OC(=O)C1CC1|99|70.8|0.0|0.0|83.9|0.0|81.3|21.4|91.2|37.5|65.4|0.0|76.7|66.1
CYM-5520|1|30.0|Cc1cc(C(=O)Cn2cc(C#N)ccc2=O)c(C)n1Cc1ccccc1|98|10.7|0.0|0.7|67.3|0.0|69.8|7.3|73.5|37.3|31.4|0.0|64.8|29.0
CYM-5520|1|50.0|Cc1cc(C(=O)Cn2cc(C#N)ccc2=O)c(C)n1Cc1ccccc1|94|13.6|0.0|0.0|74.5|0.0|72.9|20.2|86.0|35.9|46.3|0.0|73.7|45.5
PF-431396|1|2.0|CN(c1ccccc1CNc1nc(Nc2ccc3c(c2)CC(=O)N3)ncc1C(F)(F)F)S(C)(=O)=O|64|21.6|0.0|83.8|0.0|41.8|0.0|1.4|0.0|0.0|0.0|34.2|0.0|0.0
PF-431396|1|6.0|CN(c1ccccc1CNc1nc(Nc2ccc3c(c2)CC(=O)N3)ncc1C(F)(F)F)S(C)(=O)=O|50|46.6|0.0|53.3|0.0|50.8|0.0|0.0|13.0|5.3|0.0|7.3|21.6|0.0
PF-431396|1|10.0|CN(c1ccccc1CNc1nc(Nc2ccc3c(c2)CC(=O)N3)ncc1C(F)(F)F)S(C)(=O)=O|56|49.2|0.0|38.9|15.9|20.6|15.6|19.9|29.1|9.4|15.8|0.0|39.8|10.5
Lorlatinib|1|2.0|C[C@H]1Oc2cc(cnc2N)-c2c(nn(C)c2C#N)CN(C)C(=O)c2ccc(F)cc21|89|18.0|74.3|0.0|0.0|70.9|0.0|12.0|12.2|0.0|1.4|38.7|0.0|15.7
Lorlatinib|1|6.0|C[C@H]1Oc2cc(cnc2N)-c2c(nn(C)c2C#N)CN(C)C(=O)c2ccc(F)cc21|95|30.1|83.8|0.0|0.0|77.9|0.0|20.7|0.0|0.0|0.0|61.4|0.0|0.3
Lorlatinib|1|10.0|C[C@H]1Oc2cc(cnc2N)-c2c(nn(C)c2C#N)CN(C)C(=O)c2ccc(F)cc21|94|34.5|85.1|0.0|0.0|81.5|0.0|31.2|0.0|0.0|0.0|63.7|0.0|0.0
CC-401|1|6.0|c1cc(OCCN2CCCCC2)cc(-c2[nH]nc3ccc(-c4nc[nH]n4)cc23)c1|110|16.1|68.8|0.0|0.0|36.4|0.0|47.0|25.9|0.0|0.0|33.8|0.0|8.7
CC-401|1|10.0|c1cc(OCCN2CCCCC2)cc(-c2[nH]nc3ccc(-c4nc[nH]n4)cc23)c1|99|26.1|42.5|0.0|8.5|23.0|20.0|54.0|57.3|0.0|0.0|3.1|21.1|21.0
NS309|1|30.0|O=Nc1c(O)[nH]c2c(Cl)c(Cl)ccc12|102|17.6|43.6|0.0|46.4|1.5|41.6|32.2|64.5|2.0|40.6|0.0|51.1|61.4
NS309|1|50.0|O=Nc1c(O)[nH]c2c(Cl)c(Cl)ccc12|100|38.2|7.8|0.0|67.7|0.0|66.3|43.4|71.5|26.1|61.2|0.0|64.1|65.5
DG-172 (hydrochloride)|1|2.0|CN1CCN(c2ccc(/C=C(\C#N)c3ccccc3Br)cc2)CC1|93|23.0|0.0|0.0|55.5|0.0|54.2|1.5|79.2|18.2|34.1|0.0|57.5|36.0
DG-172 (hydrochloride)|1|6.0|CN1CCN(c2ccc(/C=C(\C#N)c3ccccc3Br)cc2)CC1|98|68.4|0.0|0.0|83.7|0.0|82.3|1.5|92.0|43.6|52.4|0.0|75.8|47.8
DG-172 (hydrochloride)|1|10.0|CN1CCN(c2ccc(/C=C(\C#N)c3ccccc3Br)cc2)CC1|94|80.5|0.0|0.0|81.4|0.0|77.8|1.4|90.9|40.1|53.6|0.0|75.0|50.5
Dalbavancin|1|50.0|CN[C@H]1C(=O)N[C@@H]2Cc3ccc(cc3)Oc3cc4cc(c3O[C@@H]3O[C@H](C(=O)O)[C@@H](O)[C@H](O)[C@H]3NC(=O)CCCCCCCCC(C)C)Oc3ccc(cc3Cl)[C@@H](O)[C@@H]3NC(=O)[C@H](NC(=O)[C@@H]4NC(=O)[C@@H](NC2=O)c2cc(cc(O)c2Cl)Oc2cc1ccc2O)c1ccc(O)c(c1)-c1c(O[C@H]2O[C@H](CO)[C@@H](O)[C@H](O)[C@@H]2O)cc(O)cc1[C@@H](C(=O)NCCCN(C)C)NC3=O|103|10.2|0.0|0.0|55.5|0.0|54.6|0.0|69.1|27.9|8.0|0.0|44.5|46.1
A-205804|1|2.0|Cc1ccc(Sc2cncc3sc(C(N)=O)cc23)cc1|97|5.4|30.9|30.3|0.0|78.3|0.0|0.0|0.0|0.0|0.0|55.7|0.0|0.0
A-205804|1|6.0|Cc1ccc(Sc2cncc3sc(C(N)=O)cc23)cc1|99|12.3|24.2|40.0|0.0|87.3|0.0|0.0|0.0|0.0|0.0|66.3|0.0|0.0
A-205804|1|10.0|Cc1ccc(Sc2cncc3sc(C(N)=O)cc23)cc1|90|13.8|25.8|35.4|0.0|85.8|0.0|5.0|0.0|0.0|0.0|67.4|0.0|0.0
Aminopurvalanol-a|1|2.0|CC(C)[C@H](CO)Nc1nc(Nc2cc(N)cc(Cl)c2)c2ncn(C(C)C)c2n1|83|15.5|15.6|25.7|0.0|63.2|0.0|14.9|24.1|0.0|8.5|15.6|23.1|0.0
Aminopurvalanol-a|1|6.0|CC(C)[C@H](CO)Nc1nc(Nc2cc(N)cc(Cl)c2)c2ncn(C(C)C)c2n1|59|32.5|0.0|69.8|0.0|50.6|0.0|19.0|7.5|0.0|0.0|19.0|10.3|0.0
Aminopurvalanol-a|1|10.0|CC(C)[C@H](CO)Nc1nc(Nc2cc(N)cc(Cl)c2)c2ncn(C(C)C)c2n1|56|46.1|0.0|60.1|0.0|51.2|0.0|9.3|15.2|0.0|0.0|10.4|25.8|0.0
Flindokalner|1|30.0|COc1ccc(Cl)cc1[C@]1(F)C(=O)Nc2cc(C(F)(F)F)ccc21|87|36.6|0.0|0.0|69.0|0.0|66.5|48.0|70.9|26.6|55.5|0.0|70.2|68.7
Flindokalner|1|50.0|COc1ccc(Cl)cc1[C@]1(F)C(=O)Nc2cc(C(F)(F)F)ccc21|55|82.4|0.0|0.0|78.5|0.0|81.4|46.8|55.5|64.1|75.6|0.0|81.2|73.9
AC710|1|2.0|CCN1C(C)(C)CC(Oc2ccc(C(=O)Nc3ccc(NC(=O)Nc4cc(C(C)(C)C)on4)cc3)nc2)CC1(C)C|89|38.9|0.0|0.0|79.4|0.0|76.4|11.6|85.1|37.5|55.3|0.0|70.6|64.1
4-CMTB|1|10.0|CC(C)C(C(=O)Nc1nccs1)c1ccc(Cl)cc1|110|6.0|3.9|0.0|43.7|0.0|34.4|35.4|36.8|1.3|34.9|0.0|41.2|39.7
4-CMTB|1|30.0|CC(C)C(C(=O)Nc1nccs1)c1ccc(Cl)cc1|96|45.1|0.0|0.0|82.8|0.0|81.0|43.8|71.2|43.7|66.3|0.0|81.4|67.1
4-CMTB|1|50.0|CC(C)C(C(=O)Nc1nccs1)c1ccc(Cl)cc1|90|64.4|0.0|0.0|81.2|0.0|78.5|35.5|72.4|46.3|71.8|0.0|83.5|64.4
GSK-923295|1|1.0|CC(C)Oc1ccc(C(=O)N[C@H](CNC(=O)CN(C)C)Cc2ccc(-c3cn4cccc([C@H](C)O)c4n3)cc2)cc1Cl|54|68.2|0.0|17.5|68.1|0.0|74.1|17.2|59.7|57.7|68.7|0.0|84.1|35.2
GSK-923295|1|3.0|CC(C)Oc1ccc(C(=O)N[C@H](CNC(=O)CN(C)C)Cc2ccc(-c3cn4cccc([C@H](C)O)c4n3)cc2)cc1Cl|53|78.1|0.0|5.0|74.5|0.0|77.8|20.5|69.7|58.4|64.1|0.0|88.2|44.5
GSK-923295|1|10.0|CC(C)Oc1ccc(C(=O)N[C@H](CNC(=O)CN(C)C)Cc2ccc(-c3cn4cccc([C@H](C)O)c4n3)cc2)cc1Cl|65|70.3|0.0|0.0|72.7|0.0|73.2|19.3|86.3|39.0|58.7|0.0|77.9|52.1
AZD3229|1|10.0|COCCOc1cc(F)c2c(Nc3ccc(NC(=O)Cn4cc(C(C)C)nn4)cc3)ncnc2c1|96|6.9|29.1|0.0|24.9|36.5|24.6|12.6|59.1|0.0|26.2|0.0|38.2|30.8
AZD3229|1|30.0|COCCOc1cc(F)c2c(Nc3ccc(NC(=O)Cn4cc(C(C)C)nn4)cc3)ncnc2c1|87|42.0|0.0|0.0|72.7|0.0|72.2|34.9|89.3|36.9|42.9|0.0|79.1|51.9
AZD3229|1|50.0|COCCOc1cc(F)c2c(Nc3ccc(NC(=O)Cn4cc(C(C)C)nn4)cc3)ncnc2c1|71|46.5|0.0|42.0|51.0|0.0|58.4|33.3|73.2|32.1|29.6|0.0|70.6|17.5
ONC212|1|30.0|O=C1C2=C(CCN(Cc3ccccc3)C2)N2CCN=C2N1Cc1ccc(C(F)(F)F)cc1|93|15.5|50.5|0.0|8.2|28.2|0.0|39.4|36.5|0.0|9.6|13.2|26.6|35.0
ONC212|1|50.0|O=C1C2=C(CCN(Cc3ccccc3)C2)N2CCN=C2N1Cc1ccc(C(F)(F)F)cc1|95|31.8|13.3|0.0|53.7|0.0|48.5|39.6|68.2|10.4|41.3|0.0|53.7|54.0
NVS-PAK1-1|1|1.0|CC(C)NC(=O)N1CC[C@H](NC2=Nc3cc(F)ccc3N(CC(F)F)c3ccc(Cl)cc32)C1|104|6.6|0.0|0.0|77.1|0.0|68.7|20.0|68.4|35.2|65.3|0.0|76.8|54.2
NVS-PAK1-1|1|3.0|CC(C)NC(=O)N1CC[C@H](NC2=Nc3cc(F)ccc3N(CC(F)F)c3ccc(Cl)cc32)C1|91|38.7|0.0|0.0|69.9|0.0|63.5|29.6|76.6|31.9|49.0|0.0|76.2|60.7
NVS-PAK1-1|1|10.0|CC(C)NC(=O)N1CC[C@H](NC2=Nc3cc(F)ccc3N(CC(F)F)c3ccc(Cl)cc32)C1|85|41.8|11.0|0.0|59.0|0.0|50.7|31.9|73.4|22.4|38.4|0.0|76.4|63.0
SU3327|1|3.0|Nc1nnc(Sc2ncc([N+](=O)[O-])s2)s1|67|33.3|0.0|20.6|0.0|31.0|0.0|28.9|14.6|12.1|15.1|10.5|15.6|0.0
RO1138452|1|10.0|CC(C)Oc1ccc(Cc2ccc(NC3=NCCN3)cc2)cc1|78|74.6|0.0|0.0|82.6|0.0|80.5|21.1|91.6|44.8|61.1|0.0|83.1|62.0
GK921|1|1.0|C(#Cc1nc2ncccc2nc1OCCN1CCCC1)c1ccccc1|88|14.5|67.1|2.2|0.0|70.9|0.0|8.6|0.0|0.0|0.0|78.7|0.0|0.0
BAN-ORL-24|1|3.0|O=C(NCCCN1CCC2(CC1)OCc1ccccc12)[C@H]1CCCN1Cc1ccccc1|94|17.8|0.0|0.0|67.1|0.0|69.9|16.5|85.0|28.5|40.7|0.0|61.1|29.8
BAN-ORL-24|1|10.0|O=C(NCCCN1CCC2(CC1)OCc1ccccc12)[C@H]1CCCN1Cc1ccccc1|94|47.8|0.0|0.0|78.0|0.0|79.1|17.7|93.4|40.0|51.1|0.0|74.8|49.6
Afuresertib|1|1.0|Cn1ncc(Cl)c1-c1cc(C(=O)N[C@H](CN)Cc2cccc(F)c2)sc1Cl|103|10.4|63.1|0.0|0.0|78.8|0.0|24.8|0.0|0.0|0.0|68.1|0.0|0.0
Afuresertib|1|3.0|Cn1ncc(Cl)c1-c1cc(C(=O)N[C@H](CN)Cc2cccc(F)c2)sc1Cl|96|14.7|85.0|0.0|0.0|55.8|0.0|38.7|14.1|0.0|0.0|52.1|0.0|23.3
Afuresertib|1|10.0|Cn1ncc(Cl)c1-c1cc(C(=O)N[C@H](CN)Cc2cccc(F)c2)sc1Cl|85|42.0|24.0|0.0|57.6|0.0|55.9|28.8|87.4|14.6|31.9|0.0|55.4|57.7
Epothilone B|1|3.0|C/C(=C/c1csc(C)n1)[C@@H]1C[C@@H]2O[C@]2(C)CCC[C@H](C)[C@H](O)[C@@H](C)C(=O)C(C)(C)[C@@H](O)CC(=O)O1|51|72.2|0.0|34.0|50.0|0.0|58.8|46.4|34.9|45.5|72.4|0.0|70.1|36.3
Epothilone B|1|10.0|C/C(=C/c1csc(C)n1)[C@@H]1C[C@@H]2O[C@]2(C)CCC[C@H](C)[C@H](O)[C@@H](C)C(=O)C(C)(C)[C@@H](O)CC(=O)O1|52|66.0|0.0|32.7|44.5|0.0|55.5|54.4|34.6|46.6|64.3|0.0|71.2|32.0
Azeliragon|1|1.0|CCCCc1nc(-c2ccc(OCCCN(CC)CC)cc2)cn1-c1ccc(Oc2ccc(Cl)cc2)cc1|94|61.1|0.0|0.0|81.0|0.0|78.8|15.3|86.2|37.5|63.7|0.0|77.1|59.1
Ibutamoren mesylate|1|10.0|CC(C)(N)C(=O)N[C@H](COCc1ccccc1)C(=O)N1CCC2(CC1)CN(S(C)(=O)=O)c1ccccc12|95|17.4|8.9|0.0|56.9|0.0|54.6|26.6|84.5|8.9|29.2|0.0|59.5|49.7
Ingenol Mebutate|1|0.2|C/C=C(/C)C(=O)O[C@H]1C(C)=C[C@]23C(=O)[C@@H](C=C(CO)[C@@H](O)[C@]12O)[C@H]1[C@@H](C[C@H]3C)C1(C)C|89|36.8|9.9|0.0|21.9|28.1|28.6|0.0|29.4|16.2|41.1|0.0|34.4|43.7
Ingenol Mebutate|1|0.6|C/C=C(/C)C(=O)O[C@H]1C(C)=C[C@]23C(=O)[C@@H](C=C(CO)[C@@H](O)[C@]12O)[C@H]1[C@@H](C[C@H]3C)C1(C)C|89|26.1|59.5|0.0|0.0|75.5|0.0|5.8|5.8|0.0|0.0|41.3|0.0|29.0
Ingenol Mebutate|1|2.0|C/C=C(/C)C(=O)O[C@H]1C(C)=C[C@]23C(=O)[C@@H](C=C(CO)[C@@H](O)[C@]12O)[C@H]1[C@@H](C[C@H]3C)C1(C)C|96|31.3|72.0|0.0|0.0|85.5|0.0|5.3|0.0|0.0|0.0|75.0|0.0|0.0
ZK 93423 hydrochloride|1|30.0|CCOC(=O)c1ncc2[nH]c3ccc(OCc4ccccc4)cc3c2c1COC|72|44.4|0.0|0.0|58.7|0.0|61.8|46.1|62.7|41.5|48.0|0.0|71.8|60.4
NSC 625987|1|50.0|COc1ccc(OC)c2c(S)c3ccccc3nc12|89|7.3|0.0|23.2|47.6|0.0|62.0|25.7|65.9|21.6|28.0|0.0|42.1|19.5
CGP 53353|1|10.0|O=C1NC(=O)c2cc(Nc3ccc(F)cc3)c(Nc3ccc(F)cc3)cc21|95|12.4|0.0|0.0|18.0|0.0|8.2|31.6|35.2|0.0|1.6|0.0|33.7|3.0
CGP 53353|1|30.0|O=C1NC(=O)c2cc(Nc3ccc(F)cc3)c(Nc3ccc(F)cc3)cc21|68|62.9|0.0|0.0|70.5|0.0|70.1|48.5|72.7|37.6|56.1|0.0|80.1|62.6
FERb 033|1|10.0|O/N=C/c1ccc(-c2ccc(O)c(F)c2)c(Cl)c1O|98|10.2|16.9|0.0|63.0|0.0|59.1|34.6|65.5|18.6|43.7|0.0|56.0|69.3
FERb 033|1|30.0|O/N=C/c1ccc(-c2ccc(O)c(F)c2)c(Cl)c1O|91|44.9|1.9|0.0|76.4|0.0|78.5|42.4|76.3|39.0|62.6|0.0|68.3|75.5
FERb 033|1|50.0|O/N=C/c1ccc(-c2ccc(O)c(F)c2)c(Cl)c1O|89|57.3|7.9|0.0|71.9|0.0|72.9|46.0|74.5|31.3|60.8|0.0|65.3|73.4
A 987306|1|3.0|Nc1nc2c(c(N3CCNCC3)n1)CCC1=C2[C@@H]2CCCC[C@@H]2O1|101|25.0|0.0|0.0|71.7|0.0|68.6|22.7|87.5|23.1|41.4|0.0|72.3|51.5
A 987306|1|10.0|Nc1nc2c(c(N3CCNCC3)n1)CCC1=C2[C@@H]2CCCC[C@@H]2O1|99|41.1|0.0|0.0|65.8|0.0|65.6|23.0|90.2|20.0|36.3|0.0|67.5|51.6
A 987306|1|10.0|Nc1nc2c(c(N3CCNCC3)n1)CCC1=C2[C@@H]2CCCC[C@@H]2O1|100|43.7|0.0|0.0|71.8|0.0|68.9|9.5|96.1|25.5|39.2|0.0|66.0|49.1
A 987306|1|30.0|Nc1nc2c(c(N3CCNCC3)n1)CCC1=C2[C@@H]2CCCC[C@@H]2O1|78|77.7|0.0|0.0|69.3|0.0|65.8|5.0|87.3|24.8|41.6|0.0|69.7|49.5
A 987306|1|50.0|Nc1nc2c(c(N3CCNCC3)n1)CCC1=C2[C@@H]2CCCC[C@@H]2O1|86|82.9|0.0|0.0|73.5|0.0|68.6|6.3|85.0|29.7|50.3|0.0|73.2|54.1
M 25|1|30.0|CCCC(CCC)C(=O)NCc1ccc2c(cnn2-c2ccccc2OC)c1|87|21.2|0.0|0.0|49.6|0.0|59.7|53.1|60.4|17.9|30.2|0.0|58.3|34.7
M 25|1|50.0|CCCC(CCC)C(=O)NCc1ccc2c(cnn2-c2ccccc2OC)c1|87|35.6|0.7|0.0|56.6|0.0|60.9|53.9|73.0|21.4|38.5|0.0|62.4|52.9
Mirk-IN-1|1|10.0|COc1ncc2cc(C(=O)Nc3cc(C(=O)NCc4cccc(Cl)c4)ccc3Cl)c(O)nc2n1|74|35.1|0.0|24.9|45.9|0.0|48.7|0.0|45.1|43.9|24.7|0.0|60.0|7.1
Mirk-IN-1|1|30.0|COc1ncc2cc(C(=O)Nc3cc(C(=O)NCc4cccc(Cl)c4)ccc3Cl)c(O)nc2n1|59|44.4|13.9|8.0|18.5|53.9|18.7|4.8|44.7|8.0|5.5|1.3|38.1|26.7
Mirk-IN-1|1|50.0|COc1ncc2cc(C(=O)Nc3cc(C(=O)NCc4cccc(Cl)c4)ccc3Cl)c(O)nc2n1|69|42.3|2.4|24.6|5.2|64.0|6.6|0.0|29.1|8.5|0.0|9.5|26.5|8.6
TFC 007|1|30.0|O=C(Nc1ccc(N2CCC(C(=O)N3CCOCC3)CC2)cc1)c1cnc(Oc2ccccc2)nc1|89|7.8|54.4|4.6|0.0|86.6|0.0|25.5|0.0|0.0|0.0|67.9|0.0|0.0
KG 5|1|1.0|CSc1nc(N)cc(Oc2ccc(-c3n[nH]c(Nc4cccc(C(F)(F)F)c4)n3)cc2)n1|80|47.0|0.0|0.0|74.7|0.0|66.9|31.9|66.4|47.8|62.9|0.0|92.7|63.8
BAY-293|1|1.0|CNCc1ccccc1-c1csc([C@@H](C)Nc2nc(C)nc3cc(OC)c(OC)cc23)c1|95|46.1|0.0|0.0|70.3|0.0|68.4|12.5|92.9|28.3|38.5|0.0|67.8|47.9
BAY-293|2|1.0|CNCc1ccccc1-c1csc([C@@H](C)Nc2nc(C)nc3cc(OC)c(OC)cc23)c1|108|21.9|0.0|0.0|60.4|0.0|61.4|24.0|86.5|17.3|31.9|0.0|61.9|45.6
BAY-293|2|3.0|CNCc1ccccc1-c1csc([C@@H](C)Nc2nc(C)nc3cc(OC)c(OC)cc23)c1|100|59.2|0.0|0.0|70.7|0.0|68.2|2.4|91.6|26.4|34.6|0.0|65.8|45.9
BAY-293|2|5.0|CNCc1ccccc1-c1csc([C@@H](C)Nc2nc(C)nc3cc(OC)c(OC)cc23)c1|99|80.3|0.0|0.0|74.2|0.0|71.2|0.4|87.1|30.3|46.7|0.0|70.2|49.4
|1|1.0|CNCc1ccccc1-c1csc([C@H](C)Nc2nc(C)nc3cc(OC)c(OC)cc23)c1|99|53.4|0.0|0.0|74.1|0.0|73.2|10.6|91.9|32.7|42.2|0.0|70.4|45.9
|2|0.1|CNCc1ccccc1-c1csc([C@H](C)Nc2nc(C)nc3cc(OC)c(OC)cc23)c1|100|14.3|0.0|0.0|49.0|0.0|50.7|20.8|63.1|17.9|56.1|0.0|55.3|33.7
|2|0.3|CNCc1ccccc1-c1csc([C@H](C)Nc2nc(C)nc3cc(OC)c(OC)cc23)c1|98|37.5|0.0|0.0|75.4|0.0|76.8|13.2|93.4|36.1|41.4|0.0|66.1|46.0
|2|0.5|CNCc1ccccc1-c1csc([C@H](C)Nc2nc(C)nc3cc(OC)c(OC)cc23)c1|106|53.9|0.0|0.0|70.4|0.0|67.3|6.2|94.1|24.3|35.4|0.0|63.1|45.2
MLi-2|1|10.0|C[C@H]1CN(c2cc(-c3[nH]nc4ccc(OC5(C)CC5)cc34)ncn2)C[C@@H](C)O1|93|29.2|0.0|0.0|73.8|0.0|73.2|11.7|75.8|28.4|69.4|0.0|68.1|51.2
MLi-2|1|30.0|C[C@H]1CN(c2cc(-c3[nH]nc4ccc(OC5(C)CC5)cc34)ncn2)C[C@@H](C)O1|89|56.1|0.0|0.0|79.1|0.0|75.9|24.8|87.3|40.7|53.5|0.0|73.9|67.2
MLi-2|1|50.0|C[C@H]1CN(c2cc(-c3[nH]nc4ccc(OC5(C)CC5)cc34)ncn2)C[C@@H](C)O1|61|81.3|0.0|0.0|82.3|0.0|80.0|28.5|86.2|46.8|60.2|0.0|78.6|68.4
|1|3.0|Cn1cncc1[C@@](O)(COc1ccc(C#N)cc1-c1ccc(OC(F)(F)F)cc1)c1ccc(C#N)cc1|88|7.4|0.0|0.0|71.9|0.0|76.4|50.9|56.1|48.9|56.9|0.0|72.0|67.7
|1|5.0|Cn1cncc1[C@@](O)(COc1ccc(C#N)cc1-c1ccc(OC(F)(F)F)cc1)c1ccc(C#N)cc1|99|23.5|0.0|0.0|79.5|0.0|77.5|45.4|68.3|49.1|60.1|0.0|78.6|65.1
Ogerin negative control|2|30.0|Nc1nc(NCc2ccccc2)nc(-c2cccc(CO)c2)n1|96|11.4|0.0|0.0|85.7|0.0|85.9|29.3|75.0|54.4|56.4|0.0|81.8|61.4
Ogerin negative control|2|50.0|Nc1nc(NCc2ccccc2)nc(-c2cccc(CO)c2)n1|94|22.6|0.0|0.0|87.0|0.0|87.7|28.5|79.2|52.5|62.9|0.0|78.9|66.2
|1|5.0|Cc1c(C(=O)O)cc(-c2ccc(C3CCNCC3)cc2)c2ccc(-c3ccc(C(F)(F)F)cc3)cc12|102|14.2|0.0|0.0|83.2|0.0|84.0|18.3|66.7|56.1|57.5|0.0|71.8|64.8
|1|0.5|O=C(Nc1ccc(Oc2ccc(F)cc2)cc1)N1CCc2ncccc2[C@H]1c1ccc(F)cc1|106|8.3|22.2|0.0|43.2|0.0|49.2|53.0|53.0|8.0|35.9|0.0|37.9|48.5
|1|3.0|CN(C)c1ncnc(-c2ccc3[nH]c(Nc4cc(CN5CCN(C(=O)CC(F)(F)F)CC5)ccn4)nc3c2)c1Cl|100|13.1|0.0|4.9|65.5|0.0|77.4|36.4|72.7|42.9|41.0|0.0|62.0|30.8
|1|5.0|CN(C)c1ncnc(-c2ccc3[nH]c(Nc4cc(CN5CCN(C(=O)CC(F)(F)F)CC5)ccn4)nc3c2)c1Cl|93|9.2|0.0|0.0|53.8|0.0|62.7|47.1|75.5|27.7|32.8|0.0|65.3|37.1
|1|0.3|Cc1nc(Cc2cccc(C(F)(F)F)c2)sc1-c1ccc(C(N)=O)nc1|100|18.3|0.0|0.0|85.9|0.0|83.6|33.5|76.0|52.6|64.7|0.0|83.9|72.8
|1|0.5|Cc1nc(Cc2cccc(C(F)(F)F)c2)sc1-c1ccc(C(N)=O)nc1|78|35.2|0.0|0.0|78.5|0.0|73.7|39.6|72.0|49.1|64.6|0.0|86.6|69.0
|1|5.0|Cc1c(Oc2ccc(F)cc2)c(OC(C)C)nn1-c1ccc(C2CC2)cn1|105|10.4|10.0|1.2|0.0|0.0|0.0|8.0|0.0|5.9|0.0|41.5|0.0|0.0
|1|5.0|Cn1c(-c2csc(C3CCN(CC4=NC5C=CC=NC5N4)CC3)n2)nc2ccccc21|102|10.4|0.0|0.0|21.2|0.0|17.9|38.4|33.7|0.0|23.2|0.0|39.7|6.3
|1|5.0|CCC(=N\O)/C(C)=C/c1ccc(F)c(C)c1|100|6.2|0.0|0.0|71.2|0.0|67.3|0.0|77.2|45.2|39.4|0.0|66.7|46.3
|1|1.0|COc1ccc2c(c1)O[C@H](c1ccc(OC)c(OC)c1)C[C@@H]2NC(=O)C1(c2ccc3c(c2)OC(F)(F)O3)CC1|93|5.0|14.0|3.9|3.9|36.7|0.0|22.9|33.6|0.0|27.5|4.7|17.6|0.6
|1|3.0|COc1ccc2c(c1)O[C@H](c1ccc(OC)c(OC)c1)C[C@@H]2NC(=O)C1(c2ccc3c(c2)OC(F)(F)O3)CC1|99|6.2|13.1|0.0|6.3|39.2|0.0|37.0|40.6|0.0|0.0|23.2|24.4|0.0
|1|1.0|CN(C(=O)c1ccccc1)c1cc(N(C)c2ccc3c(c2)CCc2ccc(C(=O)NCCN4CCOCC4)cc2C3=O)ccc1F|99|12.4|18.1|0.0|48.6|0.0|45.0|24.8|69.3|9.3|35.6|0.0|49.7|45.9
|1|3.0|CN(C(=O)c1ccccc1)c1cc(N(C)c2ccc3c(c2)CCc2ccc(C(=O)NCCN4CCOCC4)cc2C3=O)ccc1F|90|58.0|0.0|0.0|84.5|0.0|84.9|31.8|75.5|49.6|63.3|0.0|73.3|76.2
|1|5.0|CN(C(=O)c1ccccc1)c1cc(N(C)c2ccc3c(c2)CCc2ccc(C(=O)NCCN4CCOCC4)cc2C3=O)ccc1F|105|69.8|0.0|0.0|84.7|0.0|84.0|27.5|72.3|52.3|68.3|0.0|71.7|78.4
|1|5.0|NS(=O)(=O)c1cc(NC(=O)C2(c3ccccc3Cl)CC2)ccc1Oc1cccc(Cl)c1|104|17.4|0.0|0.0|65.8|0.0|58.0|24.0|68.0|16.0|38.6|0.0|60.6|44.7
|1|1.0|C[C@@]1(Cc2ccc(C#N)cc2)C(=O)N(c2cc(Cl)cc(Cl)c2)c2ncc(C(=O)NC3(c4nc(C5CCC5)no4)CC3)n21|108|5.2|0.0|0.0|20.3|0.0|15.8|23.1|29.3|2.3|21.1|0.0|20.1|0.0
|1|3.0|C[C@@]1(Cc2ccc(C#N)cc2)C(=O)N(c2cc(Cl)cc(Cl)c2)c2ncc(C(=O)NC3(c4nc(C5CCC5)no4)CC3)n21|102|16.4|0.0|0.0|59.1|0.0|62.3|44.4|48.4|42.1|38.7|0.0|57.9|32.3
|1|5.0|C[C@@]1(Cc2ccc(C#N)cc2)C(=O)N(c2cc(Cl)cc(Cl)c2)c2ncc(C(=O)NC3(c4nc(C5CCC5)no4)CC3)n21|100|24.9|0.0|0.0|72.5|0.0|70.2|44.6|66.9|41.6|51.3|0.0|70.5|51.2
|1|5.0|Cc1nc(C2CCN(C(=O)c3ccc(OC(F)(F)F)cc3N)CC2)c2ncc(N3CCN(C)CC3)cc2n1|100|9.2|0.0|0.0|65.8|0.0|65.6|44.3|79.3|25.0|44.5|0.0|70.7|51.3
|1|1.0|COc1cc(-c2cn([C@H]3CCc4ccccc4N(CC(F)(F)F)C3=O)nn2)ccc1-n1ccc(C)n1|91|7.9|0.0|0.0|34.7|0.0|40.0|30.6|57.9|4.6|33.3|0.0|42.0|19.9
|1|3.0|COc1cc(-c2cn([C@H]3CCc4ccccc4N(CC(F)(F)F)C3=O)nn2)ccc1-n1ccc(C)n1|107|37.5|0.0|0.0|65.9|0.0|69.9|29.5|87.7|16.9|37.3|0.0|58.5|43.0
|1|5.0|COc1cc(-c2cn([C@H]3CCc4ccccc4N(CC(F)(F)F)C3=O)nn2)ccc1-n1ccc(C)n1|97|47.8|0.0|0.0|69.8|0.0|69.2|22.7|93.0|23.9|40.7|0.0|65.9|46.1
|1|3.0|O=C(O)c1cc(-c2ccc(C3CCNCC3)cc2)c2ccc(-c3ccc(C(F)(F)F)cc3)cc2c1|103|7.4|0.0|0.0|70.6|0.0|71.4|24.5|60.2|53.4|40.1|0.0|63.2|45.7
|1|5.0|O=C(O)c1cc(-c2ccc(C3CCNCC3)cc2)c2ccc(-c3ccc(C(F)(F)F)cc3)cc2c1|104|26.4|0.0|0.0|81.4|0.0|78.7|16.0|64.7|61.0|58.0|0.0|72.5|61.3
SR-318|1|0.3|Nc1c(C(=O)NCc2ccc(C(=O)NCCCC3CCCCC3)cc2)cnn1-c1ccccc1|105|5.4|57.4|0.0|0.0|54.5|0.0|10.1|19.3|0.0|9.8|17.1|0.1|32.2
SR-318|1|0.5|Nc1c(C(=O)NCc2ccc(C(=O)NCCCC3CCCCC3)cc2)cnn1-c1ccccc1|100|8.6|61.8|0.0|0.0|72.1|0.0|23.8|14.8|0.0|0.0|37.9|0.0|19.2
BAY-985|1|3.0|C[C@H](c1ccnc(Nc2nc3cc(-c4cc(N(C)C)ncn4)ccc3[nH]2)c1)N1CCN(C(=O)CC(F)(F)F)CC1|104|11.1|33.4|0.0|48.0|0.0|51.0|32.6|76.9|0.0|30.0|0.0|50.4|53.2
BAY-985|1|5.0|C[C@H](c1ccnc(Nc2nc3cc(-c4cc(N(C)C)ncn4)ccc3[nH]2)c1)N1CCN(C(=O)CC(F)(F)F)CC1|96|20.4|16.6|0.0|56.9|0.0|58.7|40.5|83.1|8.3|42.3|0.0|58.9|58.3
|1|1.0|Cc1c(Oc2c(F)cccc2F)c(OC(C)C)nn1-c1ncc(C2CC2)cc1F|90|32.3|58.7|16.1|0.0|74.9|0.0|10.8|0.0|0.0|0.0|92.7|0.0|0.0
|1|3.0|Cc1c(Oc2c(F)cccc2F)c(OC(C)C)nn1-c1ncc(C2CC2)cc1F|87|37.7|64.9|14.2|0.0|91.3|0.0|13.2|0.0|0.0|0.0|94.6|0.0|0.0
|1|5.0|Cc1c(Oc2c(F)cccc2F)c(OC(C)C)nn1-c1ncc(C2CC2)cc1F|88|42.3|61.0|17.5|0.0|85.5|0.0|13.6|0.0|0.0|0.0|95.6|0.0|0.0
|1|3.0|Cc1cnc(-c2cc(Cl)ccc2F)cc1-n1c(=O)n(CC(N)=O)c2cnccc21|103|11.7|0.0|0.0|75.0|0.0|77.1|12.5|52.1|54.2|54.1|0.0|71.4|46.0
|1|5.0|Cc1cnc(-c2cc(Cl)ccc2F)cc1-n1c(=O)n(CC(N)=O)c2cnccc21|105|12.4|0.0|0.0|76.5|0.0|71.4|13.6|56.3|52.4|53.8|0.0|75.5|55.0
|1|5.0|C1=CC2N=C(CN3CCC(c4nc(-c5cc6ccccc6o5)cs4)CC3)NC2N=C1|99|6.0|25.9|0.0|9.8|0.0|18.7|62.7|13.9|6.8|25.6|0.0|22.3|35.5
A-967079|1|5.0|CCC(=N\O)/C(C)=C/c1ccc(F)cc1|103|5.0|0.0|0.0|61.5|0.0|55.7|27.5|64.1|14.1|56.2|0.0|61.2|55.1
CLK-IN-T3|1|1.0|CN1CCN(C(=O)C(C)(C)c2ccc(C(=O)Nc3cn4cc(-c5ccncc5)ccc4n3)cc2)CC1|73|38.2|0.0|21.1|37.6|10.4|39.2|0.0|40.7|39.8|26.1|0.0|59.7|14.1
CLK-IN-T3|1|3.0|CN1CCN(C(=O)C(C)(C)c2ccc(C(=O)Nc3cn4cc(-c5ccncc5)ccc4n3)cc2)CC1|69|38.0|49.2|9.0|0.0|79.6|0.0|12.1|7.7|0.0|0.0|43.8|0.0|8.0
CLK-IN-T3|1|5.0|CN1CCN(C(=O)C(C)(C)c2ccc(C(=O)Nc3cn4cc(-c5ccncc5)ccc4n3)cc2)CC1|70|45.3|41.5|13.0|0.0|65.5|0.0|21.0|25.8|0.0|1.9|22.6|13.0|18.5
|1|1.0|O=C(NCCN1CCOCC1)c1ccc2c(c1)C(=O)c1ccc(Nc3ccc(F)c(NC(=O)c4ccccc4)c3)cc1CC2|101|9.2|22.1|0.0|55.6|0.0|56.0|36.1|62.9|16.3|40.7|0.0|58.3|69.4
|1|3.0|O=C(NCCN1CCOCC1)c1ccc2c(c1)C(=O)c1ccc(Nc3ccc(F)c(NC(=O)c4ccccc4)c3)cc1CC2|98|50.9|7.2|0.0|70.7|0.0|73.0|46.4|75.8|25.4|58.6|0.0|65.9|73.9
|1|5.0|O=C(NCCN1CCOCC1)c1ccc2c(c1)C(=O)c1ccc(Nc3ccc(F)c(NC(=O)c4ccccc4)c3)cc1CC2|94|67.7|1.7|0.0|77.6|0.0|76.9|42.0|72.4|37.4|66.1|0.0|69.6|78.1
Defactinib|1|0.3|CNC(=O)c1ccc(Nc2ncc(C(F)(F)F)c(NCc3nccnc3N(C)S(C)(=O)=O)n2)cc1|98|5.9|12.9|0.0|54.5|0.0|58.4|46.0|67.5|12.6|42.5|0.0|52.1|58.2
Defactinib|1|0.5|CNC(=O)c1ccc(Nc2ncc(C(F)(F)F)c(NCc3nccnc3N(C)S(C)(=O)=O)n2)cc1|98|7.1|40.0|0.0|42.0|0.0|47.3|32.5|56.5|6.2|39.6|0.0|31.0|56.8
|1|5.0|CCc1ccccc1C(=O)Nc1[nH]nc2c(C)c(F)c(C3C(C#N)=C(C)N(C)C(C)=C3C#N)cc12|102|5.2|0.0|0.0|73.3|0.0|61.5|5.4|71.3|34.4|43.5|0.0|68.3|38.6
ROCK-IN-2|1|0.3|Cc1c[nH]c2nccc(Oc3c(F)cc(Nc4cc(Cl)nc(N)n4)cc3F)c12|98|14.0|47.1|0.0|11.7|12.4|20.5|26.4|37.7|2.1|0.0|9.5|11.0|32.6
ROCK-IN-2|1|0.5|Cc1c[nH]c2nccc(Oc3c(F)cc(Nc4cc(Cl)nc(N)n4)cc3F)c12|92|23.3|5.1|0.0|52.0|0.0|61.1|40.7|64.9|33.5|44.8|0.0|57.7|56.5
U-0521|1|50.0|CC(C)C(=O)c1ccc(O)c(O)c1|95|8.5|44.0|13.1|0.0|46.6|0.0|33.7|0.0|0.0|0.0|55.1|0.0|0.0
BAI1|1|3.0|OC(CN1CCNCC1)Cn1c2ccc(Br)cc2c2cc(Br)ccc21|88|32.6|0.0|0.0|84.0|0.0|85.2|18.9|83.2|49.6|62.7|0.0|77.5|61.0
BAI1|1|10.0|OC(CN1CCNCC1)Cn1c2ccc(Br)cc2c2cc(Br)ccc21|99|59.9|0.0|0.0|76.7|0.0|75.8|25.6|84.5|33.3|55.4|0.0|74.6|70.0
BAI1|1|10.0|OC(CN1CCNCC1)Cn1c2ccc(Br)cc2c2cc(Br)ccc21|74|75.0|0.0|0.0|85.6|0.0|86.2|22.4|88.3|49.5|67.0|0.0|80.8|69.8
Nafamostat (mesylate)|1|50.0|N=C(N)Nc1ccc(C(=O)Oc2ccc3cc(C(=N)N)ccc3c2)cc1|89|5.9|0.0|15.9|10.8|0.0|15.1|54.0|22.8|0.0|22.8|0.0|35.3|14.3
LDN-27219|1|50.0|NNC(=O)CSc1nc2scc(-c3ccccc3)c2c(=O)n1-c1ccccc1|102|8.5|0.0|0.0|43.7|0.0|44.9|32.4|47.2|30.7|2.2|0.0|47.3|6.9
CYM-50358|1|1.0|Cc1cc(CN)cc(C)c1NC(=O)c1ccc(-c2cc(Cl)ccc2Cl)o1|99|8.3|0.0|0.0|60.9|0.0|59.2|19.1|68.8|22.4|59.8|0.0|62.4|38.5
CYM-50358|1|3.0|Cc1cc(CN)cc(C)c1NC(=O)c1ccc(-c2cc(Cl)ccc2Cl)o1|84|49.7|0.0|0.0|77.5|0.0|77.0|25.6|85.5|33.6|63.6|0.0|75.2|59.5
CYM-50358|1|10.0|Cc1cc(CN)cc(C)c1NC(=O)c1ccc(-c2cc(Cl)ccc2Cl)o1|80|83.6|0.0|0.0|77.1|0.0|73.5|12.3|86.1|36.6|50.7|0.0|74.6|56.3
Conivaptan (hydrochloride)|1|10.0|Cc1nc2c([nH]1)-c1ccccc1N(C(=O)c1ccc(NC(=O)c3ccccc3-c3ccccc3)cc1)CC2|104|29.2|0.0|0.0|65.1|0.0|64.4|34.2|84.7|10.6|32.5|0.0|65.7|46.4
Conivaptan (hydrochloride)|1|30.0|Cc1nc2c([nH]1)-c1ccccc1N(C(=O)c1ccc(NC(=O)c3ccccc3-c3ccccc3)cc1)CC2|100|62.9|0.0|0.0|72.7|0.0|72.4|22.3|92.6|26.4|38.1|0.0|68.2|53.1
Conivaptan (hydrochloride)|1|50.0|Cc1nc2c([nH]1)-c1ccccc1N(C(=O)c1ccc(NC(=O)c3ccccc3-c3ccccc3)cc1)CC2|85|75.0|0.0|0.0|76.4|0.0|73.6|17.1|91.2|30.0|45.6|0.0|69.4|57.8
Ogerin|1|50.0|Nc1nc(NCc2ccccc2)nc(-c2ccccc2CO)n1|100|6.4|0.0|0.0|82.3|0.0|76.6|17.1|71.8|35.9|58.8|0.0|67.2|69.6
UCSF924|1|50.0|Cc1ccc2nc(CNCCCOc3ccccc3)cc(O)c2c1|89|14.2|0.0|0.0|57.9|0.0|61.9|49.2|64.6|15.5|40.0|0.0|62.0|45.8
7-hydroxystaurosporine|1|0.2|CN[C@@H]1C[C@H]2O[C@@](C)([C@@H]1OC)n1c3ccccc3c3c4c(c5c6ccccc6n2c5c31)C(=O)N[C@H]4O|73|37.8|70.4|0.0|15.7|28.9|17.6|11.4|32.1|9.1|21.4|11.8|18.0|58.1
7-hydroxystaurosporine|1|0.6|CN[C@@H]1C[C@H]2O[C@@](C)([C@@H]1OC)n1c3ccccc3c3c4c(c5c6ccccc6n2c5c31)C(=O)N[C@H]4O|59|42.8|62.3|0.0|5.9|39.3|6.3|18.4|16.5|11.0|20.8|20.6|24.9|51.5
NHTD|1|10.0|CC(C)(C)c1cc2oc3c(c2c(/C=N/NC(=O)c2ccc(O)cc2O)c1O)CCCC3|73|30.4|49.4|0.3|0.0|82.6|0.0|4.6|9.6|0.0|0.0|51.9|0.0|0.5
|1|50.0|CC(C)(c1ccc(OCc2cccc(COc3ccc(C(=N)N)cc3)c2)cc1)c1ccc(O[C@@H]2O[C@H](C(=O)O)[C@@H](O)[C@H](O)[C@H]2O)cc1|94|13.5|0.0|7.8|27.0|0.0|29.4|40.2|43.0|0.0|16.0|0.0|42.7|9.3
CYM-5442|1|2.0|CCOc1ccc(-c2nc(-c3cccc4c3CCC4NCCO)no2)cc1OCC|100|16.6|0.0|0.0|65.7|0.0|68.4|36.3|75.3|20.6|46.0|0.0|66.4|52.0
CYM-5442|1|6.0|CCOc1ccc(-c2nc(-c3cccc4c3CCC4NCCO)no2)cc1OCC|96|71.2|0.0|0.0|87.5|0.0|88.4|24.6|87.5|47.2|62.1|0.0|80.1|66.7
CYM-5442|1|10.0|CCOc1ccc(-c2nc(-c3cccc4c3CCC4NCCO)no2)cc1OCC|90|83.4|0.0|0.0|87.5|0.0|84.4|18.7|85.9|46.4|64.8|0.0|80.9|69.4
BML-277|1|10.0|NC(=O)c1ccc2[nH]c(-c3ccc(Oc4ccc(Cl)cc4)cc3)nc2c1|97|11.2|60.4|16.5|0.0|78.7|0.0|11.7|0.0|0.0|0.0|63.0|0.0|0.0
BML-277|1|30.0|NC(=O)c1ccc2[nH]c(-c3ccc(Oc4ccc(Cl)cc4)cc3)nc2c1|88|27.3|5.9|0.0|59.0|0.0|68.0|50.9|63.8|33.0|43.2|0.0|61.4|69.2
BML-277|1|50.0|NC(=O)c1ccc2[nH]c(-c3ccc(Oc4ccc(Cl)cc4)cc3)nc2c1|80|74.6|0.0|0.0|71.0|0.0|73.7|49.7|58.6|53.3|63.3|0.0|72.4|75.6
BML-277|2|15.0|NC(=O)c1ccc2[nH]c(-c3ccc(Oc4ccc(Cl)cc4)cc3)nc2c1|88|12.1|32.4|26.1|0.0|67.5|0.0|36.9|0.0|0.0|0.0|58.1|0.0|0.0
BML-277|2|50.0|NC(=O)c1ccc2[nH]c(-c3ccc(Oc4ccc(Cl)cc4)cc3)nc2c1|78|55.6|0.0|0.0|66.1|0.0|70.7|42.7|56.8|41.6|64.3|0.0|65.7|75.6
BML-277|2|50.0|NC(=O)c1ccc2[nH]c(-c3ccc(Oc4ccc(Cl)cc4)cc3)nc2c1|81|53.4|0.0|0.0|59.4|0.0|66.2|59.7|49.7|47.7|55.9|0.0|71.5|74.6
BML-277|3|6.0|NC(=O)c1ccc2[nH]c(-c3ccc(Oc4ccc(Cl)cc4)cc3)nc2c1|99|18.8|63.4|13.9|0.0|81.6|0.0|22.4|0.0|0.0|0.0|84.9|0.0|0.0
BML-277|3|10.0|NC(=O)c1ccc2[nH]c(-c3ccc(Oc4ccc(Cl)cc4)cc3)nc2c1|90|16.8|53.3|29.6|0.0|79.6|0.0|34.4|0.0|0.0|0.0|78.9|0.0|0.0
Simeprevir|1|10.0|COc1ccc2c(O[C@@H]3C[C@H]4C(=O)N[C@]5(C(=O)NS(=O)(=O)C6CC6)C[C@H]5/C=C\CCCCN(C)C(=O)[C@@H]4C3)cc(-c3nc(C(C)C)cs3)nc2c1C|101|9.5|0.0|0.0|34.3|0.0|31.6|34.7|35.5|7.5|33.6|0.0|40.0|29.9
Simeprevir|1|30.0|COc1ccc2c(O[C@@H]3C[C@H]4C(=O)N[C@]5(C(=O)NS(=O)(=O)C6CC6)C[C@H]5/C=C\CCCCN(C)C(=O)[C@@H]4C3)cc(-c3nc(C(C)C)cs3)nc2c1C|74|47.3|0.0|0.0|60.7|0.0|59.4|8.6|44.4|56.1|50.3|0.0|63.1|75.2
|1|10.0|Cn1cncc1-c1cn(-c2cccc(C(=O)Nc3cccc(C(F)(F)F)c3)c2)nn1|84|27.5|0.0|0.0|51.8|0.0|49.7|28.6|72.6|0.0|31.0|0.0|63.6|36.0
|1|30.0|Cn1cncc1-c1cn(-c2cccc(C(=O)Nc3cccc(C(F)(F)F)c3)c2)nn1|96|57.5|0.0|0.0|70.1|0.0|68.4|43.0|81.4|21.0|54.4|0.0|75.6|61.2
|1|50.0|Cn1cncc1-c1cn(-c2cccc(C(=O)Nc3cccc(C(F)(F)F)c3)c2)nn1|77|47.0|0.0|0.0|60.6|0.0|61.6|53.7|59.9|29.7|58.3|0.0|71.1|60.1
|1|10.0|CCCN1CCC(C#N)(NC(=O)[C@H](CC(C)(C)C)NC(=O)N2CCOCC2)CC1|89|7.3|0.0|3.2|41.7|0.0|43.0|34.0|44.5|5.8|63.7|0.0|49.0|38.9
|1|50.0|CCCN1CCC(C#N)(NC(=O)[C@H](CC(C)(C)C)NC(=O)N2CCOCC2)CC1|97|21.6|0.0|0.0|56.8|0.0|55.3|23.3|78.6|9.4|31.8|0.0|64.6|41.6
|1|30.0|Cc1cc(OCCC(C)(C)O)cc(C)c1-c1ccc(F)c2c1CC[C@H]2Oc1ccc2c(c1)OC[C@H]2CC(=O)O|97|7.3|45.1|5.0|0.0|79.2|0.0|19.7|0.0|0.0|0.0|69.2|0.0|0.0
|1|10.0|CCCn1cc(-c2cc(C3C(=O)N(CC)c4ccc(C(F)(F)F)cc4N(c4ccccc4)C3=O)cc(OC)c2O)cn1|101|11.6|17.6|0.0|21.4|4.8|6.0|26.1|38.5|0.0|4.2|0.0|35.8|19.8
|1|30.0|CCCn1cc(-c2cc(C3C(=O)N(CC)c4ccc(C(F)(F)F)cc4N(c4ccccc4)C3=O)cc(OC)c2O)cn1|93|5.9|0.0|0.0|45.9|0.0|39.9|36.1|54.4|14.3|32.9|0.0|52.0|37.1
|1|30.0|O=C(Nc1cccc(C(F)(F)F)c1)c1cccc(-n2cc(-c3ccco3)nn2)c1|96|5.2|0.0|0.0|51.6|0.0|52.4|46.5|46.8|23.0|57.4|0.0|63.0|38.0
|1|50.0|O=C(Nc1cccc(C(F)(F)F)c1)c1cccc(-n2cc(-c3ccco3)nn2)c1|93|50.4|0.0|0.0|55.8|0.0|60.1|26.2|71.0|37.1|41.7|0.0|67.0|27.5
BI-4916|1|10.0|CCOC(=O)CS(=O)(=O)c1ccc([C@@H](CO)NC(=O)c2cc3c(Cl)c(Cl)c(C)cc3n2C)cc1|88|20.2|0.0|0.0|60.1|0.0|52.2|28.0|58.7|17.7|60.0|0.0|72.8|62.4
BI-4916|1|30.0|CCOC(=O)CS(=O)(=O)c1ccc([C@@H](CO)NC(=O)c2cc3c(Cl)c(Cl)c(C)cc3n2C)cc1|66|57.9|0.0|0.0|81.0|0.0|80.3|34.6|61.3|54.0|65.6|0.0|81.5|67.6
|1|10.0|COCCOCn1c(S(C)(=O)=O)nc2c1c(=O)n(C)c(=O)n2C|96|20.2|24.3|0.0|3.4|35.4|0.0|7.6|10.1|0.0|43.4|1.7|27.4|33.7
|1|30.0|COCCOCn1c(S(C)(=O)=O)nc2c1c(=O)n(C)c(=O)n2C|79|15.0|49.1|14.7|0.0|71.4|0.0|21.1|0.0|0.0|0.0|41.8|0.0|7.4
|1|50.0|COCCOCn1c(S(C)(=O)=O)nc2c1c(=O)n(C)c(=O)n2C|61|30.1|39.2|25.9|0.0|75.7|0.0|18.7|0.0|0.0|0.0|36.5|2.3|6.3
|1|10.0|CS(C)(=O)=Nc1ccc(-c2ccc(-c3nc4[nH]c(O[C@@H]5CO[C@@H]6[C@H](O)CO[C@H]56)nc4cc3Cl)cc2)cc1|93|18.7|30.3|0.0|31.2|12.3|24.8|32.9|43.4|4.7|12.1|0.0|52.6|60.1
|1|30.0|CS(C)(=O)=Nc1ccc(-c2ccc(-c3nc4[nH]c(O[C@@H]5CO[C@@H]6[C@H](O)CO[C@H]56)nc4cc3Cl)cc2)cc1|87|14.2|5.1|0.0|42.4|0.0|35.7|41.8|41.0|16.6|26.7|0.0|60.7|58.6
|1|50.0|CS(C)(=O)=Nc1ccc(-c2ccc(-c3nc4[nH]c(O[C@@H]5CO[C@@H]6[C@H](O)CO[C@H]56)nc4cc3Cl)cc2)cc1|91|41.8|0.0|0.0|65.8|0.0|63.6|38.2|67.0|38.1|39.2|0.0|76.6|59.0
|1|10.0|N=C(N)NCCC[C@H](NC(=O)CC1(CC(=O)N2CCN(C(c3ccccc3)c3ccccc3)CC2)CCCC1)C(=O)NCc1ccccc1|98|24.7|0.0|0.0|56.5|0.0|62.8|25.4|78.8|16.9|24.0|0.0|56.2|25.9
|1|30.0|N=C(N)NCCC[C@H](NC(=O)CC1(CC(=O)N2CCN(C(c3ccccc3)c3ccccc3)CC2)CCCC1)C(=O)NCc1ccccc1|93|33.2|0.0|0.0|71.9|0.0|72.4|24.7|80.1|29.6|56.9|0.0|73.1|49.6
|1|10.0|N=C(N)NCCC[C@H](NC(=O)CC1(CC(=O)N2CCN(C3c4ccccc4NC(=O)c4ccccc43)CC2)CCCC1)C(=O)NCCn1c(=O)n(-c2ccccc2)n(-c2ccccc2)c1=O|94|9.8|0.0|4.2|35.3|0.0|41.6|39.5|44.2|9.1|24.6|0.0|41.7|4.6
|1|30.0|N=C(N)NCCC[C@H](NC(=O)CC1(CC(=O)N2CCN(C3c4ccccc4NC(=O)c4ccccc43)CC2)CCCC1)C(=O)NCCn1c(=O)n(-c2ccccc2)n(-c2ccccc2)c1=O|98|25.4|0.0|0.0|60.5|0.0|65.7|35.2|65.2|35.5|46.1|0.0|60.8|20.1
|1|50.0|N=C(N)NCCC[C@H](NC(=O)CC1(CC(=O)N2CCN(C3c4ccccc4NC(=O)c4ccccc43)CC2)CCCC1)C(=O)NCCn1c(=O)n(-c2ccccc2)n(-c2ccccc2)c1=O|104|6.2|0.0|0.0|61.0|0.0|55.4|27.8|59.6|22.4|57.6|0.0|56.4|29.6
TAK-243|2|0.3|NS(=O)(=O)OC[C@H]1C[C@@H](Nc2ccnc3cc(-c4cccc(SC(F)(F)F)c4)nn23)[C@H](O)[C@@H]1O|68|51.6|0.0|9.7|52.3|0.0|58.5|0.7|52.8|45.2|51.7|0.0|58.3|42.9
TAS4464|1|1.0|CCOc1cccc(F)c1C#Cc1cn([C@@H]2O[C@H](CNS(N)(=O)=O)[C@@H](O)[C@H]2O)c2ncnc(N)c12|71|63.7|0.0|41.3|22.3|35.2|23.1|0.0|32.9|17.8|17.8|0.0|52.0|8.5
TAS4464|1|3.0|CCOc1cccc(F)c1C#Cc1cn([C@@H]2O[C@H](CNS(N)(=O)=O)[C@@H](O)[C@H]2O)c2ncnc(N)c12|67|63.2|0.0|30.5|25.4|32.3|24.4|0.0|38.8|24.1|22.0|0.0|54.4|15.7
TAS4464|1|10.0|CCOc1cccc(F)c1C#Cc1cn([C@@H]2O[C@H](CNS(N)(=O)=O)[C@@H](O)[C@H]2O)c2ncnc(N)c12|60|58.0|0.0|11.1|58.7|0.0|62.8|12.2|63.2|51.3|49.3|0.0|72.4|45.0
TAS4464|2|0.1|CCOc1cccc(F)c1C#Cc1cn([C@@H]2O[C@H](CNS(N)(=O)=O)[C@@H](O)[C@H]2O)c2ncnc(N)c12|79|54.7|0.0|53.6|38.9|0.0|47.4|6.2|32.0|36.8|39.8|0.0|61.1|7.7
TAS4464|2|0.3|CCOc1cccc(F)c1C#Cc1cn([C@@H]2O[C@H](CNS(N)(=O)=O)[C@@H](O)[C@H]2O)c2ncnc(N)c12|74|50.1|0.0|51.8|27.9|5.4|32.9|0.0|29.2|31.2|29.5|0.0|53.7|5.1
TAS4464|2|1.0|CCOc1cccc(F)c1C#Cc1cn([C@@H]2O[C@H](CNS(N)(=O)=O)[C@@H](O)[C@H]2O)c2ncnc(N)c12|72|54.4|0.0|43.7|14.6|39.5|15.6|4.3|32.5|11.0|17.2|0.0|47.3|2.2
BAY1125976|1|1.0|NC(=O)c1ccc2nc(-c3ccc(C4(N)CCC4)cc3)c(-c3ccccc3)n2n1|88|12.1|63.9|0.0|0.0|56.2|5.6|37.1|29.1|0.0|9.9|24.8|0.0|27.8
BAY1125976|1|3.0|NC(=O)c1ccc2nc(-c3ccc(C4(N)CCC4)cc3)c(-c3ccccc3)n2n1|101|19.9|60.7|0.0|12.1|39.2|15.9|29.8|51.0|0.0|20.3|12.7|11.5|34.7
BAY1125976|1|10.0|NC(=O)c1ccc2nc(-c3ccc(C4(N)CCC4)cc3)c(-c3ccccc3)n2n1|94|53.7|0.2|0.0|64.5|0.0|63.1|21.0|89.2|18.7|38.1|0.0|63.0|49.4
BAY1125976|2|0.1|NC(=O)c1ccc2nc(-c3ccc(C4(N)CCC4)cc3)c(-c3ccccc3)n2n1|111|6.6|63.8|0.0|0.0|40.8|0.0|11.1|0.0|0.0|0.0|53.6|0.0|0.0
BAY1125976|2|0.3|NC(=O)c1ccc2nc(-c3ccc(C4(N)CCC4)cc3)c(-c3ccccc3)n2n1|105|6.9|78.8|0.0|0.0|83.3|0.0|0.0|0.0|0.0|0.0|79.6|0.0|0.0
BAY1125976|2|1.0|NC(=O)c1ccc2nc(-c3ccc(C4(N)CCC4)cc3)c(-c3ccccc3)n2n1|97|7.3|76.3|0.0|0.0|69.0|0.0|40.7|12.3|0.0|4.4|45.3|0.0|22.6
Apcin|1|10.0|Cc1ncc([N+](=O)[O-])n1CCOC(=O)NC(Nc1ncccn1)C(Cl)(Cl)Cl|95|7.4|0.0|10.0|65.3|0.0|70.6|29.5|39.9|41.0|64.3|0.0|64.0|34.5
Centrinone-B|1|1.0|COc1c(Nc2cc(C)[nH]n2)nc(Sc2ccc(S(=O)(=O)Cc3cccc([N+](=O)[O-])c3F)cc2F)nc1N1CCCCC1|97|19.2|0.0|0.0|80.5|0.0|76.7|17.7|88.7|39.4|53.2|0.0|72.9|56.7
Centrinone-B|1|3.0|COc1c(Nc2cc(C)[nH]n2)nc(Sc2ccc(S(=O)(=O)Cc3cccc([N+](=O)[O-])c3F)cc2F)nc1N1CCCCC1|98|49.9|0.0|0.0|81.9|0.0|79.4|23.7|87.5|37.8|55.3|0.0|71.1|55.4
Centrinone-B|1|10.0|COc1c(Nc2cc(C)[nH]n2)nc(Sc2ccc(S(=O)(=O)Cc3cccc([N+](=O)[O-])c3F)cc2F)nc1N1CCCCC1|90|57.2|0.0|0.0|79.3|0.0|78.7|34.8|78.0|37.8|59.8|0.0|70.5|64.9
Centrinone-B|2|1.0|COc1c(Nc2cc(C)[nH]n2)nc(Sc2ccc(S(=O)(=O)Cc3cccc([N+](=O)[O-])c3F)cc2F)nc1N1CCCCC1|105|27.5|0.0|0.0|71.1|0.0|72.5|26.3|79.8|18.7|47.9|0.0|63.6|47.7